Batting Style,Playing Role,Innings_T20_batting,Innings_Test_batting,NO_T20,NO_Test,Runs_T20_batting,Runs_Test_batting,HS_T20,HS_Test,Ave_ODI_batting,Ave_T20_batting,Ave_Test_batting,BF_T20,SR_T20_batting,100_T20,100_Test,50_T20,50_Test,0_T20,0_Test,T20_Matches,Test_Matches,Country,SpanStart_Test,SpanStart_T20,AgeStart_Test,AgeStart_T20
0,1,1,13,1,0,6,310,6,82,28.8,0.0,23.84,7,85.71,0,0,0,1,0,1,1,7,5,2023,2024,24.64383562,25.64383562
1,1,106,18,4,1,2392,401,83,95,32.0,23.45,23.58,1941,123.23,0,0,12,4,6,3,110,9,4,2018,2015,27.58630137,24.58630137
0,0,16,10,8,2,65,135,11,43,12.12,8.12,16.87,72,90.27,0,0,0,0,2,3,33,6,1,2018,2012,24.81917808,18.81917808
1,0,11,41,4,5,337,1462,85,162,39.75,48.14,40.61,199,169.34,0,2,2,10,2,4,14,26,3,2004,2005,29.08,30.08
1,1,2,28,0,0,23,657,15,104,30.3,11.5,23.46,39,58.97,0,1,0,4,0,2,2,15,5,2009,2010,19.290410960000003,20.290410960000003
1,1,5,31,2,7,139,1485,51,269,45.78,46.33,61.87,114,121.92,0,5,1,4,0,2,7,20,3,2015,2007,35.81917808,27.81917808
1,1,75,21,8,0,2074,573,116,94,37.79,30.95,27.28,1499,138.35,1,0,12,5,5,0,75,11,8,2015,2011,26.56986301,22.56986301
1,0,73,193,22,26,1416,7608,81,200,40.24,27.76,45.55,1175,120.51,0,16,6,41,1,5,90,109,1,2009,2009,22.15616438,22.15616438
1,0,71,1,24,0,1033,2,71,2,27.21,21.97,2.0,631,163.7,0,0,3,0,9,0,82,1,5,2010,2011,22.24931507,23.24931507
1,1,103,10,12,0,3120,278,172,62,38.89,34.28,27.8,2189,142.53,2,0,19,2,8,1,103,5,3,2018,2011,31.69863014,24.69863014
1,0,1,33,0,4,11,760,11,163,21.04,11.0,26.2,10,110.0,0,1,0,3,0,7,2,21,6,2002,2006,26.99726027,30.99726027
1,1,6,16,0,1,126,325,63,83,25.33,21.0,21.66,84,150.0,0,0,1,2,0,1,7,8,7,2008,2009,28.849315070000003,29.849315070000003
0,1,4,178,0,6,73,7037,33,177,35.63,18.25,40.91,64,114.06,0,21,0,27,1,15,4,100,8,2004,2005,27.408219180000003,28.408219180000003
1,1,44,67,7,1,1241,2398,70,152,36.56,33.54,36.33,864,143.63,0,7,9,10,2,6,48,37,6,2017,2019,22.81917808,24.81917808
0,0,25,4,7,2,166,19,27,9,25.84,9.22,9.5,153,108.49,0,0,0,0,7,1,42,4,6,2017,2017,21.40547945,21.40547945
0,0,1,36,0,3,8,886,8,92,18.96,8.0,26.84,8,100.0,0,0,0,6,0,6,1,19,0,2001,2010,22.994520549999997,31.994520549999997
1,1,20,144,2,12,375,5077,61,188,35.26,20.83,38.46,331,113.29,0,12,1,26,2,10,20,85,10,2013,2011,25.14520548,23.14520548
0,1,4,291,0,16,61,12472,26,294,36.4,15.25,45.35,54,112.96,0,33,0,57,0,9,4,161,8,2006,2007,21.59452055,22.59452055
1,1,2,64,0,4,14,2093,8,182,28.0,7.0,34.88,19,73.68,0,5,0,8,0,3,2,36,6,2010,2010,29.67671233,29.67671233
1,0,2,2,1,0,13,18,7,11,17.45,13.0,9.0,12,108.33,0,0,0,0,0,0,4,1,7,2002,2005,27.032876709999996,30.032876709999996
0,0,18,15,6,2,155,397,36,86,17.95,12.91,30.53,132,117.42,0,0,0,3,1,1,32,8,4,2019,2014,26.24657534,21.24657534
0,0,37,22,14,4,463,646,65,84,18.8,20.13,35.88,321,144.23,0,0,1,4,2,1,62,14,10,2021,2015,27.52328767,21.52328767
0,1,26,47,5,5,233,1339,37,111,32.98,11.09,31.88,215,108.37,0,1,0,8,2,3,38,32,3,2021,2018,29.92328767,26.92328767
1,1,6,32,1,2,64,1330,41,201,34.66,12.8,44.33,53,120.75,0,4,0,5,4,4,6,17,9,2021,2020,21.69041096,20.69041096
1,1,8,10,0,1,141,214,48,48,17.6,17.62,23.77,172,81.97,0,0,0,0,0,1,8,6,2,2018,2013,24.96986301,19.96986301
1,1,11,31,1,3,228,582,62,82,24.73,22.8,20.78,178,128.08,0,0,1,1,0,4,11,16,11,2004,2006,18.71780822,20.71780822
1,1,59,25,2,1,1471,982,111,176,32.56,25.8,40.91,1282,114.74,1,3,7,4,2,1,59,13,9,2013,2009,21.682191779999997,17.682191779999997
1,0,7,34,2,1,57,584,19,85,19.6,11.4,17.69,85,67.05,0,0,0,2,2,6,7,17,11,2002,2007,18.57534247,23.57534247
1,1,7,26,4,1,35,530,9,145,23.35,11.66,21.2,41,85.36,0,1,0,2,0,3,10,13,11,2000,2019,32.48767123,51.48767123
1,0,9,6,5,2,40,83,21,34,3.28,10.0,20.75,38,105.26,0,0,0,0,1,0,33,4,2,2019,2013,27.956164379999997,21.956164379999997
1,1,20,10,2,0,445,100,58,23,29.39,24.72,10.0,395,112.65,0,0,1,0,1,1,20,5,11,2013,2012,20.61917808,19.61917808
1,0,8,4,4,1,59,88,18,41,0.0,14.75,29.33,61,96.72,0,0,0,0,1,0,9,2,11,2018,2018,25.69589041,25.69589041
1,1,10,128,0,6,192,4660,38,137,24.74,19.2,38.19,185,103.78,0,12,0,27,0,13,10,77,9,2010,2010,24.501369859999997,24.501369859999997
1,1,68,10,5,0,1382,440,62,164,24.73,21.93,44.0,1247,110.82,0,1,4,3,5,1,75,6,2,2018,2010,30.591780819999997,22.591780819999997
1,1,13,1,3,0,88,14,30,14,23.2,8.8,14.0,66,133.33,0,0,0,0,4,0,14,1,9,1996,2021,27.410958899999997,52.4109589
1,0,6,2,2,0,41,7,19,7,12.1,10.25,3.5,40,102.5,0,0,0,0,0,1,8,1,0,2023,2022,26.34794521,25.34794521
1,0,9,7,5,0,65,82,28,56,14.66,16.25,11.71,51,127.45,0,0,0,1,1,2,11,4,0,2018,2018,21.40273973,21.40273973
0,0,36,190,9,8,585,6508,52,258,41.22,21.66,35.75,457,128.0,0,13,1,34,1,15,43,105,8,2013,2011,22.150684929999997,20.150684929999997
1,1,3,14,0,0,21,254,19,80,13.28,7.0,18.14,31,67.74,0,0,0,2,1,2,3,7,0,2014,2019,22.45479452,27.45479452
1,1,70,176,10,9,2140,6453,123,302,30.41,35.66,38.64,1571,136.21,2,12,13,31,3,14,71,101,7,2004,2005,22.838356159999996,23.838356159999996
1,1,29,112,6,13,402,3266,47,169,31.53,17.47,32.98,351,114.52,0,4,0,18,2,8,34,66,3,2008,2006,30.76712329,28.76712329
1,1,11,11,4,2,183,503,36,203,30.26,26.14,55.88,144,127.08,0,1,0,2,0,0,15,6,3,2005,2007,30.58356164,32.58356164
1,1,4,117,0,16,38,3790,22,205,24.91,9.5,37.52,58,65.51,0,8,0,19,0,10,5,75,7,2009,2009,24.05479452,24.05479452
1,1,69,118,2,4,1684,4112,86,245,32.98,25.13,36.07,1250,134.72,0,9,14,18,5,12,69,63,1,2015,2016,20.48767123,21.48767123
0,1,12,43,2,3,315,1642,70,182,39.5,31.5,41.05,217,145.16,0,3,1,9,0,2,12,23,8,2016,2019,21.78356164,24.78356164
1,1,6,37,1,4,128,1091,78,102,18.5,25.6,33.06,114,112.28,0,1,1,7,0,2,7,21,1,2019,2019,27.28767123,27.28767123
1,1,45,68,6,4,934,2320,75,171,35.55,23.94,36.25,790,118.22,0,6,6,12,5,3,45,34,0,2004,2006,18.47671233,20.47671233
1,1,0,46,0,7,0,1139,0,113,0.0,0.0,29.2,0,0.0,0,2,0,4,0,3,1,25,8,2018,2019,25.45205479,26.45205479
1,1,116,94,15,9,4145,3898,122,196,56.72,41.03,45.85,3211,129.08,3,9,36,26,6,7,123,52,9,2016,2016,21.7890411,21.7890411
1,0,49,12,8,0,849,297,72,111,34.22,20.7,24.75,675,125.77,0,1,3,0,4,3,56,6,4,2023,2021,24.2739726,22.2739726
1,0,8,43,0,5,139,1377,61,174,39.42,17.37,36.23,80,173.75,0,2,2,6,0,3,8,28,3,2020,2022,21.15342466,23.15342466
1,0,34,2,16,0,291,22,31,22,25.05,16.16,11.0,274,106.2,0,0,0,0,6,1,42,1,1,2019,2021,23.16712329,25.16712329
1,1,23,2,5,0,318,10,44,10,23.1,17.66,5.0,303,104.95,0,0,0,0,2,1,30,1,0,2024,2022,24.29589041,22.29589041
0,1,62,2,7,0,1724,15,109,15,24.92,31.34,7.5,1102,156.44,3,0,11,0,5,1,65,1,7,2013,2012,26.383561640000003,25.383561640000003
1,0,39,44,7,7,505,1432,59,120,26.5,15.78,38.7,365,138.35,0,2,3,8,6,6,41,29,7,2016,2012,30.019178080000003,26.019178080000003
1,1,17,4,0,0,225,13,40,10,6.62,13.23,3.25,203,110.83,0,0,0,0,5,1,19,2,5,2009,2014,24.071232879999997,29.071232879999997
1,1,7,91,1,10,187,3116,57,142,28.18,31.16,38.46,117,159.82,0,6,1,19,0,7,8,55,7,1997,2005,20.876712329999997,28.876712329999997
1,0,13,7,4,0,133,173,55,69,20.3,14.77,24.71,102,130.39,0,0,1,1,3,0,23,4,6,2016,2012,29.24657534,25.24657534
1,1,35,10,0,0,667,175,67,60,23.12,19.05,17.5,609,109.52,0,0,5,1,4,0,36,5,0,2016,2006,29.89589041,19.89589041
1,1,3,2,0,0,16,4,8,3,41.43,5.33,2.0,19,84.21,0,0,0,0,1,0,3,1,3,2016,2009,31.68767123,24.68767123
1,1,12,4,2,0,127,88,30,37,24.44,12.7,22.0,90,141.11,0,0,0,0,2,0,13,2,0,2005,2010,22.39178082,27.39178082
1,1,38,15,7,3,703,418,50,96,21.09,22.67,34.83,591,118.95,0,0,1,4,0,1,43,8,1,2006,2006,19.42739726,19.42739726
1,1,44,7,14,2,984,146,85,46,33.96,32.8,29.2,740,132.97,0,0,5,0,3,0,47,4,3,2008,2007,24.94794521,23.94794521
1,1,1,23,0,4,13,360,13,55,17.64,13.0,18.94,11,118.18,0,0,0,1,0,5,1,15,8,1999,2006,20.969863009999997,27.969863009999997
1,0,27,5,6,1,310,181,37,69,16.44,14.76,45.25,274,113.13,0,0,0,3,3,1,41,3,5,2015,2011,27.030136990000003,23.030136990000003
0,1,70,42,4,2,1449,1344,70,160,33.09,21.95,33.6,1370,105.76,0,3,9,5,5,2,71,21,0,2011,2010,25.94520548,24.94520548
1,0,17,83,8,15,147,1888,37,137,23.81,16.33,27.76,117,125.64,0,1,0,7,2,9,33,51,8,2013,2011,24.408219180000003,22.408219180000003
1,1,3,36,0,2,10,610,7,68,20.08,3.33,17.94,12,83.33,0,0,0,3,0,1,3,21,5,2003,2008,21.098630139999997,26.098630139999997
1,0,4,5,1,2,39,25,25,11,8.0,13.0,8.33,38,102.63,0,0,0,0,0,0,9,3,0,2016,2020,21.23013699,25.23013699
1,0,14,2,3,0,134,41,32,33,14.75,12.18,20.5,144,93.05,0,0,0,0,2,0,15,1,0,2020,2013,29.605479449999997,22.605479449999997
1,1,1,86,0,2,26,2160,26,135,25.54,26.0,25.71,31,83.87,0,3,0,9,0,9,1,48,5,1998,2006,19.539726029999997,27.539726029999997
1,1,13,4,1,0,273,120,65,57,19.2,22.75,30.0,233,117.16,0,0,1,1,1,0,13,2,0,2021,2021,19.35616438,19.35616438
1,0,17,10,5,1,261,105,77,9,16.0,21.75,10.58,159,164.15,0,0,1,0,2,2,30,3,6,2019,2017,30.33424658,28.33424658
1,1,50,126,16,14,636,2898,55,166,25.0,18.7,25.87,551,115.42,0,4,1,15,3,9,71,74,5,2005,2006,20.37808219,21.37808219
0,1,110,205,12,8,3277,8786,100,335,45.3,33.43,44.59,2300,142.47,1,26,28,37,6,13,110,112,3,2011,2009,24.75616438,22.75616438
1,1,12,10,3,2,225,455,84,116,27.38,25.0,56.87,178,126.4,0,1,2,3,2,1,12,6,1,2016,2016,30.55616438,30.55616438
1,1,8,2,2,0,51,31,31,19,14.0,8.5,15.5,54,94.44,0,0,0,0,0,0,12,1,5,2022,2009,32.71232877,19.71232877
1,1,5,25,0,1,6,711,5,109,25.78,1.2,29.62,18,33.33,0,1,0,4,3,3,5,14,7,2011,2010,27.0,26.0
1,0,74,71,17,1,1255,2200,66,113,25.36,22.01,31.42,1091,115.03,0,3,4,13,5,6,91,40,5,2004,2006,20.810958900000003,22.810958900000003
0,1,60,39,8,0,1892,1074,103,140,55.76,36.38,27.53,1428,132.49,1,1,16,9,2,2,62,22,8,2017,2017,29.904109589999997,29.904109589999997
1,0,63,37,13,5,1296,1608,72,190,52.56,25.92,50.25,939,138.01,0,5,7,10,2,1,67,23,7,2019,2019,28.19178082,28.19178082
1,0,4,4,0,0,113,46,50,24,18.83,28.25,11.5,80,141.25,0,0,1,0,0,0,4,3,8,1999,2007,25.18356164,33.18356164
0,1,22,102,3,5,405,3538,43,218,30.18,21.31,36.47,379,106.86,0,8,0,17,3,5,26,56,5,2010,2010,21.47671233,21.47671233
1,1,1,6,0,0,0,125,0,69,25.57,0.0,20.83,1,0.0,0,0,0,1,1,1,1,3,5,2009,2009,33.03561644,33.03561644
1,0,44,96,4,8,847,3582,66,173,25.9,21.17,40.7,731,115.86,0,12,3,14,2,8,45,54,1,2016,2015,24.89589041,23.89589041
0,1,46,37,9,1,1408,1497,99,200,44.5,38.05,41.58,1102,127.76,0,4,10,8,1,3,50,20,7,2021,2020,30.057534250000003,29.057534250000003
0,1,5,45,0,5,59,1038,23,95,15.2,11.8,25.95,51,115.68,0,0,0,6,0,8,5,24,7,2008,2008,23.28493151,23.28493151
1,1,4,109,0,14,120,4406,96,165,40.8,30.0,46.37,74,162.16,0,13,1,23,0,7,4,67,3,1992,2005,20.772602740000004,33.77260274
1,0,32,14,0,1,582,320,72,105,18.57,18.18,24.61,474,122.78,0,1,3,0,1,4,33,10,5,2004,2006,21.29589041,23.29589041
0,1,6,76,0,2,203,1760,61,108,24.62,33.83,23.78,161,126.08,0,1,2,8,0,7,6,43,5,2003,2007,21.772602740000004,25.772602740000004
1,1,3,2,0,0,38,24,22,18,31.0,12.66,12.0,36,105.55,0,0,0,0,1,0,3,1,0,2012,2011,26.93150685,25.93150685
0,1,1,12,0,0,22,111,22,29,14.62,22.0,9.25,20,110.0,0,0,0,0,0,3,1,6,5,1997,2009,25.01643836,37.01643836
0,0,33,27,8,1,311,687,31,91,10.66,12.44,26.42,241,129.04,0,0,0,4,4,4,48,17,9,2018,2017,24.53424658,23.53424658
0,1,84,6,3,0,1848,192,91,94,46.56,22.81,32.0,1390,132.94,0,0,11,2,6,0,92,3,9,2018,2017,28.30136986,27.30136986
0,1,17,30,6,4,194,1011,28,168,40.25,17.63,38.88,169,114.79,0,5,0,2,1,3,24,19,9,2009,2007,23.80821918,21.80821918
0,1,36,104,2,5,932,4154,75,206,39.68,27.41,41.95,783,119.02,0,9,7,22,2,7,37,58,10,2004,2007,22.79178082,25.79178082
1,0,4,2,2,0,32,46,14,39,17.9,16.0,23.0,54,59.25,0,0,0,0,1,0,5,1,0,2011,2010,30.40273973,29.40273973
0,0,4,10,0,3,55,186,41,79,20.25,13.75,26.57,39,141.02,0,0,0,1,0,0,15,7,3,1996,2006,25.47671233,35.47671233
1,1,68,4,8,1,1268,45,65,33,23.81,21.13,15.0,1212,104.62,0,0,3,0,4,2,81,2,4,2018,2008,32.47945205,22.47945205
1,0,69,12,12,1,1875,366,108,87,35.0,32.89,33.27,1319,142.15,2,0,10,3,3,1,78,7,7,2020,2017,23.64657534,20.64657534
0,0,11,6,1,0,111,135,29,37,27.0,11.1,22.5,85,130.58,0,0,0,0,2,0,14,3,6,2019,2020,27.65205479,28.65205479
1,0,91,4,34,0,1129,98,58,39,23.12,19.8,24.5,868,130.06,0,0,2,0,8,0,139,2,4,2019,2010,27.019178080000003,18.019178080000003
1,1,8,7,0,1,86,71,36,15,14.75,10.75,11.83,71,121.12,0,0,0,0,0,0,10,4,7,2008,2007,31.67945205,30.67945205
1,0,104,14,17,1,2600,339,145,104,35.4,29.88,26.07,1680,154.76,5,1,11,0,4,0,113,7,3,2013,2012,24.79178082,23.79178082
1,1,47,8,9,0,912,104,81,35,40.06,24.0,13.0,639,142.72,0,0,5,0,1,0,52,4,6,2019,2018,28.0,27.0
1,1,66,76,2,2,1662,2223,93,158,27.73,25.96,30.04,1418,117.2,0,5,11,8,1,10,66,38,0,2001,2006,17.97260274,22.97260274
1,1,32,24,9,1,707,1378,81,186,29.07,30.73,59.91,484,146.07,0,5,3,8,0,1,39,15,8,2022,2022,23.43287671,23.43287671
0,1,7,29,0,1,151,755,62,171,3.75,21.57,26.96,105,143.8,0,1,1,1,1,2,8,16,7,2013,2013,24.254794519999997,24.254794519999997
0,1,20,85,2,6,291,2088,44,155,34.71,16.16,26.43,267,108.98,0,3,0,10,1,11,26,44,1,2011,2012,21.97260274,22.97260274
1,1,42,32,8,2,1169,905,94,98,52.44,34.38,30.16,899,130.03,0,0,8,6,1,3,46,18,6,2019,2018,30.473972600000003,29.473972600000003
1,1,23,154,1,7,400,6167,90,228,36.13,18.18,41.95,318,125.78,0,14,3,26,4,11,23,90,6,1996,2005,22.43013699,31.43013699
1,0,79,18,22,1,1523,532,71,108,34.01,26.71,31.29,1078,141.28,0,1,4,4,3,2,102,11,10,2017,2016,23.8,22.8
1,1,3,19,0,2,12,652,8,160,27.43,4.0,38.35,14,85.71,0,2,0,2,0,1,3,13,7,2000,2005,21.45205479,26.45205479
0,1,9,87,1,7,100,2973,36,200,35.44,12.5,37.16,112,89.28,0,9,0,12,0,6,10,56,7,2016,2016,24.70410959,24.70410959
1,1,73,12,13,0,1356,374,64,85,49.91,22.6,31.16,1138,119.15,0,0,5,4,5,2,79,6,4,2023,2019,23.64657534,19.64657534
0,1,13,27,2,1,210,847,52,147,44.84,19.09,32.57,204,102.94,0,2,2,3,1,1,14,16,9,2017,2013,28.553424659999997,24.553424659999997
0,1,4,16,2,5,48,485,36,200,34.23,24.0,44.09,55,87.27,0,1,0,2,0,0,6,8,2,2018,2013,23.73424658,18.73424658
1,1,19,4,0,0,290,172,54,67,25.0,15.26,43.0,277,104.69,0,0,1,1,1,0,19,2,0,2023,2021,30.96986301,28.96986301
1,1,7,93,1,6,138,3835,51,226,51.25,23.0,44.08,144,95.83,0,9,1,19,0,8,7,52,8,2009,2007,28.26849315,26.26849315
0,0,14,40,7,5,172,1105,33,102,23.39,24.57,31.57,144,119.44,0,1,0,6,0,5,24,29,10,2003,2006,18.75616438,21.75616438
1,1,8,205,1,24,188,7727,60,235,37.87,26.85,42.69,163,115.33,0,22,1,46,0,14,8,118,8,2004,2006,22.29863014,24.29863014
1,1,44,14,6,0,1105,541,72,114,48.0,29.07,38.64,1030,107.28,0,1,8,4,1,2,44,7,2,2019,2019,17.63013699,17.63013699
1,1,55,6,14,1,998,61,62,27,38.37,24.34,12.2,773,129.1,0,0,4,0,2,1,66,4,9,2016,2016,25.904109589999997,25.904109589999997
1,1,1,6,0,1,20,110,20,65,21.92,20.0,22.0,14,142.85,0,0,0,1,0,0,1,3,2,2019,2022,21.58630137,24.58630137
0,1,2,46,0,4,21,1568,14,157,48.27,10.5,37.33,25,84.0,0,3,0,9,0,4,2,24,9,2018,2019,22.60273973,23.60273973
0,1,7,77,0,2,76,2400,19,128,30.69,10.85,32.0,70,108.57,0,3,0,14,1,3,7,40,9,2001,2010,19.19178082,28.19178082
1,1,24,13,1,0,500,427,72,131,24.61,21.73,32.84,370,135.13,0,2,3,1,2,3,25,8,9,1999,2007,17.619178079999998,25.61917808
0,1,13,76,0,2,119,1797,36,150,32.02,9.15,24.28,134,88.8,0,3,0,4,4,4,14,39,11,2008,2010,21.487671229999997,23.487671229999997
0,1,32,3,1,2,796,78,89,52,42.4,25.67,78.0,640,124.37,0,0,6,1,1,0,32,2,10,2023,2021,25.03013699,23.03013699
1,1,3,2,0,0,43,73,17,49,29.5,14.33,36.5,52,82.69,0,0,0,0,0,0,3,1,0,2024,2024,28.59452055,28.59452055
0,0,15,23,4,1,238,385,46,49,22.7,21.63,17.5,188,126.59,0,0,0,0,2,5,16,13,1,2002,2007,21.550684930000003,26.550684930000003
1,1,2,11,0,0,14,218,13,52,25.0,7.0,19.81,15,93.33,0,0,0,1,0,2,3,7,7,2005,2005,26.45205479,26.45205479
1,1,114,100,23,9,3264,2907,101,152,39.54,35.86,31.94,2231,146.3,1,2,24,18,7,9,124,57,8,2014,2011,23.890410959999997,20.890410959999997
0,0,6,2,3,0,32,45,22,37,11.64,10.66,22.5,20,160.0,0,0,0,0,1,0,17,2,8,2010,2012,28.41917808,30.41917808
0,1,2,40,0,6,11,888,11,68,49.6,5.5,26.11,16,68.75,0,0,0,3,1,2,2,20,5,2019,2019,25.85479452,25.85479452
0,0,21,33,1,2,457,1269,62,201,33.21,22.85,40.93,358,127.65,0,3,3,6,2,4,22,18,7,2008,2008,23.980821919999997,23.980821919999997
0,0,30,59,7,10,474,1780,66,133,24.09,20.6,36.32,339,139.82,0,5,2,6,3,4,36,33,7,2002,2005,24.00273973,27.00273973
0,0,63,22,21,1,944,709,48,137,28.2,22.47,33.76,611,154.5,0,2,0,4,6,2,79,12,7,2014,2012,23.865753419999997,21.865753419999997
1,1,30,261,5,21,893,12027,90,254,47.6,35.72,50.11,707,126.3,0,32,5,63,2,12,32,143,8,2012,2012,21.58082192,21.58082192
0,0,31,46,8,7,463,808,60,122,23.96,20.13,20.71,391,118.41,0,1,2,2,2,6,38,31,7,2001,2006,20.7260274,25.7260274
1,1,64,10,1,0,1522,187,78,72,39.91,24.15,18.7,1106,137.61,0,0,8,1,7,1,64,5,8,2019,2014,29.02191781,24.02191781
1,1,12,28,2,0,125,827,30,94,34.3,12.5,29.53,118,105.93,0,0,0,6,2,0,13,15,8,2019,2009,33.36986301,23.369863010000003
1,1,72,178,16,12,1671,6042,90,167,42.97,29.83,36.39,1215,137.53,0,12,10,26,6,17,80,100,8,2012,2011,22.84109589,21.84109589
1,1,5,35,0,1,56,772,31,92,29.05,11.2,22.7,67,83.58,0,0,0,4,0,4,5,19,7,2006,2007,25.19452055,26.19452055
1,1,17,22,0,0,463,548,59,83,28.0,27.23,24.9,361,128.25,0,0,2,3,0,2,17,13,8,2016,2015,25.37534247,24.37534247
1,0,44,119,14,18,491,2952,38,202,24.85,16.36,29.22,380,129.21,0,3,0,13,7,10,63,67,5,2014,2014,22.73150685,22.73150685
0,0,75,80,25,10,1934,2133,96,166,36.81,38.68,18.925,1532,126.24,0,6,11,8,6,10,81,46,6,2008,2007,24.290410960000003,23.290410960000003
1,0,18,2,7,0,159,45,41,23,34.4,14.45,22.5,138,115.21,0,0,0,0,0,0,24,1,3,2013,2012,23.24931507,22.24931507
1,1,5,12,2,3,37,226,14,48,13.66,12.33,25.11,32,115.62,0,0,0,0,0,1,5,7,8,2001,2009,21.28767123,29.28767123
1,0,6,2,2,0,46,52,15,32,27.1,11.5,26.0,37,124.32,0,0,0,0,0,0,9,1,3,2012,2010,26.734246579999997,24.734246579999997
1,1,3,14,0,1,31,347,18,48,22.5,10.33,26.69,23,134.78,0,0,0,0,0,2,3,7,11,2010,2010,23.630136989999997,23.630136989999997
1,1,2,6,0,0,6,113,6,62,23.84,3.0,18.83,7,85.71,0,0,0,1,1,0,3,3,2,2018,2012,26.57260274,20.57260274
0,1,7,37,0,0,159,969,71,106,23.0,22.71,26.18,108,147.22,0,1,1,7,1,2,7,19,11,2008,2007,20.747945209999997,19.747945209999997
0,1,3,16,0,2,40,370,38,103,15.0,13.33,26.42,34,117.64,0,1,0,1,0,1,3,10,1,2013,2014,22.421917809999997,23.421917809999997
0,0,49,6,5,0,1075,88,80,29,43.59,24.43,14.66,851,126.32,0,0,5,0,5,0,49,3,1,2021,2021,24.08219178,24.08219178
1,0,103,6,10,1,1973,258,124,118,29.42,21.21,51.6,1507,130.92,1,1,5,1,12,0,110,3,4,2018,2008,34.40273973,24.40273973
1,1,68,86,8,2,2265,2863,110,199,50.35,37.75,34.08,1628,139.12,2,8,22,14,5,7,72,50,10,2014,2016,22.279452050000003,24.279452050000003
0,0,7,6,3,0,46,90,16,35,19.03,11.5,15.0,40,115.0,0,0,0,0,0,1,8,3,0,2005,2006,24.95068493,25.95068493
1,0,16,6,7,0,187,96,29,47,21.33,20.77,16.0,166,112.65,0,0,0,0,2,1,23,3,5,2018,2018,20.43561644,20.43561644
1,0,1,4,1,1,6,72,6,31,13.25,0.0,24.0,6,100.0,0,0,0,0,0,0,2,2,0,2013,2012,25.47123288,24.47123288
0,1,1,83,0,1,12,2113,12,134,22.84,12.0,25.76,14,85.71,0,3,0,7,0,8,1,44,5,2011,2014,21.397260269999997,24.397260269999997
0,0,37,32,2,3,762,949,73,210,25.38,21.77,32.72,551,138.29,0,2,3,2,1,5,38,18,5,2021,2020,28.89041096,27.89041096
1,0,2,5,0,1,11,94,11,28,14.0,5.5,23.5,13,84.61,0,0,0,0,1,0,2,4,1,2003,2012,21.19178082,30.19178082
1,1,90,176,13,17,2575,8743,95,251,48.64,33.44,54.98,2092,123.08,0,32,18,34,4,11,93,100,7,2010,2011,19.97534247,20.97534247
1,1,53,92,6,6,987,2648,73,158,26.09,21.0,30.79,825,119.63,0,6,5,12,7,14,58,53,9,2002,2006,20.54246575,24.54246575
1,0,47,4,8,1,637,95,56,41,10.66,16.33,31.66,547,116.45,0,0,3,0,4,0,66,2,2,2023,2016,24.96712329,17.96712329
1,1,3,30,0,1,11,817,10,146,33.71,3.66,28.17,27,40.74,0,1,0,7,1,3,3,16,9,2009,2016,23.134246580000003,30.134246580000003
1,1,9,40,0,1,174,1332,42,224,27.11,19.33,34.15,174,100.0,0,3,0,9,1,4,9,23,7,2001,2006,22.71506849,27.71506849
1,0,5,6,1,2,57,84,34,66,12.6,14.25,21.0,36,158.33,0,0,0,1,0,3,11,3,8,2016,2016,26.410958899999997,26.410958899999997
1,1,61,142,7,15,1062,5479,66,206,31.85,19.66,43.14,1025,103.6,0,15,6,26,0,6,68,79,1,2011,2010,21.695890409999997,20.695890409999997
1,1,70,12,8,1,1317,480,94,108,22.72,21.24,43.63,1068,123.31,0,1,9,2,7,1,74,6,4,2023,2016,26.88493151,19.88493151
1,0,48,2,15,0,509,56,35,37,13.87,15.42,28.0,419,121.47,0,0,0,0,4,0,65,1,0,2021,2015,26.47671233,20.47671233
1,1,67,16,10,0,1527,278,91,49,31.58,26.78,17.37,1264,120.8,0,0,9,0,6,1,68,8,5,2009,2007,24.50958904,22.50958904
1,1,15,17,2,1,175,537,38,152,28.85,13.46,33.56,177,98.87,0,1,0,2,0,3,16,11,1,2006,2006,26.62465753,26.62465753
1,1,94,196,21,24,1909,7683,63,290,47.55,26.15,44.66,1560,122.37,0,19,7,35,6,14,102,112,7,2007,2006,23.39178082,22.39178082
1,0,37,2,8,1,691,16,103,9,29.36,23.82,16.0,464,148.92,1,0,1,0,2,0,48,1,8,2022,2017,28.98630137,23.98630137
1,1,87,72,3,2,1943,2461,83,141,31.25,23.13,35.15,1557,124.79,0,3,11,16,5,2,89,41,11,2015,2015,20.79452055,20.79452055
0,1,4,2,0,0,64,6,36,5,23.33,16.0,3.0,66,96.96,0,0,0,0,1,0,5,1,1,2021,2019,26.24931507,24.24931507
1,0,8,21,2,4,64,401,21,84,30.14,10.66,23.58,64,100.0,0,0,0,2,1,2,13,13,6,2021,2022,21.24383562,22.24383562
1,1,1,90,0,7,2,4114,2,215,37.63,2.0,49.56,4,50.0,0,11,0,20,0,4,1,50,3,2018,2022,24.10136986,28.10136986
0,1,27,8,8,0,385,111,66,41,8.14,20.26,13.87,356,108.14,0,0,1,0,0,0,30,4,0,2021,2020,20.77808219,19.77808219
1,1,9,105,0,1,169,3982,48,167,21.18,18.77,38.28,154,109.74,0,12,0,15,1,8,9,61,10,2008,2010,24.3260274,26.3260274
0,1,1,12,0,0,7,345,7,60,19.0,7.0,28.75,7,100.0,0,0,0,1,0,2,1,6,8,2010,2014,29.83287671,33.83287671
1,0,21,8,4,1,355,164,62,81,9.0,20.88,23.42,285,124.56,0,0,2,2,0,2,24,4,3,2013,2009,26.49041096,22.49041096
0,0,45,16,0,0,741,299,57,61,35.57,16.46,18.68,615,120.48,0,0,3,2,4,0,46,8,1,2017,2016,26.36712329,25.36712329
1,0,94,12,20,2,1456,140,74,66,22.39,19.67,14.0,1189,122.45,0,0,5,1,13,2,102,6,1,2016,2015,24.88767123,23.88767123
1,0,2,77,0,8,1,1303,1,95,12.66,0.5,18.88,6,16.66,0,0,0,7,1,14,3,43,1,2014,2011,32.01917808,29.019178080000003
0,1,67,41,2,3,1750,1177,84,153,30.53,26.92,30.97,1334,131.18,0,2,14,7,3,5,68,22,1,2015,2013,24.95068493,22.95068493
0,1,3,143,0,10,166,5825,72,219,37.37,55.33,43.79,131,126.71,0,14,2,29,0,12,3,76,8,2000,2005,24.59452055,29.59452055
0,1,30,137,11,16,721,6235,60,195,48.15,37.94,51.52,529,136.29,0,19,4,29,1,12,38,79,3,2005,2005,30.17260274,30.17260274
1,0,5,34,1,4,33,556,13,72,19.52,8.25,18.53,43,76.74,0,0,0,3,1,1,8,22,1,2004,2006,19.89315068,21.89315068
0,0,15,14,5,1,167,259,61,74,42.5,16.7,19.92,134,124.62,0,0,1,1,3,1,22,8,7,2022,2022,31.45479452,31.45479452
1,1,28,198,5,22,488,8643,67,329,44.58,21.21,49.1,473,103.17,0,28,1,27,2,9,34,115,3,2004,2005,23.32328767,24.32328767
1,1,118,89,7,1,3531,2586,105,189,41.73,31.81,29.38,2602,135.7,2,3,20,17,3,10,122,47,7,2009,2009,22.83013699,22.83013699
0,1,1,35,0,2,20,1171,20,128,3.0,20.0,35.48,21,95.23,0,5,0,4,0,5,1,21,3,2009,2009,30.00273973,30.00273973
1,1,8,123,2,21,127,4099,32,131,24.18,21.16,40.18,100,127.0,0,7,0,28,1,13,10,79,8,2007,2007,25.421917809999997,25.421917809999997
0,0,70,35,29,2,675,804,77,126,27.65,16.46,24.36,552,122.28,0,1,1,2,5,3,104,26,7,2015,2015,23.47945205,23.47945205
0,1,8,4,0,0,96,23,25,19,28.55,12.0,5.75,87,110.34,0,0,0,0,2,2,8,2,1,2018,2008,32.02739726,22.02739726
0,0,75,118,17,8,1229,3094,72,155,24.27,21.18,28.12,863,142.41,0,5,7,15,9,15,92,68,8,2014,2014,27.11232877,27.11232877
1,1,65,127,10,7,1611,3917,89,260,32.97,29.29,32.64,1386,116.23,0,7,10,24,0,14,67,71,5,2000,2007,19.47945205,26.47945205
1,1,31,28,8,1,613,577,68,72,19.07,26.65,21.37,443,138.37,0,0,1,4,2,4,32,14,0,2011,2011,26.835616440000003,26.835616440000003
1,1,2,147,0,9,27,5719,27,197,27.15,13.5,41.44,22,122.72,0,18,0,18,1,9,2,82,8,1999,2005,24.75068493,30.75068493
1,0,61,11,13,2,713,220,72,88,18.18,14.85,24.44,566,125.97,0,0,1,1,5,2,86,6,4,2019,2019,23.33972603,23.33972603
1,0,59,73,11,7,1557,2010,92,181,36.1,32.43,30.45,1165,133.64,0,3,9,9,2,8,61,42,3,2014,2011,22.77534247,19.77534247
1,1,1,156,0,15,5,5502,5,249,37.57,5.0,39.02,8,62.5,0,16,0,17,0,22,2,90,1,1990,2006,19.68493151,35.68493151
1,1,2,56,0,5,0,1635,0,214,28.34,0.0,32.05,5,0.0,0,3,0,4,2,4,2,33,7,1999,2005,23.720547949999997,29.720547949999997
0,1,68,63,22,9,1202,1613,80,117,26.29,26.13,29.87,896,134.15,0,4,3,5,1,3,92,36,3,2012,2011,24.591780819999997,23.591780819999997
1,0,127,94,26,7,2394,2914,64,150,35.66,23.7,33.49,2032,117.81,0,5,8,16,5,11,138,50,11,2009,2007,23.48219178,21.48219178
1,0,20,79,3,9,248,1470,46,103,23.35,14.58,21.0,209,118.66,0,1,0,6,2,6,25,43,11,2016,2017,18.76164384,19.76164384
0,1,2,13,1,1,16,243,10,83,17.25,16.0,20.25,25,64.0,0,0,0,1,0,1,2,7,11,2007,2008,20.057534250000003,21.057534250000003
1,1,34,132,13,20,788,5222,87,161,43.4,37.52,46.62,715,110.2,0,10,3,39,2,9,39,75,9,2001,2007,27.16986301,33.16986301
1,0,108,105,13,8,2514,3652,99,224,32.9,26.46,37.64,2060,122.03,0,10,14,12,7,8,119,55,9,2003,2006,22.78356164,25.78356164
1,1,13,18,1,0,127,333,47,67,27.46,10.58,18.5,136,93.38,0,0,0,2,2,4,17,10,11,2018,2014,27.408219180000003,23.408219180000003
1,0,121,6,24,0,2165,33,89,24,27.14,22.31,5.5,1590,136.16,0,0,6,0,8,3,129,3,2,2018,2010,33.57534247,25.57534247
0,1,35,2,1,0,815,24,81,24,13.57,23.97,12.0,788,103.42,0,0,4,0,2,1,35,1,11,2022,2019,22.9369863,19.9369863
0,0,38,10,12,1,477,144,45,45,18.45,18.34,16.0,355,134.36,0,0,0,0,4,1,60,6,9,2016,2016,22.35616438,22.35616438
1,1,89,48,21,8,3313,1616,104,115,40.15,48.72,40.4,2620,126.45,1,2,29,9,4,3,102,30,9,2016,2015,24.15890411,23.15890411
1,1,1,4,0,0,5,25,5,13,11.0,5.0,6.25,6,83.33,0,0,0,0,0,1,1,2,9,2011,2011,29.97808219,29.97808219
1,1,73,4,3,0,2048,69,118,40,33.66,29.25,17.25,1550,132.12,1,0,12,0,4,0,73,2,2,2018,2010,31.550684930000003,23.550684930000003
1,0,11,4,7,1,46,55,12,43,11.42,11.5,18.33,53,86.79,0,0,0,0,1,0,29,2,9,2022,2021,20.92876712,19.92876712
0,1,4,114,1,9,60,4058,26,181,22.28,20.0,38.64,50,120.0,0,12,0,18,0,13,6,61,11,2013,2012,21.83287671,20.83287671
1,1,31,8,10,2,389,173,48,75,25.36,18.52,28.83,341,114.07,0,0,0,1,4,1,33,4,11,2017,2016,21.63561644,20.63561644
1,1,93,163,16,14,1500,5676,72,219,36.92,19.48,38.09,1304,115.03,0,10,6,27,8,12,102,88,11,2005,2006,18.22191781,19.22191781
0,1,7,30,2,2,55,725,36,82,26.23,11.0,25.89,53,103.77,0,0,0,5,3,3,8,18,5,2005,2010,21.953424660000003,26.953424660000003
0,1,27,96,1,7,480,2757,68,96,31.45,18.46,30.97,366,131.14,0,0,1,22,2,4,28,54,1,2014,2016,21.09863014,23.09863014
1,1,1,94,1,7,7,3253,7,226,37.51,0.0,37.39,8,87.5,0,5,0,16,0,9,2,58,6,2000,2006,24.67945205,30.67945205
1,1,2,25,0,4,27,803,24,123,17.0,13.5,38.23,38,71.05,0,2,0,3,0,4,2,15,5,2021,2011,32.51506849,22.515068489999997
1,1,4,137,1,10,74,4702,40,222,34.92,24.66,37.02,67,110.44,0,11,0,24,0,11,4,81,7,1996,2005,24.87123288,33.87123288
0,1,28,2,2,0,466,18,50,18,28.05,17.92,9.0,475,98.1,0,0,1,0,0,1,30,1,4,2018,2008,36.72328767,26.72328767
1,1,7,3,1,0,73,32,36,20,26.94,12.16,10.66,68,107.35,0,0,0,0,0,1,11,2,7,2017,2009,33.69041096,25.69041096
1,1,2,2,0,0,12,56,10,35,1.0,6.0,28.0,27,44.44,0,0,0,0,0,0,2,1,10,2015,2010,32.02465753,27.02465753
1,0,10,15,1,2,130,416,28,108,27.08,14.44,32.0,114,114.03,0,1,0,1,0,0,10,8,11,2008,2008,21.578082190000003,21.578082190000003
0,1,44,52,5,1,908,1481,71,163,33.29,23.28,29.03,843,107.71,0,5,4,3,0,7,46,27,11,2017,2019,18.92876712,20.92876712
1,0,24,32,4,2,370,1044,50,100,29.11,18.5,34.8,326,113.49,0,1,2,6,2,2,31,19,11,2011,2011,19.6630137,19.6630137
0,1,18,4,1,0,363,51,56,46,31.51,21.35,12.75,320,113.43,0,0,2,0,1,1,18,2,9,2013,2012,23.64657534,22.64657534
1,1,7,6,0,0,178,125,81,78,13.36,25.42,20.83,158,112.65,0,0,1,1,2,2,7,3,11,2011,2007,25.82739726,21.82739726
1,1,23,4,1,0,597,117,63,47,24.81,27.13,29.25,586,101.87,0,0,4,0,1,0,23,2,2,2024,2010,36.05205479,22.05205479
1,1,41,21,14,1,445,440,42,64,82.5,16.48,22.0,376,118.35,0,0,0,3,4,5,46,11,11,2017,2016,23.68767123,22.68767123
1,1,15,10,1,0,347,269,55,88,30.56,24.78,26.9,284,122.18,0,0,1,2,0,0,17,6,8,2006,2007,27.76986301,28.76986301
1,1,52,15,3,1,1392,537,79,103,44.5,28.4,38.35,1167,119.28,0,1,11,5,5,0,53,9,1,2021,2021,23.19726027,23.19726027
0,1,2,38,0,8,36,934,26,71,23.74,18.0,31.13,32,112.5,0,0,0,6,0,4,2,25,10,2002,2011,17.3890411,26.3890411
1,1,12,39,1,1,127,967,25,136,32.53,11.54,25.44,140,90.71,0,2,0,5,2,3,12,23,7,2006,2006,27.49041096,27.49041096
0,0,14,5,1,1,279,428,65,164,21.16,21.46,107.0,225,124.0,0,2,1,2,1,0,15,3,1,2022,2018,23.83013699,19.83013699
0,1,1,49,0,2,6,1535,6,160,35.91,6.0,32.65,8,75.0,0,3,0,7,0,6,1,26,3,2009,2014,20.67,25.67
1,1,3,4,1,0,22,61,20,42,27.57,11.0,15.25,35,62.85,0,0,0,0,1,0,3,2,7,2010,2010,31.76164384,31.76164384
0,0,1,3,0,0,0,6,0,4,5.42,0.0,2.0,1,0.0,0,0,0,0,1,0,7,3,10,2006,2010,17.59726027,21.59726027
1,1,1,9,0,1,0,339,0,134,31.5,0.0,42.37,1,0.0,0,1,0,2,1,1,1,5,10,2018,2021,18.72054795,21.72054795
1,0,144,14,11,0,3601,351,115,103,37.74,27.07,25.07,2675,134.61,1,1,23,1,13,1,145,7,4,2018,2009,27.904109589999997,18.904109589999997
1,1,2,35,1,6,33,1079,20,110,33.26,33.0,37.2,33,100.0,0,2,0,5,0,2,2,20,3,2016,2019,25.25753425,28.25753425
1,0,60,7,13,0,672,196,71,59,22.94,14.29,28.0,511,131.5,0,0,2,1,8,0,70,4,1,2020,2019,23.0,22.0
1,0,6,21,1,0,96,326,36,42,10.25,19.2,15.52,84,114.28,0,0,0,0,1,2,8,12,6,2019,2021,21.44109589,23.44109589
0,1,91,91,9,6,2584,3300,100,141,45.74,31.51,38.82,1868,138.32,1,6,16,22,7,7,92,54,6,2014,2012,21.61643836,19.61643836
1,0,19,141,12,15,184,3309,31,124,16.44,26.28,26.26,160,115.0,0,5,0,14,0,8,65,100,10,2011,2010,24.865753419999997,23.865753419999997
0,0,4,3,3,1,9,47,6,33,18.65,9.0,23.5,13,69.23,0,0,0,0,0,0,12,2,6,2010,2009,27.46849315,26.46849315
1,1,26,12,4,1,379,217,54,43,19.31,17.22,19.72,323,117.33,0,0,1,0,2,1,29,6,0,2013,2015,24.13150685,26.13150685
0,0,21,14,6,1,231,519,68,240,41.0,15.4,39.92,185,124.86,0,1,1,2,2,1,23,7,7,2021,2021,21.69589041,21.69589041
0,0,41,105,17,21,515,3036,46,175,32.42,21.45,36.14,405,127.16,0,4,0,20,3,7,74,72,10,2012,2009,23.64657534,20.64657534
0,0,2,14,0,1,46,298,27,62,10.2,23.0,22.92,41,112.19,0,0,0,3,0,1,3,8,5,2017,2022,26.21643836,31.21643836
0,1,3,8,0,1,43,165,19,42,8.5,14.33,23.57,38,113.15,0,0,0,0,0,0,3,4,6,2022,2024,26.04931507,28.04931507
1,1,151,101,19,10,4231,4137,121,212,49.12,32.05,45.46,3003,140.89,5,12,32,17,12,5,159,59,10,2013,2007,26.24657534,20.24657534
1,1,19,4,0,0,327,28,58,19,30.84,17.21,7.0,296,110.47,0,0,2,0,2,0,21,2,7,2012,2010,29.16986301,27.16986301
1,0,13,90,4,4,304,2265,67,137,26.1,33.77,26.33,240,126.66,0,5,2,11,2,12,19,49,5,2016,2021,24.35342466,29.35342466
1,0,1,10,0,0,0,89,0,40,18.18,0.0,8.9,4,0.0,0,0,0,0,1,4,1,5,5,1997,2008,22.89863014,33.89863014
0,1,1,69,0,4,7,1821,7,123,35.26,7.0,28.01,7,100.0,0,3,0,10,0,7,1,44,1,1997,2006,23.76164384,32.76164384
0,0,70,5,25,0,1175,24,57,16,24.68,26.11,4.8,1005,116.91,0,0,2,0,2,3,77,3,0,2017,2018,23.28767123,24.28767123
0,1,66,56,14,4,1209,2271,65,159,34.6,23.25,43.67,950,127.26,0,5,3,11,4,2,76,33,10,2018,2017,20.81917808,19.81917808
1,1,16,154,3,8,298,5842,59,291,42.67,22.92,40.01,286,104.19,0,15,2,31,1,12,18,87,5,2000,2007,20.098630139999997,27.098630139999997
1,0,35,19,10,1,711,575,65,143,30.62,28.44,31.94,599,118.69,0,3,3,0,0,5,38,13,8,2007,2008,22.23561644,23.23561644
1,1,7,27,1,1,96,573,40,70,33.75,16.0,22.03,103,93.2,0,0,0,4,1,1,7,15,5,2005,2006,27.0,28.0
1,0,2,20,0,1,14,365,12,45,25.0,7.0,19.21,15,93.33,0,0,0,0,0,2,3,14,1,2021,2021,26.06027397,26.06027397
1,1,49,43,2,4,682,1061,48,101,22.0,14.51,27.2,557,122.44,0,1,0,5,11,3,49,22,0,2011,2008,23.85753425,20.85753425
1,1,1,26,1,1,10,775,10,221,10.8,0.0,31.0,8,125.0,0,1,0,3,0,2,1,15,8,2002,2009,23.213698630000003,30.213698630000003
1,1,63,2,0,0,1657,51,100,46,37.61,26.3,25.5,1223,135.48,1,0,10,0,7,0,63,1,2,2024,2019,22.66849315,17.66849315
1,0,1,18,0,0,3,578,3,102,36.21,3.0,32.11,6,50.0,0,1,0,5,0,4,1,9,2,2018,2024,25.0630137,31.0630137
1,1,5,18,0,1,51,336,18,65,18.16,10.2,19.76,62,82.25,0,0,0,1,0,2,5,9,11,2008,2008,55.575342469999995,55.575342469999995
1,0,5,8,1,0,33,87,11,28,8.75,8.25,10.87,25,132.0,0,0,0,0,1,1,7,4,8,2022,2023,17.96164384,18.96164384
1,1,1,3,0,0,43,63,43,56,15.8,43.0,21.0,37,116.21,0,0,0,1,0,0,1,2,10,2010,2011,29.915068490000003,30.915068490000003
0,1,22,280,5,49,343,11867,41,203,41.6,20.17,51.37,347,98.84,0,30,0,66,0,15,22,164,5,1994,2006,19.953424660000003,31.953424660000003
0,1,66,58,3,1,1759,2315,92,190,44.11,27.92,40.61,1392,126.36,0,7,11,5,2,4,68,34,10,2013,2011,27.64931507,25.64931507
1,1,10,16,0,1,76,351,32,57,22.01,7.6,23.4,82,92.68,0,0,0,2,2,0,10,8,0,2003,2006,20.23835616,23.23835616
1,0,20,1,6,0,214,5,37,5,12.38,15.28,5.0,161,132.91,0,0,0,0,0,0,20,1,1,2011,2013,26.08767123,28.08767123
1,1,18,14,2,1,310,308,61,104,35.45,19.37,23.69,282,109.92,0,1,2,0,2,3,19,9,1,2017,2017,21.91506849,21.91506849
1,1,67,1,11,0,2424,8,117,8,25.76,43.28,8.0,1433,169.15,4,0,20,0,3,0,70,1,10,2023,2021,32.8739726,30.8739726
1,0,29,48,2,4,578,1586,66,170,32.48,21.4,36.04,483,119.66,0,5,1,6,0,5,31,29,7,2002,2005,27.05205479,30.05205479
1,0,8,6,4,0,79,92,35,44,0.0,19.75,15.33,37,213.51,0,0,0,0,2,2,18,3,7,2023,2019,31.56986301,27.56986301
0,1,80,29,8,2,1691,1109,66,151,38.06,23.48,41.07,1338,126.38,0,4,11,3,6,0,81,15,0,2013,2006,26.84109589,19.84109589
1,1,29,72,3,3,616,1726,82,147,50.26,23.69,25.01,463,133.04,0,2,3,5,3,2,31,38,5,2015,2017,21.71780822,23.71780822
0,1,15,68,1,2,255,2265,47,182,40.77,18.21,34.31,248,102.82,0,6,0,10,2,10,15,38,3,2011,2008,28.05479452,25.05479452
1,1,8,4,0,0,253,78,94,47,20.31,31.62,19.5,196,129.08,0,0,2,0,0,1,9,2,0,2017,2018,27.939726030000003,28.939726030000003
0,0,1,2,0,0,14,5,14,4,9.0,14.0,2.5,16,87.5,0,0,0,0,0,0,1,1,8,2014,2011,24.27671233,21.27671233
1,1,0,5,0,0,0,117,0,39,16.63,0.0,23.4,0,0.0,0,0,0,0,0,0,1,4,1,1999,2009,25.90684932,35.90684932
0,1,66,31,11,2,1605,768,101,120,35.31,29.18,26.48,1190,134.87,1,1,5,7,3,8,78,18,10,2010,2006,23.67123288,19.67123288
0,0,30,38,9,5,272,815,50,78,22.28,12.95,24.69,230,118.26,0,0,1,3,0,7,51,24,8,2018,2019,20.15342466,21.15342466
0,1,2,99,0,6,69,4188,39,157,35.78,34.5,45.03,47,146.8,0,10,0,25,0,4,3,56,3,2001,2005,25.939726030000003,29.939726030000003
0,1,48,30,4,0,902,838,81,93,32.23,20.5,27.93,763,118.21,0,0,5,5,3,0,57,16,5,2017,2018,20.59178082,21.59178082
0,0,23,7,8,2,155,40,30,22,11.0,10.33,8.0,138,112.31,0,0,0,0,2,1,51,6,5,2012,2012,24.175342469999997,24.175342469999997
1,1,55,195,11,25,1094,9685,90,239,43.91,24.86,56.97,872,125.45,0,32,5,41,1,10,67,109,3,2010,2010,21.15616438,21.15616438
1,0,14,9,2,0,189,151,67,42,32.13,15.75,16.77,173,109.24,0,0,1,0,2,2,18,6,8,2012,2011,27.6630137,26.6630137
1,1,1,329,0,33,10,15921,10,248,44.83,10.0,53.78,12,83.33,0,51,0,68,0,14,1,200,10,1989,2006,16.263013700000002,33.2630137
1,0,56,109,6,3,1462,3731,124,176,40.54,29.24,35.19,1006,145.32,1,4,10,24,3,6,58,59,3,2005,2006,24.11506849,25.11506849
1,1,47,24,11,2,1104,811,74,105,49.64,30.66,36.86,811,136.12,0,1,8,5,4,2,51,14,10,2021,2017,26.64657534,22.64657534
1,1,12,24,1,0,218,553,56,111,30.07,19.81,23.04,212,102.83,0,1,1,3,2,3,13,13,5,2019,2021,30.82739726,32.82739726
1,0,2,10,0,1,35,194,24,78,28.75,17.5,21.55,29,120.68,0,0,0,1,0,2,3,6,10,2014,2015,30.15342466,31.15342466
1,1,21,2,6,0,240,1,39,1,13.21,16.0,0.5,213,112.67,0,0,0,0,0,1,25,1,4,2019,2015,28.78082192,24.78082192
1,1,47,22,5,2,977,481,80,66,25.63,23.26,24.05,819,119.29,0,0,4,4,3,5,48,11,11,2016,2014,24.68493151,22.68493151
0,1,23,62,2,0,595,1889,74,122,36.82,28.33,30.46,551,107.98,0,3,3,10,1,6,24,33,9,2003,2007,18.810958900000003,22.810958900000003
1,1,42,95,12,14,818,3031,89,118,33.55,27.26,37.41,653,125.26,0,4,3,21,2,4,61,54,9,2010,2010,23.18630137,23.18630137
1,0,52,11,14,2,679,300,52,56,25.9,17.86,33.33,486,139.71,0,0,1,3,6,0,104,6,9,2017,2017,18.81917808,18.81917808
0,0,3,1,1,0,72,0,49,0,13.0,36.0,0.0,59,122.03,0,0,0,0,1,1,3,1,2,2021,2023,22.47671233,24.47671233
0,1,1,48,0,0,25,1267,25,138,31.44,25.0,26.39,17,147.05,0,1,0,7,0,4,1,24,11,2005,2006,20.24383562,21.24383562
0,0,127,123,17,7,2551,4505,84,217,37.29,23.19,38.83,2105,121.18,0,5,13,31,9,5,129,67,11,2007,2006,20.34794521,19.34794521
1,1,8,12,0,0,86,305,53,106,26.6,10.75,25.41,85,101.17,0,1,1,0,2,1,9,6,11,2014,2013,26.147945210000003,25.147945210000003
0,1,17,62,4,0,395,1778,65,156,18.11,30.38,28.67,324,121.91,0,4,3,9,2,8,19,33,9,2013,2022,23.79178082,32.79178082
0,1,18,2,0,0,406,44,59,40,32.48,22.55,22.0,305,133.11,0,0,2,0,0,0,21,1,9,2017,2013,27.95890411,23.95890411
1,1,20,46,2,4,539,1492,126,128,61.37,29.94,35.52,378,142.59,1,4,3,6,1,4,20,25,10,2020,2023,20.89041096,23.89041096
1,0,4,15,2,4,35,244,16,50,35.0,17.5,22.18,35,100.0,0,0,0,1,0,3,5,8,11,2014,2016,27.71506849,29.71506849
1,0,87,33,5,0,2037,1187,87,127,36.43,24.84,35.96,1528,133.31,0,1,14,8,7,3,91,17,0,2013,2013,27.2630137,27.2630137
0,0,84,30,4,0,1408,831,68,149,33.53,17.6,27.7,1147,122.75,0,1,5,4,13,2,85,16,11,2015,2015,22.42465753,22.42465753
1,1,35,97,4,12,670,2997,72,172,45.81,21.61,35.25,567,118.16,0,2,1,20,6,9,36,57,6,2014,2019,24.200000000000003,29.200000000000003
1,1,13,7,4,0,100,68,23,41,11.52,11.11,9.71,109,91.74,0,0,0,0,1,3,13,4,0,2013,2008,25.27671233,20.27671233
1,1,21,2,5,0,404,4,72,3,6.0,25.25,2.0,317,127.44,0,0,1,0,3,0,26,1,6,2024,2022,23.95890411,21.95890411
1,1,8,54,2,6,91,1756,30,138,29.55,15.16,36.58,94,96.8,0,4,0,10,0,4,9,32,7,2017,2017,26.90958904,26.90958904
0,0,19,9,3,0,275,298,42,68,22.43,17.18,33.11,208,132.21,0,0,0,2,4,1,22,5,1,2015,2015,29.65205479,29.65205479
1,0,0,1,0,0,0,1,0,1,0.0,0.0,1.0,0,0.0,0,0,0,0,0,0,1,1,4,2024,2023,31.00821918,30.00821918
1,0,13,3,7,1,64,66,14,39,37.87,10.66,33.0,56,114.28,0,0,0,0,0,0,30,2,8,2017,2017,22.38082192,22.38082192
1,1,12,9,0,0,197,134,43,43,20.53,16.41,14.88,164,120.12,0,0,0,0,2,2,12,5,0,2017,2018,22.74520548,23.74520548
1,0,79,145,12,11,1889,5492,104,193,39.27,28.19,40.98,1567,120.54,1,16,13,23,10,14,80,87,1,1999,2006,22.79178082,29.79178082
1,1,2,11,1,0,68,343,37,95,25.33,68.0,31.18,69,98.55,0,0,0,3,0,0,2,6,5,2009,2009,32.42739726,32.42739726
0,1,32,81,4,5,911,3173,91,175,42.05,32.53,41.75,607,150.08,0,7,3,16,1,6,33,49,3,2018,2016,24.58356164,22.58356164
1,0,0,2,0,0,0,5,0,5,5.4,0.0,2.5,0,0.0,0,0,0,0,0,1,1,1,0,2014,2014,27.13972603,27.13972603
1,1,0,16,0,1,0,447,0,102,2.5,0.0,29.8,0,0.0,0,1,0,3,0,2,1,11,8,2008,2008,25.66027397,25.66027397
1,0,22,26,9,4,216,575,47,91,19.79,16.61,26.13,170,127.05,0,0,0,3,3,3,34,23,8,2009,2006,24.41643836,21.41643836
0,1,23,142,3,6,516,5418,65,264,35.03,25.8,39.83,474,108.86,0,13,3,28,1,11,26,80,7,2014,2012,22.32328767,20.32328767
0,1,9,131,0,12,241,5451,58,195,42.0,26.77,45.8,182,132.41,0,15,1,26,0,8,9,73,3,2011,2016,24.61369863,29.61369863
1,1,79,30,14,2,1690,1003,94,129,34.34,26.0,35.82,1377,122.73,0,1,8,6,10,1,84,16,9,2009,2009,19.175342469999997,19.175342469999997
0,1,9,8,0,0,142,99,47,33,18.06,15.77,12.37,123,115.44,0,0,0,0,3,1,14,4,9,2010,2013,20.786301369999997,23.786301369999997
1,1,117,191,31,11,4188,8848,122,254,58.67,48.69,49.15,3056,137.04,1,29,38,30,7,14,125,113,10,2011,2010,22.73150685,21.73150685
1,0,4,94,0,20,14,1779,6,74,12.58,3.5,24.04,28,50.0,0,0,0,8,0,8,7,64,6,2011,2007,26.095890410000003,22.095890410000003
1,0,62,3,7,0,1137,0,73,0,20.73,20.67,0.0,970,117.21,0,0,7,0,6,3,65,2,0,2021,2020,20.90136986,19.90136986
1,1,17,28,0,1,295,717,56,89,44.42,17.35,26.55,287,102.78,0,0,2,7,0,1,18,16,7,2020,2021,27.68493151,28.68493151
1,0,15,4,0,0,253,89,40,31,39.42,16.86,22.25,179,141.34,0,0,0,0,1,0,16,2,8,2022,2022,23.68767123,23.68767123
0,1,59,6,6,0,1079,58,72,32,30.58,20.35,9.66,971,111.12,0,0,3,0,5,1,61,3,4,2018,2008,33.89589041,23.89589041
0,1,5,80,1,1,30,2608,14,213,28.51,7.5,33.01,41,73.17,0,5,0,14,1,6,5,45,5,2000,2006,23.89315068,29.89315068
0,0,17,6,6,2,135,265,50,96,26.5,12.27,66.25,106,127.35,0,0,1,3,4,2,48,4,10,2021,2017,21.81643836,17.81643836
1,1,11,11,3,1,128,205,42,55,14.57,16.0,20.5,90,142.22,0,0,0,1,0,1,11,6,11,2021,2022,25.15342466,26.15342466
1,0,11,3,4,1,92,94,17,50,14.8,13.14,47.0,79,116.45,0,0,0,1,0,1,13,3,9,2007,2007,25.38082192,25.38082192
1,1,23,213,3,19,442,10099,51,313,31.24,22.1,52.05,364,121.42,0,34,2,33,2,19,25,118,9,2000,2006,22.66575342,28.66575342
1,1,4,14,0,0,11,455,10,100,1.0,2.75,32.5,19,57.89,0,1,0,4,2,0,4,7,11,2022,2018,49.66027397,45.66027397
1,0,12,2,3,0,117,14,40,14,11.27,13.0,7.0,91,128.57,0,0,0,0,3,1,14,1,11,2013,2012,26.65753425,25.65753425
1,1,3,2,0,0,23,88,17,88,24.0,7.66,44.0,30,76.66,0,0,0,1,0,1,3,1,9,2010,2007,24.265753420000003,21.265753420000003
