Bowling Style,Innings_T20_bowling,Innings_Test_bowling,Balls_Test,Runs_T20_bowling,Runs_Test_bowling,Wickets_T20,Wickets_Test,BBI_T20,BBI_Test,Ave_ODI_bowling,Ave_T20_bowling,Ave_Test_bowling,Econ_T20,Econ_Test,SR_T20_bowling,SR_Test_bowling,4_T20,5_T20,5_Test,10_Test,T20_Matches,Test_Matches,Country,SpanStart_Test,SpanStart_T20,Bowling Hand,AgeStart_Test,AgeStart_T20
1,33,12,1385,965,819,30,33,0.0833333333333333,0.0521739130434782,29.56,32.16,24.81,8.25,3.54,23.3,41.9,0,0,4,0,33,6,6,2018,2012,1,24.81917808,18.81917808
1,10,40,5103,240,2715,16,76,0.125,0.0704225352112676,23.6,15.0,35.72,6.31,3.19,14.2,67.1,0,0,1,0,10,22,7,2008,2010,1,25.67945205,27.67945205
1,12,2,420,289,277,4,2,0.0714285714285714,0.0117647058823529,80.0,72.25,138.5,8.02,3.95,54.0,210.0,0,0,0,0,12,2,9,2020,2019,0,24.50684932,23.50684932
0,2,69,7630,42,3919,2,123,0.1052631578947368,0.1875,27.68,21.0,31.86,5.25,3.08,24.0,62.0,0,0,3,1,2,36,8,2001,2005,1,24.03835616,28.03835616
0,41,32,3057,1016,1870,53,70,0.5714285714285714,0.1071428571428571,27.27,19.16,26.71,7.01,3.67,16.3,43.6,3,0,4,0,42,19,8,2019,2019,1,25.70136986,25.70136986
0,3,2,102,97,63,3,4,0.0526315789473684,0.0666666666666666,28.82,32.33,15.75,8.81,3.7,22.0,25.5,0,0,0,0,3,1,5,2010,2010,1,25.005479450000003,25.005479450000003
1,12,41,2094,277,896,8,24,0.1428571428571428,0.06,37.25,34.62,37.33,8.98,2.56,23.1,87.2,0,0,0,0,14,26,2,2004,2005,1,29.08,30.08
0,3,6,533,84,357,6,22,0.2,0.1555555555555555,35.27,14.0,16.22,9.5,4.01,8.8,24.2,1,0,2,1,3,3,5,2024,2023,1,26.5260274,25.5260274
0,3,46,4857,85,2745,3,58,0.2,0.1463414634146341,27.85,28.33,47.32,8.09,3.39,21.0,83.7,0,0,1,0,4,26,7,1998,2006,1,20.65205479,28.65205479
1,49,10,1006,1129,468,49,9,0.2,0.0652173913043478,45.61,23.04,52.0,6.5,2.79,21.2,111.7,0,2,0,0,49,5,2,2013,2016,0,19.79178082,22.79178082
0,72,84,3948,1389,1784,45,33,0.1875,0.0909090909090909,32.61,30.86,54.06,7.12,2.71,25.9,119.6,0,0,0,0,90,109,6,2009,2009,1,22.15616438,22.15616438
0,71,2,138,1814,104,60,1,0.1578947368421052,0.0136986301369863,31.84,30.23,104.0,9.23,4.52,19.6,138.0,0,0,0,0,82,1,1,2010,2011,1,22.24931507,23.24931507
1,28,27,4214,660,2604,35,57,0.2727272727272727,0.04,30.22,18.85,45.68,6.94,3.7,16.2,73.9,0,0,1,0,29,19,9,2005,2008,1,18.86027397,21.86027397
0,2,38,3001,60,1617,3,45,0.1363636363636363,3.0,26.47,20.0,35.93,7.5,3.23,16.0,66.6,0,0,0,0,2,21,8,2002,2006,1,26.99726027,30.99726027
0,2,1,186,31,120,2,1,0.1,0.0083333333333333,29.62,15.5,120.0,5.47,3.87,17.0,186.0,0,0,0,0,2,1,0,2010,2010,0,30.28219178,30.28219178
0,39,8,250,1112,147,50,11,0.1666666666666666,0.2307692307692307,31.74,22.24,13.36,8.91,3.52,14.9,22.7,1,0,0,0,42,4,8,2017,2017,1,21.40547945,21.40547945
0,0,30,3173,0,1964,0,53,0.0,0.0684931506849315,41.26,0.0,37.05,0.0,3.71,0.0,59.8,0,0,3,0,1,19,9,2001,2010,1,22.994520549999997,31.994520549999997
0,4,22,2125,160,1197,3,45,0.0294117647058823,0.1176470588235294,53.8,53.33,26.6,11.42,3.37,28.0,47.2,0,0,1,1,5,14,6,2021,2022,1,23.99726027,24.99726027
0,4,2,190,105,105,3,6,0.1,0.0681818181818181,31.0,35.0,17.5,8.18,3.31,25.6,31.6,0,0,0,0,4,1,0,2002,2005,1,27.032876709999996,30.032876709999996
1,26,12,1571,487,916,23,21,0.2857142857142857,0.0508474576271186,35.93,21.17,43.61,7.16,3.49,17.7,74.8,0,0,1,0,32,8,11,2019,2014,1,26.24657534,21.24657534
1,60,27,2540,1427,1064,62,55,0.3333333333333333,0.1578947368421052,32.86,23.01,19.34,7.38,2.51,18.6,46.1,0,0,5,1,62,14,7,2021,2015,0,27.52328767,21.52328767
0,29,65,5889,928,3678,48,102,0.125,0.0617283950617283,28.45,19.33,36.05,8.51,3.74,13.6,57.7,2,1,1,0,29,35,1,2016,2022,1,19.69041096,25.69041096
1,110,34,3816,2936,2390,120,60,2.0,0.1020408163265306,32.04,24.46,39.83,7.33,3.75,20.0,63.6,3,0,2,0,114,19,5,2015,2009,1,27.446575340000003,21.446575340000003
0,1,6,450,21,278,0,6,0.0,0.0338983050847457,26.5,0.0,46.33,7.0,3.7,0.0,75.0,0,0,0,0,1,3,10,2009,2008,1,30.63835616,29.63835616
1,33,20,3015,838,1673,44,28,0.25,0.0634920634920634,29.29,19.04,59.75,6.88,3.32,16.5,107.6,1,0,0,0,34,13,4,2006,2006,0,24.12054795,24.12054795
1,8,43,6892,192,2910,11,99,0.2857142857142857,0.24,38.06,17.45,29.39,7.38,2.53,14.1,69.6,0,0,2,0,8,22,10,2007,2007,0,27.410958899999997,27.410958899999997
0,3,18,1964,106,1118,4,30,0.074074074074074,0.056338028169014,22.8,26.5,37.26,9.63,3.41,16.5,65.4,0,0,0,0,3,13,4,2018,2018,1,24.99178082,24.99178082
0,5,5,528,148,371,4,3,0.0606060606060606,0.025,0.0,37.0,123.66,10.57,4.21,21.0,176.0,0,0,0,0,5,3,4,2012,2012,1,19.98356164,19.98356164
0,5,14,1200,116,638,8,20,0.1333333333333333,0.1666666666666666,25.78,14.5,31.9,6.82,3.19,12.7,60.0,1,0,0,0,5,7,10,2011,2011,1,31.89863014,31.89863014
0,29,10,1016,730,545,43,9,0.15,0.0375,27.63,16.97,60.55,7.13,3.21,14.2,112.8,0,0,0,0,31,7,4,2013,2013,1,20.5890411,20.5890411
1,2,19,1103,35,709,2,6,0.1666666666666666,1.0,52.29,17.5,118.16,7.0,3.85,15.0,183.8,0,0,0,0,7,17,4,2002,2007,1,18.57534247,23.57534247
1,33,8,984,752,517,30,18,0.0769230769230769,0.08,25.4,25.06,28.72,6.77,3.15,22.2,54.6,0,0,2,0,33,4,3,2019,2013,0,27.956164379999997,21.956164379999997
0,1,3,66,13,24,1,1,0.0769230769230769,0.1,0.0,13.0,24.0,13.0,2.18,6.0,66.0,0,0,0,0,9,2,4,2018,2018,1,25.69589041,25.69589041
0,8,2,216,178,115,6,2,0.08,0.048780487804878,40.07,29.66,57.5,7.52,3.19,23.6,108.0,0,0,0,0,8,1,9,2023,2022,1,26.34794521,25.34794521
0,86,37,3348,2079,1644,90,63,1.25,0.073170731707317,35.11,23.1,26.09,6.96,2.94,19.9,53.1,3,2,4,0,87,21,7,2013,2012,1,23.47945205,22.47945205
0,25,150,16531,714,9554,28,310,0.1304347826086956,0.1666666666666666,23.36,25.5,30.81,7.86,3.46,19.4,53.3,0,0,10,0,25,76,2,1999,2005,1,22.72328767,28.72328767
1,11,7,762,257,480,5,12,0.0588235294117647,0.0357142857142857,34.9,51.4,40.0,8.03,3.77,38.4,63.5,0,0,1,0,11,4,9,2018,2018,1,21.40273973,21.40273973
0,55,11,1195,1465,578,66,24,0.2142857142857142,0.0833333333333333,32.7,22.19,24.08,7.22,2.9,18.4,49.7,0,0,0,0,56,7,9,2017,2018,1,20.82465753,21.82465753
1,30,4,459,774,436,32,4,0.2,0.028169014084507,118.0,24.18,109.0,7.81,5.69,18.5,114.7,1,0,0,0,31,3,11,2023,2021,1,24.91780822,22.91780822
1,0,0,0,0,0,0,0,0.0,0.0,0.0,0.0,0.0,0.0,0.0,0.0,0.0,0,0,0,0,1,2,1,2008,2007,1,26.095890410000003,25.095890410000003
0,36,152,11795,856,6506,26,203,0.1153846153846153,0.2727272727272727,42.39,32.92,32.04,8.39,3.3,23.5,58.1,0,0,4,0,43,105,5,2013,2011,1,22.150684929999997,20.150684929999997
1,39,31,4730,952,2434,66,70,0.75,0.0606060606060606,21.86,14.42,34.77,6.45,3.08,13.4,67.5,3,2,4,1,39,19,6,2008,2008,1,23.383561640000003,23.383561640000003
0,19,2,231,627,175,25,6,0.2857142857142857,0.078125,34.6,25.08,29.16,9.19,4.54,16.3,38.5,1,0,1,0,19,1,8,2020,2014,0,30.13972603,24.13972603
0,56,4,363,1703,151,56,8,0.1333333333333333,0.0714285714285714,30.08,30.41,18.87,8.47,2.49,21.5,45.3,2,0,0,0,56,2,11,2024,2017,1,31.87671233,24.87671233
0,18,6,635,536,435,19,12,0.1481481481481481,0.04,42.43,28.21,36.25,9.43,4.11,17.9,52.9,1,0,0,0,18,3,0,2023,2019,1,29.79452055,25.79452055
0,11,7,833,323,464,4,12,0.0416666666666666,0.081967213114754,35.9,80.75,38.66,8.14,3.34,59.5,69.4,0,0,1,0,11,4,9,2011,2012,0,21.43287671,22.43287671
0,7,49,6078,161,2822,9,99,0.1333333333333333,0.0666666666666666,37.06,17.88,28.5,6.19,2.78,17.3,61.3,0,0,2,0,7,27,2,2009,2007,1,26.37260274,24.37260274
0,9,3,438,255,291,5,6,0.0555555555555555,0.0461538461538461,73.16,51.0,48.5,9.8,3.98,31.2,73.0,0,0,0,0,9,2,10,2013,2013,1,21.865753419999997,21.865753419999997
0,45,7,474,985,385,31,6,0.16,0.1538461538461538,35.67,31.77,64.16,8.06,4.87,23.6,79.0,2,0,0,0,56,6,11,2023,2021,1,24.2739726,22.2739726
0,7,44,2190,178,1236,5,35,0.125,0.1851851851851851,39.66,35.6,35.31,8.9,3.38,24.0,62.5,0,0,1,0,8,28,2,2020,2022,1,21.15342466,23.15342466
0,39,2,156,953,148,24,1,0.0909090909090909,0.0076923076923076,31.87,39.7,148.0,8.37,5.69,28.4,156.0,0,0,0,0,42,1,6,2019,2021,1,23.16712329,25.16712329
0,21,53,4054,461,1615,12,49,0.0909090909090909,0.1463414634146341,41.0,38.41,32.95,8.61,2.39,26.7,82.7,0,0,1,0,41,29,0,2016,2012,1,30.019178080000003,26.019178080000003
0,63,4,274,1741,132,75,8,0.3076923076923077,0.125,26.08,23.21,16.5,8.04,2.89,17.3,34.2,2,0,0,0,65,2,11,2024,2015,1,34.31780822,25.317808220000003
0,18,29,2996,615,1627,17,55,0.1034482758620689,0.0892857142857142,36.11,36.17,29.58,9.31,3.25,23.2,54.4,0,0,2,0,18,18,6,2018,2016,1,25.15890411,23.15890411
0,32,23,2489,1035,1392,33,29,0.1333333333333333,0.0434782608695652,38.5,31.36,48.0,8.94,3.35,21.0,85.8,1,0,0,0,32,15,9,2005,2008,1,19.67123288,22.67123288
0,25,46,4951,755,3134,33,85,0.4285714285714285,0.0491803278688524,32.28,22.87,36.87,8.32,3.79,16.4,58.2,0,0,1,0,26,28,6,2016,2019,1,19.45753425,22.45753425
0,23,8,623,697,459,34,12,0.1481481481481481,0.0789473684210526,36.58,20.5,38.25,8.39,4.42,14.6,51.9,1,0,0,0,23,4,8,2016,2012,1,29.24657534,25.24657534
0,94,16,1530,2847,752,108,21,0.6666666666666666,0.2222222222222222,36.08,26.36,35.8,8.74,2.94,18.0,72.8,4,0,0,0,95,8,5,2014,2014,1,25.81917808,25.81917808
0,6,2,168,183,101,4,1,0.0833333333333333,0.0178571428571428,24.37,45.75,101.0,8.07,3.6,34.0,168.0,0,0,0,0,6,1,2,2009,2010,1,26.43835616,27.43835616
0,9,10,999,241,593,17,16,0.2105263157894736,0.108695652173913,29.62,14.17,37.06,7.3,3.56,11.6,62.4,1,0,1,0,9,6,8,2005,2005,1,30.616438359999997,30.616438359999997
0,1,1,150,10,85,0,1,0.0,0.0117647058823529,83.0,0.0,85.0,10.0,3.4,0.0,150.0,0,0,0,0,1,1,9,2020,2020,1,27.27671233,27.27671233
0,39,4,408,1013,242,31,1,0.15,0.0333333333333333,41.06,32.67,242.0,8.57,3.55,22.8,408.0,0,0,0,0,41,3,1,2015,2011,1,27.030136990000003,23.030136990000003
0,33,97,9037,822,4576,31,160,0.75,0.3529411764705882,30.01,26.51,28.6,8.07,3.03,19.7,56.4,0,0,5,1,33,51,5,2013,2011,1,24.408219180000003,22.408219180000003
0,6,126,14026,193,7878,7,233,0.1428571428571428,0.2307692307692307,44.66,27.57,33.81,8.39,3.37,19.7,60.1,0,0,10,1,6,71,0,2000,2007,1,25.63561644,32.63561644
0,9,6,599,190,354,3,10,0.0909090909090909,0.08,46.57,63.33,35.4,9.04,3.54,42.0,59.9,0,0,0,0,9,3,9,2016,2020,1,21.23013699,25.23013699
1,9,2,114,188,67,7,0,0.1666666666666666,0.0,51.28,26.85,0.0,7.23,3.52,22.2,0.0,0,0,0,0,15,1,9,2020,2013,1,29.605479449999997,22.605479449999997
0,1,23,2902,45,1431,2,53,0.0444444444444444,0.125,47.0,22.5,27.0,11.25,2.95,12.0,54.7,0,0,2,0,1,12,5,2007,2007,1,25.90684932,25.90684932
1,7,59,8067,137,4350,7,117,0.2352941176470588,0.1632653061224489,43.89,19.57,37.17,6.79,3.23,17.2,68.9,1,0,4,1,7,36,1,2011,2011,1,25.72876712,25.72876712
0,15,1,102,478,77,15,0,0.125,0.0,24.87,31.86,0.0,9.75,4.52,19.6,0.0,0,0,0,0,15,1,6,2023,2022,0,22.8630137,21.8630137
0,8,7,833,265,399,9,9,0.125,0.0769230769230769,54.25,29.44,44.33,8.88,2.87,19.8,92.5,1,0,0,0,8,4,8,2020,2017,1,31.317808220000003,28.317808220000003
0,27,14,1050,696,682,35,13,0.2941176470588235,0.0769230769230769,27.05,19.88,53.83,8.28,3.835,14.4,81.75,0,1,0,0,30,3,8,2019,2017,1,30.33424658,28.33424658
0,18,51,5164,470,2873,20,74,0.12,0.15,32.5,23.5,38.82,9.09,3.33,15.5,69.7,0,0,2,0,20,28,0,2011,2011,1,20.835616440000003,20.835616440000003
0,5,66,7077,131,4068,2,85,0.1666666666666666,0.2,31.53,65.5,47.85,7.7,3.44,51.0,83.2,0,0,1,0,5,37,1,2002,2007,1,24.28767123,29.28767123
0,1,5,258,17,185,0,4,0.0,0.0666666666666666,37.57,0.0,46.25,4.25,4.3,0.0,64.5,0,0,0,0,1,3,1,2003,2009,1,22.02739726,28.02739726
0,9,23,2401,249,1296,9,50,0.0454545454545454,0.1785714285714285,23.9,27.66,25.92,7.11,3.23,23.3,48.0,0,0,2,0,9,12,2,2009,2011,0,28.01369863,30.01369863
0,77,61,6466,2036,3426,78,86,0.2105263157894736,0.109090909090909,29.51,26.1,39.83,8.11,3.17,19.2,75.1,3,0,2,0,91,40,1,2004,2006,1,20.810958900000003,22.810958900000003
0,12,20,685,183,350,8,3,0.074074074074074,0.1428571428571428,21.15,22.87,116.66,10.87,3.06,12.6,228.3,0,0,0,0,67,23,0,2019,2019,1,28.19178082,28.19178082
0,2,1,84,26,40,3,0,0.3333333333333333,0.0,0.0,8.66,0.0,8.66,2.85,6.0,0.0,0,0,0,0,4,3,5,1999,2007,1,25.18356164,33.18356164
1,25,81,3693,327,2020,16,34,0.0909090909090909,0.12,43.34,20.43,59.41,6.86,3.28,17.8,108.6,0,0,0,0,45,54,6,2016,2015,1,24.89589041,23.89589041
0,11,13,651,212,344,7,7,0.125,0.0422535211267605,37.45,30.28,49.14,8.95,3.17,20.2,93.0,0,0,0,0,33,10,1,2004,2006,1,21.29589041,23.29589041
0,3,45,4877,93,2445,3,77,0.125,0.1111111111111111,32.12,31.0,31.75,9.3,3.0,20.0,63.3,0,0,2,0,3,26,0,2000,2005,1,22.13150685,27.13150685
0,23,25,2693,617,1273,16,26,0.15,0.1304347826086956,40.44,38.56,48.96,8.87,2.83,26.0,103.5,0,0,0,0,23,16,9,2014,2016,1,26.36712329,28.36712329
0,4,31,3317,140,1980,7,42,0.0588235294117647,0.1304347826086956,22.9,20.0,47.14,9.23,3.58,13.0,78.9,0,0,1,0,4,20,4,2019,2022,1,25.55890411,28.55890411
1,7,7,863,146,518,9,12,0.3846153846153846,0.0638297872340425,32.2,16.22,43.16,6.34,3.6,15.3,71.9,0,1,1,0,7,4,4,2011,2012,0,25.57534247,26.57534247
0,26,97,9602,617,6249,20,165,0.1304347826086956,0.0804597701149425,30.2,30.85,37.87,8.24,3.9,22.4,58.1,0,0,12,0,26,55,1,2003,2007,1,21.47671233,25.47671233
0,46,31,1908,981,991,36,25,0.6,0.0714285714285714,46.3,27.25,39.64,7.65,3.11,21.3,76.3,0,0,0,0,48,17,10,2018,2017,1,24.53424658,23.53424658
0,6,6,366,207,245,8,10,0.09375,0.081081081081081,23.22,25.87,24.5,10.18,4.01,15.2,36.6,0,0,0,0,6,3,8,2023,2023,1,22.82465753,22.82465753
1,15,11,1088,364,561,21,25,0.1363636363636363,0.1891891891891892,19.81,17.33,22.44,7.0,3.09,14.8,43.5,0,0,2,1,15,7,1,2022,2021,0,27.33424658,26.33424658
1,5,2,192,80,141,4,3,0.1428571428571428,0.025,38.91,20.0,47.0,6.57,4.4,18.2,64.0,0,0,0,0,5,1,9,2011,2010,1,30.40273973,29.40273973
0,3,6,818,93,314,4,7,0.1052631578947368,0.1428571428571428,37.01,23.25,44.85,8.45,2.3,16.5,116.8,0,0,0,0,3,4,9,1999,2006,1,23.54246575,30.54246575
1,15,13,1524,373,933,7,17,0.064516129032258,0.05,26.84,53.28,54.88,7.61,3.67,42.0,89.6,0,0,0,0,15,7,2,1996,2006,0,25.47671233,35.47671233
0,1,2,168,25,113,1,1,0.04,0.0357142857142857,44.8,25.0,113.0,6.25,4.03,24.0,168.0,0,0,0,0,1,1,1,2009,2009,1,26.54246575,26.54246575
1,9,8,606,113,297,2,17,0.0909090909090909,0.1111111111111111,39.25,56.5,17.47,7.29,2.94,46.5,35.6,0,0,1,0,78,7,0,2020,2017,1,23.64657534,20.64657534
1,14,5,473,340,252,15,9,0.1304347826086956,0.078125,24.0,22.66,28.0,7.08,3.19,19.2,52.5,0,0,1,0,14,3,8,2019,2020,0,27.65205479,28.65205479
1,93,3,369,1905,233,83,3,0.2,0.0317460317460317,36.5,22.95,77.66,7.15,3.78,19.2,123.0,1,0,0,0,139,2,11,2019,2010,0,27.019178080000003,18.019178080000003
0,6,3,300,200,209,5,2,0.1764705882352941,0.0117647058823529,27.61,40.0,104.5,10.0,4.18,24.0,150.0,0,0,0,0,6,3,11,2023,2022,1,32.68219178,31.682191779999997
1,1,13,1714,17,914,0,15,0.0,0.0545454545454545,73.2,0.0,60.93,5.66,3.19,0.0,114.2,0,0,0,0,1,9,5,2003,2009,1,25.79452055,31.79452055
1,75,9,462,1310,341,43,8,0.3,0.0314960629921259,48.34,30.46,42.62,8.02,4.42,22.7,57.7,0,0,0,0,113,7,2,2013,2012,1,24.79178082,23.79178082
1,38,109,15349,859,7642,51,255,0.2307692307692307,0.0923076923076923,27.76,16.84,29.96,6.36,2.98,15.8,60.1,0,0,17,3,39,60,5,2008,2008,1,29.34794521,29.34794521
0,91,19,937,2205,528,86,17,0.25,0.1785714285714285,35.23,25.63,31.05,8.17,3.38,18.8,55.1,3,0,1,0,102,11,7,2017,2016,1,23.8,22.8
0,11,1,90,331,47,10,0,0.0555555555555555,0.0,24.84,33.1,0.0,9.23,3.13,21.5,0.0,0,0,0,0,11,1,0,2010,2020,1,23.43287671,33.43287671
1,4,14,1152,96,633,4,16,0.09375,0.0357142857142857,34.22,24.0,39.56,6.85,3.29,21.0,72.0,0,0,0,0,4,8,6,1998,2006,1,18.578082190000003,26.578082190000003
1,17,170,25993,373,12157,18,433,1.6666666666666667,0.0708661417322834,31.91,20.72,28.07,6.13,2.8,20.2,60.0,0,1,34,9,17,93,6,1999,2011,0,21.36164384,33.36164384
0,70,1,78,2136,78,102,1,0.2222222222222222,0.0128205128205128,26.4,20.94,78.0,8.16,6.0,15.3,78.0,3,0,0,0,72,1,10,2022,2020,1,28.7260274,26.7260274
0,50,46,4295,1456,2185,60,80,0.2222222222222222,0.1851851851851851,30.84,24.26,27.31,8.45,3.05,17.2,53.6,1,0,6,1,51,24,10,2017,2016,1,23.0739726,22.0739726
0,18,2,234,464,157,18,6,0.0638297872340425,0.0615384615384615,32.1,25.77,26.16,7.48,4.02,20.6,39.0,0,0,0,0,18,1,4,2024,2020,1,24.79726027,20.79726027
0,14,188,19160,400,10078,8,311,0.0588235294117647,0.0945945945945946,30.98,50.0,32.4,8.63,3.15,34.7,61.6,0,0,11,1,14,105,7,2007,2008,1,18.90684932,19.90684932
0,1,7,1021,22,540,0,9,0.0,0.0410958904109589,29.47,0.0,60.0,5.5,3.17,0.0,113.4,0,0,0,0,1,5,1,2006,2006,0,32.05479452,32.05479452
0,4,37,4394,116,2429,6,73,0.0666666666666666,0.08,34.85,19.33,33.27,8.92,3.31,13.0,60.1,0,0,1,0,4,22,0,2005,2009,1,29.05205479,33.05205479
0,18,14,1368,481,884,23,24,0.1578947368421052,0.1304347826086956,37.07,20.91,36.83,8.06,3.87,15.5,57.0,0,0,1,0,19,8,0,2002,2009,1,20.67945205,27.67945205
0,23,54,5884,618,3226,28,100,0.1875,0.1186440677966101,29.72,22.07,32.26,8.02,3.28,16.5,58.8,0,0,7,2,24,29,7,2003,2006,0,18.75616438,21.75616438
1,112,37,4001,3171,2464,138,57,0.1428571428571428,0.0697674418604651,35.73,22.97,43.22,7.99,3.69,17.2,70.1,3,0,1,0,117,20,0,2013,2014,1,20.74520548,21.74520548
0,2,2,84,67,62,1,0,0.0294117647058823,0.0,31.55,67.0,0.0,8.37,4.42,48.0,0.0,0,0,0,0,2,1,10,2006,2007,1,25.66027397,26.66027397
0,2,2,246,55,122,4,3,0.1666666666666666,0.0441176470588235,27.77,13.75,40.66,7.85,2.97,10.5,82.0,1,0,0,0,2,1,5,2006,2005,1,30.9260274,29.9260274
1,2,6,103,17,66,1,0,0.1111111111111111,0.0,47.5,17.0,0.0,12.75,3.84,8.0,0.0,0,0,0,0,16,13,6,2002,2007,1,21.550684930000003,26.550684930000003
1,2,6,663,76,379,0,5,0.0,0.0318471337579617,43.41,0.0,75.8,12.66,3.42,0.0,132.6,0,0,1,0,2,3,9,2014,2018,1,29.161643840000004,33.16164384
0,18,6,535,556,243,19,11,0.1153846153846153,0.119047619047619,29.37,29.26,22.09,8.42,2.72,20.8,48.6,0,0,1,0,18,3,2,2019,2017,1,22.85753425,20.85753425
0,25,24,2609,693,1304,31,42,0.1212121212121212,0.1333333333333333,21.73,22.35,31.04,7.51,2.99,17.8,62.1,1,0,3,0,25,13,5,2019,2019,1,24.3260274,24.3260274
1,15,4,786,416,321,7,11,0.0625,0.0851063829787234,27.76,59.42,29.18,7.87,2.45,45.2,71.4,0,0,0,0,17,2,5,2010,2012,1,28.41917808,30.41917808
0,5,15,492,68,280,2,5,0.5,0.2857142857142857,34.33,34.0,56.0,6.8,3.41,30.0,98.4,0,0,0,0,22,18,0,2008,2008,1,23.980821919999997,23.980821919999997
0,10,7,474,301,231,14,3,0.0789473684210526,0.04,25.0,21.5,77.0,8.68,2.92,14.8,158.0,0,0,0,0,10,4,7,2010,2016,0,18.78082192,24.78082192
1,14,1,60,395,68,7,2,0.0769230769230769,0.0294117647058823,31.44,56.42,34.0,8.0,6.8,42.2,30.0,0,0,0,0,14,1,6,2022,2015,1,32.47945205,25.47945205
0,32,55,4964,793,1983,19,60,0.0909090909090909,0.0975609756097561,29.17,41.73,33.05,8.71,2.39,28.7,82.7,0,0,0,0,36,33,0,2002,2005,1,24.00273973,27.00273973
0,53,21,1076,1078,675,39,14,0.1875,0.0714285714285714,36.0,27.64,48.21,9.09,3.76,18.2,76.8,0,0,0,0,79,12,0,2014,2012,1,23.865753419999997,21.865753419999997
0,30,78,7757,863,4480,33,130,0.5,0.1276595744680851,29.53,26.15,34.46,8.63,3.46,18.1,59.6,0,0,4,0,30,46,1,2003,2006,1,19.10136986,22.10136986
0,26,54,4767,417,2786,20,82,0.2666666666666666,0.0504201680672268,41.4,20.85,33.97,7.65,3.5,16.3,58.1,1,0,3,0,38,31,0,2001,2006,0,20.7260274,25.7260274
0,69,69,7182,1579,3291,89,159,0.4285714285714285,0.2222222222222222,23.55,17.74,20.69,6.27,2.74,16.9,45.1,0,0,10,0,70,36,7,2018,2016,1,24.64657534,22.64657534
0,4,38,3963,104,2133,3,81,0.1176470588235294,0.1851851851851851,42.56,34.66,26.33,8.0,3.22,26.0,48.9,0,0,4,0,4,21,2,2011,2011,1,21.23835616,21.23835616
0,19,350,40037,552,18627,18,704,0.1304347826086956,0.1666666666666666,29.22,30.66,26.45,7.84,2.79,23.4,56.8,0,0,32,3,19,188,5,2003,2007,1,21.0,25.0
0,1,137,14234,49,6770,1,259,0.0204081632653061,0.1891891891891892,25.42,49.0,26.13,12.25,2.85,24.0,54.9,0,0,8,0,1,71,2,1996,2005,1,21.27671233,30.27671233
0,60,118,11029,1906,4821,66,160,0.1851851851851851,0.1428571428571428,36.96,28.87,30.13,8.57,2.62,20.1,68.9,2,1,8,1,63,67,1,2014,2014,1,22.73150685,22.73150685
1,41,60,2763,599,1640,21,43,0.1666666666666666,0.0851063829787234,45.55,28.52,38.555,7.76,3.725,22.0,62.15,0,0,0,0,81,46,8,2008,2007,1,24.290410960000003,23.290410960000003
0,24,2,166,684,98,36,6,0.1851851851851851,0.0784313725490196,30.85,19.0,16.33,7.96,3.54,14.3,27.6,0,1,0,0,24,1,2,2013,2012,0,23.24931507,22.24931507
0,51,132,14577,1449,6778,65,273,0.3333333333333333,0.0895522388059701,26.34,22.29,24.82,7.48,2.78,17.8,53.3,4,0,12,0,51,70,2,2014,2013,1,23.55616438,22.55616438
1,10,42,5833,269,3078,16,65,0.15,0.0454545454545454,34.51,16.81,47.35,8.11,3.16,12.4,89.7,0,0,1,0,11,24,0,2006,2005,1,26.227397259999996,25.227397259999996
0,2,6,612,83,343,2,3,0.0256410256410256,0.0212765957446808,46.66,41.5,114.33,11.85,3.36,21.0,204.0,0,0,0,0,2,4,5,2016,2018,1,25.37534247,27.37534247
0,9,2,234,247,153,7,1,0.2142857142857142,0.0196078431372549,29.9,35.28,153.0,7.96,3.92,26.5,234.0,0,0,0,0,9,1,2,2012,2010,1,26.734246579999997,24.734246579999997
1,1,9,715,20,493,2,16,0.1,0.0520833333333333,28.5,10.0,30.81,10.0,4.13,6.0,44.6,0,0,1,0,1,6,4,2014,2015,1,18.87945205,19.87945205
0,9,41,4605,236,2253,8,71,0.125,0.131578947368421,29.23,29.5,31.73,8.74,2.93,20.2,64.8,0,0,5,0,9,22,10,2011,2011,0,21.59726027,21.59726027
0,65,112,11416,1928,6419,71,291,0.1666666666666666,0.0625,27.77,27.15,22.05,8.3,3.37,19.6,39.2,0,0,14,4,65,62,8,2015,2014,1,20.17808219,19.17808219
1,6,3,270,150,204,4,4,0.0869565217391304,0.0273972602739726,25.63,37.5,51.0,8.33,4.53,27.0,67.5,0,0,0,0,6,2,1,2024,2021,1,24.68219178,21.68219178
0,13,36,3558,412,1579,10,80,0.1304347826086956,0.125,36.5,41.2,19.73,9.29,2.66,26.6,44.4,0,0,5,1,13,19,0,2020,2020,1,25.58082192,25.58082192
1,35,83,9575,846,5055,35,158,0.1111111111111111,0.0697674418604651,30.65,24.17,31.99,7.11,3.16,20.3,60.6,0,0,9,1,35,50,8,2016,2021,0,26.473972600000003,31.473972600000003
0,11,147,14464,284,7491,10,270,0.08,0.125,31.08,28.4,27.74,7.28,3.1,23.4,53.5,0,0,11,1,11,81,1,2009,2008,1,21.07945205,20.07945205
0,42,31,2902,1228,1453,43,44,0.1153846153846153,0.25,27.02,28.55,33.02,8.21,3.0,20.8,65.9,0,0,0,0,42,19,0,2004,2005,1,25.37260274,26.37260274
1,5,2,25,38,16,0,0,0.0,0.0,33.4,0.0,0.0,6.16,3.84,0.0,0.0,0,0,0,0,49,3,6,2021,2021,1,24.08219178,24.08219178
0,21,21,2081,579,886,26,39,0.15,0.2413793103448276,30.91,22.26,22.71,7.96,2.55,16.7,53.3,0,0,3,0,21,11,8,2013,2013,1,26.11232877,26.11232877
0,52,2,60,1149,31,58,0,0.0888888888888888,0.0,32.68,19.81,0.0,7.51,3.1,15.8,0.0,1,0,0,0,110,3,11,2018,2008,1,34.40273973,24.40273973
1,7,3,438,106,249,2,5,1.0,0.0236220472440944,40.69,53.0,49.8,9.63,3.41,33.0,87.6,0,0,0,0,8,3,9,2005,2006,0,24.95068493,25.95068493
0,22,22,2511,665,1354,28,46,0.2,0.0925925925925925,36.0,23.75,29.43,8.9,3.23,16.0,54.5,0,0,3,0,22,13,9,2011,2011,1,22.449315069999997,22.449315069999997
0,23,5,342,700,189,25,6,0.3333333333333333,0.08,36.41,28.0,31.5,9.09,3.31,18.4,57.0,0,1,0,0,23,3,1,2018,2018,1,20.43561644,20.43561644
0,58,38,3567,1530,1794,66,48,0.1290322580645161,0.1904761904761904,33.92,23.18,37.37,7.45,3.01,18.6,74.3,2,0,0,0,58,21,6,2005,2008,1,23.019178080000003,26.019178080000003
0,2,3,324,64,98,0,4,0.0,0.048780487804878,69.83,0.0,24.5,9.14,1.81,0.0,81.0,0,0,0,0,2,2,9,2013,2012,1,25.47123288,24.47123288
0,12,28,1524,152,622,0,34,0.0,0.2777777777777778,45.14,0.0,18.29,9.5,2.44,0.0,44.8,0,0,1,0,38,18,1,2021,2020,1,28.89041096,27.89041096
1,2,6,594,48,295,2,5,0.064516129032258,0.0425531914893617,23.38,24.0,59.0,8.0,2.97,18.0,118.8,0,0,0,0,2,4,6,2003,2012,1,21.19178082,30.19178082
0,1,44,4327,37,2698,0,75,0.0,0.1,30.5,0.0,35.97,12.33,3.74,0.0,57.6,0,0,1,0,1,25,6,2008,2011,1,25.164383559999997,28.164383559999997
1,1,2,294,28,238,1,4,0.0357142857142857,0.0210526315789473,0.0,28.0,59.5,7.0,4.85,24.0,73.5,0,0,0,0,1,1,7,2014,2014,1,26.76712329,26.76712329
0,49,3,150,1140,105,42,0,0.4545454545454545,0.0,0.0,27.14,0.0,8.19,4.2,19.8,0.0,0,1,0,0,66,2,3,2023,2016,1,24.96712329,17.96712329
1,39,22,1964,971,1116,69,53,0.2941176470588235,0.125,26.01,14.07,21.05,6.77,3.4,12.4,37.0,1,2,4,0,40,12,7,2017,2017,0,22.62465753,22.62465753
0,5,15,1756,121,1004,10,27,0.1578947368421052,0.0657894736842105,39.52,12.1,37.18,7.56,3.43,9.6,65.0,0,0,1,0,5,8,7,2003,2012,1,21.838356159999996,30.838356159999996
0,42,31,2351,1296,1222,62,54,0.1282051282051282,0.1538461538461538,28.5,20.9,22.62,9.33,3.11,13.4,43.5,2,1,3,0,42,18,8,2018,2017,1,22.33424658,21.33424658
0,9,6,419,265,245,5,11,0.0909090909090909,0.0526315789473684,86.0,53.0,22.27,9.69,3.5,32.8,38.0,0,0,0,0,9,3,8,2020,2019,1,22.21369863,21.21369863
1,11,5,526,242,298,6,7,0.1111111111111111,0.0588235294117647,56.8,40.33,42.57,7.11,3.39,34.0,75.1,0,0,0,0,11,3,5,2016,2016,0,26.410958899999997,26.410958899999997
0,11,2,185,371,105,16,3,0.0857142857142857,0.0555555555555555,47.6,23.18,35.0,9.59,3.4,14.5,61.6,0,0,0,0,11,2,8,2022,2021,1,28.82739726,27.82739726
0,22,25,2659,627,1536,25,41,0.1428571428571428,0.078125,29.7,25.08,37.46,7.9,3.46,19.0,64.8,0,0,1,0,22,13,5,2005,2006,1,20.31232877,21.31232877
0,42,1,66,1081,47,61,0,0.238095238095238,0.0,31.55,17.72,0.0,7.15,4.27,14.8,0.0,2,1,0,0,42,1,0,2019,2017,1,28.1260274,26.1260274
0,23,9,870,541,448,18,9,0.1875,0.0697674418604651,24.96,30.05,49.77,6.93,3.08,26.0,96.6,0,0,0,0,23,5,8,2010,2009,0,26.394520550000003,25.394520550000003
0,57,1,102,1469,68,66,1,0.2222222222222222,0.0147058823529411,33.47,22.25,68.0,8.64,4.0,15.4,102.0,1,0,0,0,65,1,9,2021,2015,1,26.47671233,20.47671233
0,3,5,660,58,395,2,5,0.0833333333333333,0.0512820512820512,32.27,29.0,79.0,7.25,3.59,24.0,132.0,0,0,0,0,3,4,1,2008,2008,1,23.89589041,23.89589041
1,31,0,0,658,0,24,0,0.1764705882352941,0.0,30.76,27.41,0.0,8.43,0.0,19.5,0.0,0,0,0,0,48,1,5,2022,2017,1,28.98630137,23.98630137
0,13,22,1980,387,1117,13,49,0.1875,0.1428571428571428,32.51,29.76,22.79,8.38,3.38,21.3,40.4,0,0,1,0,13,13,8,2021,2022,0,21.24383562,22.24383562
1,1,15,1932,27,820,0,24,0.0,0.0909090909090909,43.56,0.0,34.16,6.75,2.54,0.0,80.5,0,0,0,0,1,8,7,2000,2007,0,23.88219178,30.88219178
0,5,3,168,220,130,8,2,0.073170731707317,0.037037037037037,25.58,27.5,65.0,11.0,4.64,15.0,84.0,0,0,0,0,5,2,7,2023,2023,1,27.44109589,27.44109589
1,51,4,365,1305,188,46,5,0.1764705882352941,0.0714285714285714,29.5,28.36,37.6,6.82,3.09,24.9,73.0,0,0,0,0,51,2,6,2022,2021,1,21.99452055,20.99452055
0,6,4,448,228,277,7,9,0.0769230769230769,0.0864197530864197,19.8,32.57,30.77,9.77,3.7,20.0,49.7,0,0,1,0,6,2,8,2011,2012,1,20.79452055,21.79452055
0,65,170,17417,1881,9932,79,358,0.2,0.12,22.96,23.81,27.74,7.74,3.42,18.4,48.6,1,0,14,2,65,89,2,2011,2012,0,21.49589041,22.49589041
0,33,67,6434,979,3554,50,117,0.3333333333333333,0.1621621621621621,39.46,19.58,30.37,8.4,3.31,13.9,54.9,0,0,5,0,34,36,5,2015,2015,1,25.54794521,25.54794521
0,10,4,330,194,164,7,2,0.1363636363636363,0.0208333333333333,43.37,27.71,82.0,8.43,2.98,19.7,165.0,0,0,0,0,24,4,2,2013,2009,1,26.49041096,22.49041096
1,12,6,198,155,111,6,1,0.6666666666666666,0.0625,46.37,25.83,111.0,7.56,3.36,20.5,198.0,0,0,0,0,46,8,6,2017,2016,1,26.36712329,25.36712329
0,53,8,762,719,431,33,13,0.1875,0.0652173913043478,37.0,21.78,33.15,8.26,3.39,15.8,58.6,0,0,0,0,102,6,6,2016,2015,1,24.88767123,23.88767123
1,3,78,10805,72,5780,3,161,0.1153846153846153,0.1875,31.46,24.0,35.9,7.2,3.2,20.0,67.1,0,0,8,2,3,43,6,2014,2011,1,32.01917808,29.019178080000003
0,8,35,2940,199,1631,7,25,0.1111111111111111,0.0769230769230769,28.06,28.42,65.24,7.37,3.32,23.1,117.6,0,0,0,0,8,22,6,2004,2006,1,19.89315068,21.89315068
1,19,16,1551,364,1003,24,24,0.6,0.0533333333333333,42.26,15.16,41.79,6.4,3.88,14.2,64.6,0,0,0,0,22,8,0,2022,2022,1,31.45479452,31.45479452
0,30,140,16001,797,8891,38,313,0.2,0.1311475409836065,25.26,20.97,28.4,7.28,3.33,17.2,51.1,0,0,12,3,30,73,2,2007,2007,0,25.73972603,25.73972603
0,17,49,5943,533,3079,22,95,0.09375,0.3043478260869565,26.39,24.22,32.41,8.2,3.1,17.7,62.5,0,0,3,0,18,25,0,2015,2014,1,23.62465753,22.62465753
1,1,2,90,10,87,2,1,0.2,0.05,0.0,5.0,87.0,5.0,5.8,6.0,90.0,0,0,0,0,1,2,11,2023,2023,0,20.83561644,20.83561644
0,3,2,132,65,105,2,0,0.0555555555555555,0.0,33.03,32.5,0.0,7.22,4.77,27.0,0.0,0,0,0,0,3,1,0,2004,2006,1,29.92328767,31.92328767
1,102,44,4553,2533,2080,115,53,0.3636363636363636,0.088235294117647,37.0,22.02,39.24,7.05,2.74,18.7,85.9,3,0,0,0,104,26,0,2015,2015,0,23.47945205,23.47945205
1,8,7,892,204,458,11,10,0.25,0.0545454545454545,53.66,18.54,45.8,8.16,3.08,13.6,89.2,0,0,0,0,8,4,2,2022,2018,1,28.81917808,24.81917808
0,0,15,1452,0,727,0,11,0.0,0.0365853658536585,71.36,0.0,66.09,0.0,3.0,0.0,132.0,0,0,0,0,1,10,9,2000,2006,1,19.3260274,25.3260274
1,71,119,12610,1384,7612,51,204,0.125,0.1132075471698113,47.84,27.13,37.31,8.31,3.62,19.5,61.8,0,0,5,1,92,68,5,2014,2014,1,27.11232877,27.11232877
0,3,25,2658,86,1349,4,35,0.08,0.16,30.26,21.5,38.54,8.6,3.04,15.0,75.9,0,0,0,0,3,13,7,2006,2011,1,23.046575339999997,28.046575339999997
0,86,11,970,2375,612,122,22,0.3076923076923077,0.1282051282051282,35.33,19.46,27.81,7.69,3.78,15.1,44.0,3,0,1,0,86,6,11,2019,2019,1,23.33972603,23.33972603
0,10,8,868,255,631,10,22,0.5714285714285714,0.0530973451327433,37.0,25.5,28.68,7.28,4.36,21.0,39.4,1,0,3,0,11,5,0,2007,2006,1,27.78356164,26.78356164
0,25,68,3285,387,1922,17,48,0.125,0.108695652173913,35.87,22.76,40.04,7.74,3.51,17.6,68.4,0,0,1,0,61,42,2,2014,2011,1,22.77534247,19.77534247
0,2,73,7140,57,3716,5,113,0.1379310344827586,0.1944444444444444,24.98,11.4,32.88,8.14,3.12,8.4,63.1,1,0,4,0,2,38,2,1996,2005,1,24.46575342,33.46575342
1,1,85,12475,40,5797,2,167,0.05,0.1621621621621621,40.83,20.0,34.71,10.0,2.78,12.0,74.7,0,0,12,2,1,50,5,2006,2007,0,24.26027397,25.26027397
0,1,39,3537,16,2118,0,64,0.0,0.0495049504950495,67.4,0.0,33.09,8.0,3.59,0.0,55.2,0,0,1,0,1,23,6,2016,2017,0,24.863013700000003,25.863013700000003
1,6,1,93,198,47,7,1,0.0851063829787234,0.0212765957446808,40.6,28.28,47.0,9.9,3.03,17.1,93.0,1,0,0,0,6,1,5,2022,2019,1,25.76438356,22.76438356
1,78,66,3423,1094,1958,40,43,0.3,0.0980392156862745,46.23,27.35,45.53,7.04,3.43,23.3,79.6,0,0,1,0,138,50,4,2009,2007,1,23.48219178,21.48219178
1,23,74,10608,478,5508,13,164,0.3333333333333333,0.1206896551724138,34.85,36.76,33.58,8.24,3.11,26.7,64.6,1,0,9,2,25,43,4,2016,2017,1,18.76164384,19.76164384
0,61,67,7619,1558,3627,71,119,0.3076923076923077,0.1363636363636363,29.62,21.94,30.47,7.07,2.85,18.6,64.0,1,0,4,0,62,36,10,2009,2009,0,17.293150679999997,17.293150679999997
1,79,77,4067,1388,1808,61,53,0.4,0.25,38.84,22.75,34.11,6.6,2.66,20.6,76.7,1,0,0,0,119,55,10,2003,2006,1,22.78356164,25.78356164
0,22,6,712,562,389,16,10,0.1111111111111111,0.0681818181818181,30.71,35.12,38.9,7.44,3.27,28.3,71.2,0,0,0,0,22,4,10,2013,2012,0,31.14520548,30.14520548
1,120,5,546,2704,254,96,8,0.4,0.0833333333333333,32.01,28.16,31.75,7.33,2.79,23.0,68.2,3,0,0,0,129,3,3,2018,2010,1,33.57534247,25.57534247
1,57,12,959,1361,496,50,16,0.6,0.0568181818181818,35.88,27.22,31.0,7.41,3.1,22.0,59.9,0,0,1,0,60,6,10,2016,2016,0,22.35616438,22.35616438
0,1,1,73,43,57,0,0,0.0,0.0,0.0,0.0,0.0,14.33,4.68,0.0,0.0,0,0,0,0,1,1,3,2024,2024,1,21.88767123,21.88767123
0,13,66,7499,387,4483,21,85,0.1875,0.1388888888888889,29.47,18.42,52.74,8.41,3.58,13.1,88.2,0,0,2,0,13,36,10,2001,2010,1,20.42739726,29.42739726
0,29,4,358,751,231,36,2,0.1666666666666666,0.0140845070422535,25.17,20.86,115.5,8.14,3.87,15.3,179.0,2,0,0,0,29,2,10,2022,2021,1,20.92876712,19.92876712
0,23,122,11515,711,6346,24,229,0.2,0.1071428571428571,23.68,29.62,27.71,8.94,3.3,19.8,50.2,0,0,6,0,23,64,7,2013,2014,1,22.904109589999997,23.904109589999997
0,15,50,3930,441,2197,14,74,0.2352941176470588,0.4,22.79,31.5,29.68,8.01,3.35,23.5,53.1,1,0,3,0,15,27,7,2020,2017,1,26.37808219,23.37808219
0,2,1,120,62,114,0,0,0.0,0.0,50.5,0.0,0.0,7.91,5.7,0.0,0.0,0,0,0,0,2,1,10,2019,2019,1,18.92054795,18.92054795
1,46,1,90,1068,75,59,1,0.25,0.0133333333333333,28.34,18.1,75.0,6.35,5.0,17.0,90.0,1,1,0,0,46,1,3,2018,2018,1,17.3369863,17.3369863
0,17,6,284,487,179,20,7,0.1818181818181818,10000.0,43.4,24.35,25.57,9.01,3.78,16.2,40.5,1,0,0,0,17,3,7,2023,2023,1,29.79726027,29.79726027
0,102,25,2145,2730,1139,128,31,0.6,0.1081081081081081,26.26,21.32,36.74,7.4,3.18,17.2,69.1,3,2,0,0,103,15,4,2015,2015,0,19.89589041,19.89589041
0,1,4,226,39,154,1,11,0.0256410256410256,0.1212121212121212,25.8,39.0,14.0,9.75,4.08,24.0,20.5,0,0,0,0,1,2,8,2023,2023,0,27.96712329,27.96712329
1,5,4,790,142,435,4,7,0.0606060606060606,0.048780487804878,86.66,35.5,62.14,8.87,3.3,24.0,112.8,0,0,0,0,5,2,9,2014,2013,1,23.46849315,22.46849315
0,16,53,5077,436,3003,15,70,0.16,0.0454545454545454,37.12,29.06,42.9,9.41,3.54,18.5,72.5,1,0,1,0,16,28,6,2011,2016,1,24.77808219,29.77808219
0,9,4,251,235,172,13,4,0.1764705882352941,0.037037037037037,80.16,18.07,43.0,7.15,4.11,15.1,62.7,0,0,0,0,11,2,7,2021,2019,1,28.68219178,26.68219178
1,2,33,4200,47,2204,2,63,0.05,0.0943396226415094,34.15,23.5,34.98,6.4,3.14,22.0,66.6,0,0,2,0,3,17,2,2004,2009,1,22.78082192,27.78082192
1,2,242,32761,48,16052,1,530,0.0303030303030303,0.16,46.0,48.0,30.28,9.6,2.93,30.0,61.8,0,0,24,5,2,129,2,2011,2016,1,23.69041096,28.69041096
1,9,2,132,224,67,11,0,0.1,0.0,36.88,20.36,0.0,7.07,3.04,17.2,0.0,0,0,0,0,9,1,1,2009,2009,0,27.20273973,27.20273973
0,19,10,1110,438,505,19,12,0.2727272727272727,0.0833333333333333,24.36,23.05,42.08,6.97,2.72,19.8,92.5,0,0,0,0,19,5,2,2003,2006,0,25.87945205,28.87945205
1,6,14,574,122,303,3,1,0.0625,0.0909090909090909,40.2,40.66,303.0,8.13,3.16,30.0,574.0,0,0,0,0,10,8,4,2008,2008,1,21.578082190000003,21.578082190000003
0,27,28,2856,786,1725,24,51,0.1428571428571428,0.1612903225806451,16.96,32.75,33.82,7.69,3.62,25.5,56.0,0,0,1,0,28,17,10,2019,2022,1,16.45205479,19.45205479
1,11,25,924,262,442,7,8,0.0769230769230769,0.0576923076923076,41.16,37.42,55.25,8.78,2.87,25.5,115.5,0,0,0,0,31,19,4,2011,2011,1,19.6630137,19.6630137
0,4,16,1565,101,1044,5,18,0.1578947368421052,0.1,29.28,20.2,58.0,7.12,4.0,17.0,86.9,0,0,0,0,4,9,10,2004,2006,1,26.41643836,28.41643836
0,4,3,329,67,194,1,5,0.0666666666666666,0.0327868852459016,31.5,67.0,38.8,9.57,3.53,42.0,65.8,0,0,0,0,4,2,4,2004,2009,1,16.81643836,21.81643836
1,12,2,174,265,76,8,4,0.1071428571428571,0.074074074074074,44.8,33.12,19.0,6.88,2.62,28.8,43.5,0,0,0,0,13,1,4,2018,2018,0,26.356164380000003,26.356164380000003
0,1,5,358,36,194,0,10,0.0,0.1034482758620689,39.62,0.0,19.4,9.0,3.25,0.0,35.8,0,0,0,0,1,3,5,2019,2022,1,25.80547945,28.80547945
1,5,10,1320,118,642,2,25,0.0344827586206896,0.0652173913043478,35.4,59.0,25.68,8.96,2.91,39.5,52.8,0,0,2,1,5,5,6,2021,2021,0,22.83013699,22.83013699
0,10,11,1611,193,697,8,27,0.1428571428571428,0.0471698113207547,36.02,24.12,25.81,7.42,2.59,19.5,59.6,0,0,1,0,10,6,7,2011,2008,1,24.824657530000003,21.824657530000003
1,35,6,753,858,410,26,10,0.12,0.05,46.9,33.0,41.0,6.87,3.26,28.8,75.3,0,0,0,0,35,4,9,2004,2006,1,19.34246575,21.34246575
1,20,20,2063,557,1276,23,37,0.1739130434782608,0.0526315789473684,57.0,24.21,34.48,7.26,3.71,20.0,55.7,1,0,2,0,20,11,6,2016,2017,0,25.134246580000003,26.134246580000003
0,2,14,1130,77,661,0,17,0.0,0.075,43.15,0.0,38.88,11.0,3.5,0.0,66.4,0,0,0,0,2,8,6,1999,2006,0,22.31232877,29.31232877
1,5,1,60,79,32,0,3,0.0,0.09375,75.5,0.0,10.66,8.77,3.2,0.0,20.0,0,0,0,0,15,3,6,2022,2018,0,23.83013699,19.83013699
0,57,115,12614,1556,6063,66,269,0.2,0.2608695652173913,28.66,23.57,22.53,7.44,2.88,19.0,46.8,0,0,12,2,57,62,2,2011,2011,1,18.22465753,18.22465753
0,2,126,13907,58,6777,3,221,0.0833333333333333,0.1111111111111111,43.7,19.33,30.66,7.25,2.92,16.0,62.9,0,0,8,0,2,67,2,2008,2009,1,23.67671233,24.67671233
1,7,6,492,151,270,4,7,0.1538461538461538,0.0579710144927536,34.9,37.75,38.57,6.56,3.29,34.5,70.2,0,0,0,0,7,3,7,2006,2010,1,17.59726027,21.59726027
1,6,48,7633,132,3420,10,113,0.1904761904761904,0.1276595744680851,31.04,13.2,30.26,6.28,2.68,12.6,67.5,1,0,7,1,6,24,7,2009,2009,0,22.89863014,22.89863014
1,42,1,12,679,11,20,0,0.1428571428571428,0.0,45.16,33.95,0.0,7.46,5.5,27.3,0.0,0,0,0,0,145,7,11,2018,2009,1,27.904109589999997,18.904109589999997
0,55,21,2022,1588,1321,55,32,0.2352941176470588,0.1063829787234042,35.17,28.87,41.28,8.08,3.91,21.4,63.1,1,0,1,0,55,12,6,2015,2015,1,23.54794521,23.54794521
1,68,7,674,1760,403,112,4,0.4444444444444444,0.023391812865497,26.11,15.71,100.75,6.92,3.58,13.6,168.5,3,0,0,0,70,4,6,2020,2019,1,23.0,22.0
0,8,20,1050,129,515,5,19,0.2,3.0,35.16,25.8,27.1,9.21,2.94,16.8,55.2,0,0,0,0,8,12,8,2019,2021,1,21.44109589,23.44109589
1,10,4,188,221,134,16,3,0.1875,0.0204081632653061,22.16,13.81,44.66,6.9,4.27,12.0,62.6,0,0,0,0,11,2,3,2019,2020,1,18.95616438,19.95616438
1,65,189,26166,1672,12255,72,516,0.5,0.1186440677966101,33.2,23.22,23.75,6.9,2.81,20.1,50.7,2,0,36,8,65,100,7,2011,2010,1,24.865753419999997,23.865753419999997
0,12,4,264,332,162,17,3,0.2631578947368421,0.0277777777777777,27.29,19.52,54.0,7.57,3.68,15.4,88.0,0,1,0,0,12,2,8,2010,2009,1,27.46849315,26.46849315
0,55,8,780,1437,475,63,9,0.2727272727272727,0.0754716981132075,31.05,22.8,52.77,7.23,3.65,18.9,86.6,0,0,0,0,55,5,9,2021,2019,0,23.58356164,21.58356164
0,27,33,3440,803,1705,31,49,0.1875,0.0833333333333333,29.35,25.9,34.79,8.37,2.97,18.5,70.2,0,0,0,0,27,18,1,2009,2007,1,24.7890411,22.7890411
1,14,11,719,256,331,13,10,0.1363636363636363,0.0909090909090909,46.61,19.69,33.1,6.4,2.76,18.4,71.9,0,0,0,0,23,7,0,2021,2021,0,21.69589041,21.69589041
0,9,1,78,247,73,10,1,0.125,0.0136986301369863,37.44,24.7,73.0,7.84,5.61,18.9,78.0,0,0,0,0,9,1,7,2012,2010,1,28.460273970000003,26.460273970000003
1,71,136,17233,1612,7096,54,294,0.2,0.1666666666666666,36.07,29.85,24.13,7.13,2.47,25.1,58.6,0,0,13,2,74,72,7,2012,2009,0,23.64657534,20.64657534
0,2,7,336,60,170,1,3,0.0238095238095238,0.0277777777777777,24.83,60.0,56.66,12.0,3.03,30.0,112.0,0,0,0,0,3,8,1,2017,2022,0,26.21643836,31.21643836
0,11,122,12443,330,6232,8,171,0.0769230769230769,0.1063829787234042,32.42,41.25,36.44,9.51,3.0,26.0,72.7,0,0,4,0,11,70,6,2010,2011,1,23.38630137,24.38630137
0,3,52,5736,95,2658,4,113,0.074074074074074,0.0598290598290598,18.9,23.75,23.52,8.14,2.78,17.5,50.7,0,0,5,0,3,27,2,2010,2010,1,30.799999999999997,30.799999999999997
0,1,7,1079,17,561,0,19,0.0,0.1764705882352941,53.44,0.0,29.52,17.0,3.11,0.0,56.7,0,0,1,0,1,4,5,2003,2007,1,28.550684930000003,32.55068493
1,19,27,2515,451,1416,24,38,0.1071428571428571,0.1515151515151515,35.73,18.79,37.26,7.53,3.37,14.9,66.1,0,0,1,0,21,15,8,2003,2006,0,23.98630137,26.98630137
0,18,36,4812,437,2231,23,79,0.1875,0.1489361702127659,35.82,19.0,28.24,7.14,2.78,15.9,60.9,0,0,5,1,18,22,5,2001,2007,0,23.5369863,29.5369863
0,6,7,667,173,422,9,10,0.1666666666666666,0.0461538461538461,37.33,19.22,42.2,8.5,3.79,13.5,66.7,0,0,0,0,6,4,8,2012,2008,1,29.37260274,25.37260274
1,16,72,6793,318,3910,18,85,0.25,0.1333333333333333,46.48,17.66,46.0,6.19,3.45,17.1,79.9,0,0,4,0,19,49,1,2016,2021,1,24.35342466,29.35342466
0,3,35,3891,90,2138,3,57,0.0666666666666666,0.0816326530612244,32.66,30.0,37.5,8.18,3.29,22.0,68.2,0,0,0,0,3,19,6,2011,2012,1,25.098630139999997,26.098630139999997
1,1,8,883,9,456,0,4,0.0,0.0476190476190476,44.68,0.0,114.0,9.0,3.09,0.0,220.7,0,0,0,0,1,5,1,1997,2008,1,22.89863014,33.89863014
1,55,4,228,1044,107,49,4,0.2307692307692307,0.125,40.31,21.3,26.75,6.96,2.81,18.3,57.0,0,0,0,0,77,3,9,2017,2018,1,23.28767123,24.28767123
0,9,25,2534,225,1682,15,40,0.3076923076923077,0.0847457627118644,55.475,15.0,42.05,6.81,3.98,13.2,63.3,1,0,1,0,10,14,7,2006,2007,0,20.64657534,21.64657534
0,21,10,434,387,290,16,1,0.4,0.0256410256410256,38.07,24.18,290.0,7.21,4.0,20.1,434.0,1,0,0,0,38,13,5,2007,2008,1,22.23561644,23.23561644
1,2,26,3726,22,1931,1,63,0.0769230769230769,0.0857142857142857,18.5,22.0,30.65,5.5,3.1,24.0,59.1,0,0,5,1,3,14,6,2021,2021,1,26.06027397,26.06027397
1,16,35,6135,378,2885,13,80,0.3333333333333333,0.0821917808219178,35.75,29.07,36.06,6.14,2.82,28.3,76.6,0,0,5,1,16,22,9,1999,2008,0,23.12876712,32.12876712
1,0,4,84,0,53,0,1,0.0,0.0333333333333333,35.46,0.0,53.0,0.0,3.78,0.0,84.0,0,0,0,0,1,9,3,2018,2024,1,25.0630137,31.0630137
1,7,8,932,228,621,9,18,0.0769230769230769,0.1041666666666666,23.3,25.33,34.5,9.5,3.99,16.0,51.7,0,0,1,0,7,4,5,2022,2023,1,17.96164384,18.96164384
0,1,17,1860,13,992,0,25,0.0,0.0845070422535211,58.5,0.0,39.68,13.0,3.2,0.0,74.4,0,0,2,0,1,9,4,2010,2013,1,23.77534247,26.77534247
0,27,44,4223,912,2764,28,36,0.0967741935483871,0.0301204819277108,34.31,32.57,76.77,9.45,3.92,20.6,117.3,0,0,1,0,28,27,4,2009,2009,1,19.57534247,19.57534247
0,11,4,366,398,137,7,6,0.0909090909090909,0.0952380952380952,22.85,56.85,22.83,10.47,2.24,32.5,61.0,0,0,0,0,12,2,5,2022,2019,1,25.42465753,22.42465753
1,18,1,138,359,80,10,0,0.0444444444444444,0.0,55.21,35.9,0.0,7.18,3.47,30.0,0.0,0,0,0,0,20,1,6,2011,2013,1,26.08767123,28.08767123
1,7,21,3146,139,1613,7,43,0.15,0.0609756097560975,33.72,19.85,37.51,6.61,3.07,18.0,73.1,0,0,1,0,7,12,6,2010,2010,1,25.49589041,25.49589041
0,9,50,5419,288,3271,7,87,0.1666666666666666,0.125,33.44,41.14,37.59,8.47,3.62,29.1,62.2,0,0,3,0,10,27,7,2006,2006,1,23.47671233,23.47671233
0,21,36,1960,349,1015,18,20,0.6,0.1071428571428571,35.32,19.38,50.75,6.77,3.1,17.1,98.0,0,0,0,0,31,29,0,2002,2005,1,27.05205479,30.05205479
0,17,6,354,471,294,16,6,0.1111111111111111,0.0266666666666666,11.6,29.43,49.0,8.74,4.98,20.1,59.0,0,0,0,0,18,3,0,2023,2019,1,31.56986301,27.56986301
0,55,309,33698,1491,16719,65,604,0.1666666666666666,0.5333333333333333,30.13,22.93,27.68,7.62,2.97,18.0,55.7,1,0,20,3,56,167,5,2007,2006,1,21.095890410000003,20.095890410000003
0,20,32,3372,543,1922,25,87,0.1666666666666666,0.1176470588235294,20.88,21.72,22.09,7.0,3.41,18.6,38.7,0,0,5,1,20,18,0,2001,2005,1,26.14246575,30.14246575
1,1,2,78,15,82,1,4,0.0666666666666666,0.0909090909090909,0.0,15.0,20.5,3.75,6.3,24.0,19.5,0,0,0,0,1,1,5,2014,2011,1,24.27671233,21.27671233
0,4,14,1130,155,762,3,20,0.032258064516129,0.1818181818181818,38.96,51.66,38.1,11.07,4.04,28.0,56.5,0,0,0,0,4,8,5,2006,2006,1,24.605479449999997,24.605479449999997
1,24,42,7321,606,3402,18,87,0.6666666666666666,0.074074074074074,49.05,33.66,39.1,7.21,2.78,28.0,84.1,1,0,6,0,24,26,1,2008,2008,0,27.019178080000003,27.019178080000003
0,83,59,5209,2225,3349,107,101,0.8333333333333334,0.1,28.87,20.79,33.15,7.42,3.85,16.8,51.5,1,2,3,0,84,30,6,2004,2006,1,20.92054795,22.92054795
0,3,19,1531,90,712,3,35,0.1153846153846153,0.8571428571428571,45.31,30.0,20.34,8.18,2.79,22.0,43.7,0,0,1,0,3,10,2,2021,2016,1,32.29863014,27.29863014
0,51,42,3091,1274,1669,52,47,0.5,0.0689655172413793,40.09,24.5,35.51,8.12,3.23,18.0,65.7,0,1,0,0,51,24,5,2018,2019,0,20.15342466,21.15342466
1,23,2,138,549,96,25,0,0.0869565217391304,0.0,35.35,21.96,0.0,6.77,4.17,19.4,0.0,1,0,0,0,24,1,6,2013,2012,1,28.46849315,27.46849315
0,24,19,1449,772,880,33,31,0.1481481481481481,0.1147540983606557,30.98,23.39,28.38,9.15,3.64,15.3,46.7,1,0,1,0,25,11,7,2018,2018,1,26.786301369999997,26.786301369999997
1,49,11,1650,1105,851,52,21,0.3333333333333333,0.0659340659340659,26.46,21.25,40.52,6.01,3.09,21.1,78.5,1,0,2,0,51,6,1,2012,2012,1,24.175342469999997,24.175342469999997
0,9,48,5146,237,2243,13,94,0.2,0.15625,27.86,18.23,23.86,6.58,2.61,16.6,54.7,1,0,2,0,9,24,2,2006,2006,1,30.835616440000003,30.835616440000003
1,15,10,858,321,421,7,7,0.3333333333333333,0.074074074074074,45.45,45.85,60.14,7.64,2.94,36.0,122.5,0,0,0,0,18,6,5,2012,2011,0,27.6630137,26.6630137
0,30,6,410,670,204,18,10,0.2222222222222222,0.1071428571428571,40.83,37.22,20.4,8.48,2.98,26.3,41.0,1,0,0,0,41,3,11,2018,2014,1,26.956164379999997,22.956164379999997
0,49,93,5495,1187,2526,48,75,0.2666666666666666,0.1818181818181818,31.79,24.72,33.68,7.65,2.75,19.3,73.2,1,0,3,0,58,59,2,2005,2006,1,24.11506849,25.11506849
0,44,2,276,1244,196,52,2,0.1428571428571428,0.0138888888888888,32.4,23.92,98.0,8.13,4.26,17.6,138.0,1,0,0,0,45,2,1,2013,2014,0,23.94520548,24.94520548
0,21,66,6412,583,3800,27,125,0.1875,0.0759493670886076,29.37,21.59,30.4,7.28,3.55,17.7,51.2,0,0,5,0,21,36,5,2010,2011,1,21.317808220000003,22.317808220000003
0,2,104,9379,56,5348,3,166,0.0681818181818181,0.1290322580645161,34.36,18.66,32.21,8.0,3.42,14.0,56.5,0,0,6,1,2,59,1,2012,2013,1,24.252054790000003,25.252054790000003
0,3,7,450,54,258,1,3,0.0714285714285714,0.0833333333333333,21.95,54.0,86.0,10.8,3.44,30.0,150.0,0,0,0,0,3,6,7,2014,2015,1,30.15342466,31.15342466
0,7,9,1057,211,515,4,16,0.0512820512820512,0.125,35.64,52.75,32.18,10.82,2.92,29.2,66.0,0,0,0,0,7,5,9,2012,2010,1,25.901369860000003,23.901369860000003
0,21,6,414,589,302,28,5,0.2307692307692307,0.0309278350515463,23.56,21.03,60.4,7.39,4.37,17.0,82.8,0,0,0,0,21,3,2,2005,2007,1,22.43287671,24.43287671
1,63,67,11592,1516,5003,85,178,0.2105263157894736,0.1272727272727272,22.72,17.83,28.1,6.36,2.58,16.8,65.1,4,0,10,4,64,35,10,2009,2009,1,31.79178082,31.79178082
0,4,2,252,116,97,7,3,0.1875,0.0416666666666666,56.0,16.57,32.33,7.73,2.3,12.8,84.0,0,0,0,0,4,1,3,2021,2015,0,26.82739726,20.82739726
0,1,19,2576,19,1175,0,51,0.0,0.1041666666666666,36.12,0.0,23.03,9.5,2.73,0.0,50.5,0,0,2,0,1,10,10,2003,2007,1,27.27123288,31.27123288
1,96,11,954,2522,513,107,14,0.5,0.0967741935483871,34.82,23.57,36.64,7.24,3.22,19.5,68.1,3,0,0,0,104,6,10,2017,2017,1,18.81917808,18.81917808
0,20,19,1734,532,942,20,17,0.0833333333333333,0.0348837209302325,36.12,26.6,55.41,7.98,3.25,20.0,102.0,0,0,0,0,20,11,4,2010,2010,1,20.81369863,20.81369863
0,6,60,5380,198,3731,4,72,0.0909090909090909,0.2222222222222222,45.59,49.5,51.81,9.9,4.16,30.0,74.7,0,0,4,0,6,38,4,2005,2006,1,18.97808219,19.97808219
0,70,50,5814,1958,3019,96,113,0.1818181818181818,0.1176470588235294,23.94,20.39,26.71,7.65,3.11,15.9,51.4,2,0,4,1,70,29,10,2018,2018,0,18.31232877,18.31232877
1,0,1,30,0,6,0,0,0.0,0.0,0.0,0.0,0.0,0.0,1.2,0.0,0.0,0,0,0,0,3,1,3,2021,2023,0,22.47671233,24.47671233
1,126,113,15057,3117,7387,149,237,0.25,0.1944444444444444,29.52,20.91,31.16,6.81,2.94,18.4,63.5,6,2,19,2,129,67,4,2007,2006,0,20.34794521,19.34794521
0,40,17,1392,1115,746,46,22,0.1428571428571428,0.1071428571428571,27.05,24.23,33.9,8.14,3.21,17.8,63.2,0,0,0,0,41,10,4,2021,2021,0,20.15342466,20.15342466
1,4,11,846,71,506,2,8,0.0555555555555555,0.0303030303030303,0.0,35.5,63.25,6.45,3.58,33.0,105.7,0,0,0,0,5,8,4,2014,2016,1,27.71506849,29.71506849
1,80,25,2657,1623,1441,66,34,0.5,0.0619469026548672,42.47,24.59,42.38,7.13,3.25,20.6,78.1,2,0,2,0,91,17,9,2013,2013,1,27.2630137,27.2630137
1,10,18,3151,299,1599,4,38,0.0357142857142857,0.081081081081081,32.81,74.75,42.07,8.54,3.04,52.5,82.9,0,0,2,0,10,10,4,2012,2012,1,20.98356164,20.98356164
0,5,17,1828,123,1125,5,27,0.1538461538461538,0.0735294117647058,31.42,24.6,41.66,8.2,3.69,18.0,67.7,0,0,2,0,5,9,10,2009,2008,1,25.397260269999997,24.397260269999997
0,57,4,504,1454,316,54,5,0.25,0.036144578313253,36.14,26.92,63.2,7.18,3.76,22.4,100.8,0,0,0,0,57,2,10,2007,2007,0,22.630136989999997,22.630136989999997
1,1,2,297,12,146,0,4,0.0,0.0410958904109589,40.85,0.0,36.5,12.0,2.94,0.0,74.2,0,0,0,0,1,1,4,2011,2010,0,22.68767123,21.68767123
0,28,12,508,451,336,12,4,0.1052631578947368,0.0294117647058823,35.0,37.58,84.0,9.39,3.96,24.0,127.0,0,0,0,0,85,16,4,2015,2015,1,22.42465753,22.42465753
0,8,8,879,202,573,4,12,0.1,0.0310077519379844,33.62,50.5,47.75,6.96,3.91,43.5,73.2,0,0,0,0,8,6,4,2005,2007,0,21.071232879999997,23.071232879999997
0,4,1,204,94,136,1,0,0.0454545454545454,0.0,29.64,94.0,0.0,7.23,4.0,78.0,0.0,0,0,0,0,4,1,9,2004,2007,1,19.28493151,22.28493151
0,4,2,230,122,119,7,3,0.1,0.0384615384615384,47.66,17.42,39.66,7.62,3.1,13.7,76.6,0,0,0,0,4,1,7,2021,2020,0,30.317808220000003,29.317808220000003
0,14,16,1889,398,813,20,31,0.1081081081081081,0.0847457627118644,46.52,19.9,26.22,7.88,2.58,15.1,60.9,1,0,1,0,14,9,9,2004,2013,1,18.772602740000004,27.772602740000004
1,70,4,483,1860,278,89,6,0.2083333333333333,0.0329670329670329,31.72,20.89,46.33,7.39,3.45,16.9,80.5,3,1,0,0,70,2,8,2016,2017,0,26.44383562,27.44383562
0,6,18,1668,179,1040,7,28,0.054054054054054,0.0602409638554216,27.86,25.57,37.14,8.13,3.74,18.8,59.5,0,0,1,0,6,10,6,2003,2008,0,22.410958899999997,27.410958899999997
0,61,149,17417,1779,8717,83,317,0.3076923076923077,0.2,24.38,21.43,27.49,7.68,3.0,16.7,54.9,2,0,10,1,61,78,0,2011,2013,0,22.019178080000003,24.019178080000003
1,13,9,413,206,257,8,11,0.1176470588235294,0.12,60.77,25.75,23.36,8.95,3.73,17.2,37.5,0,0,0,0,22,5,6,2015,2015,0,29.65205479,29.65205479
1,5,8,667,116,368,7,7,0.3076923076923077,0.0769230769230769,24.6,16.57,52.57,8.92,3.31,11.1,95.2,1,0,0,0,5,5,0,2012,2016,1,25.84657534,29.84657534
1,1,2,108,10,55,0,1,0.0,0.0232558139534883,35.2,0.0,55.0,10.0,3.05,0.0,108.0,0,0,0,0,1,1,11,2024,2023,0,31.00821918,30.00821918
0,123,190,22614,3671,11255,164,380,0.2777777777777778,0.109375,33.7,22.38,29.61,8.0,2.98,16.7,59.5,2,2,15,1,126,100,0,2008,2008,1,19.63287671,19.63287671
0,14,6,570,324,213,13,13,0.1304347826086956,0.3846153846153846,30.94,24.92,16.38,7.25,2.24,20.6,43.8,0,0,1,0,14,3,11,2018,2012,1,36.99178082,30.99178082
0,29,3,396,907,200,29,2,0.1111111111111111,0.0153846153846153,37.94,31.27,100.0,9.25,3.03,20.2,198.0,1,0,0,0,30,2,5,2017,2017,1,22.38082192,22.38082192
0,6,45,3716,154,2291,6,57,0.1666666666666666,0.15,34.02,25.66,40.19,7.7,3.69,20.0,65.1,0,0,2,0,6,25,1,2003,2013,1,21.9260274,31.9260274
0,60,18,1824,1557,728,65,26,0.4285714285714285,0.081967213114754,32.62,23.95,28.0,7.29,2.39,19.7,70.1,0,0,1,0,60,10,9,2013,2010,1,22.41643836,19.41643836
0,3,2,144,70,98,0,3,0.0,0.0769230769230769,73.75,0.0,32.66,10.76,4.08,0.0,48.0,0,0,0,0,3,2,9,2023,2022,1,30.01369863,29.01369863
1,25,76,3385,313,1711,9,39,0.5,0.4,45.07,34.77,43.87,7.27,3.03,28.6,86.7,0,0,0,0,80,87,6,1999,2006,1,22.79178082,29.79178082
1,1,2,156,17,58,0,1,0.0,0.0196078431372549,45.66,0.0,58.0,8.5,2.23,0.0,156.0,0,0,0,0,1,1,9,2014,2014,1,27.13972603,27.13972603
1,14,3,693,368,333,12,6,0.1764705882352941,0.0265486725663716,28.5,30.66,55.5,6.94,2.88,26.5,115.5,0,0,0,0,14,3,9,2017,2015,0,29.460273970000003,27.460273970000003
0,34,41,4674,887,2357,24,72,0.3,0.1041666666666666,34.98,36.95,32.73,8.02,3.02,27.6,64.9,0,0,1,0,34,23,5,2009,2006,1,24.41643836,21.41643836
1,2,82,12437,58,6225,1,195,0.0384615384615384,0.2051282051282051,25.96,58.0,31.92,8.28,3.0,42.0,63.7,0,0,12,2,2,46,4,2014,2019,0,22.473972600000003,27.473972600000003
0,1,10,707,13,453,1,17,0.0769230769230769,0.05,41.5,13.0,26.64,4.33,3.84,18.0,41.5,0,0,1,0,1,5,10,2010,2010,1,31.60821918,31.60821918
0,65,24,2461,1724,1545,72,30,0.25,0.1081081081081081,29.98,23.94,51.5,7.43,3.76,19.3,82.0,2,0,0,0,67,13,4,2017,2014,1,22.32054795,19.32054795
0,9,112,8979,280,5263,12,170,0.1052631578947368,0.0681818181818181,33.63,23.33,30.95,9.33,3.51,15.0,52.8,0,0,3,1,9,57,7,2011,2012,1,23.76164384,24.76164384
0,2,35,3799,61,2273,1,55,0.0476190476190476,0.0961538461538461,28.86,61.0,41.32,10.16,3.58,36.0,69.0,0,0,2,0,2,21,6,2007,2010,0,26.358904109999997,29.358904109999997
0,60,90,9599,1443,5553,85,163,0.8333333333333334,0.0444444444444444,29.34,16.97,34.06,7.19,3.47,14.1,58.8,4,2,4,0,60,47,10,2003,2007,1,20.7890411,24.7890411
0,16,1,90,424,54,13,1,0.0967741935483871,0.0185185185185185,18.61,32.61,54.0,8.31,3.6,23.5,90.0,0,0,0,0,16,1,10,2019,2013,0,25.56438356,19.56438356
1,1,17,2114,8,1183,0,31,0.0,0.1428571428571428,33.87,0.0,38.16,16.0,3.35,0.0,68.1,0,0,1,0,1,9,1,2012,2018,0,22.967123290000004,28.967123290000004
0,6,119,11391,114,5000,4,224,0.0869565217391304,0.2857142857142857,24.04,28.5,22.32,8.24,2.63,20.7,50.8,0,0,13,2,7,64,8,2011,2007,1,26.095890410000003,22.095890410000003
0,2,15,1382,66,741,3,20,0.1034482758620689,0.0892857142857142,50.42,22.0,37.05,9.42,3.21,14.0,69.1,0,0,1,0,2,9,9,2020,2022,1,28.057534250000003,30.057534250000003
1,36,2,78,484,42,13,0,0.25,0.0,52.53,37.23,0.0,7.22,3.23,30.9,0.0,0,0,0,0,65,2,9,2021,2020,1,20.90136986,19.90136986
0,3,4,402,85,191,4,11,0.1111111111111111,0.1470588235294117,23.0,21.25,17.36,7.08,2.85,18.0,36.5,0,0,1,0,3,2,0,2024,2024,1,22.98082192,22.98082192
0,49,6,443,1219,304,55,8,0.1875,0.4,27.87,22.16,38.0,6.84,4.11,19.4,55.3,0,0,0,0,50,3,5,2014,2009,1,30.06575342,25.06575342
0,55,10,556,1513,414,59,15,0.1666666666666666,0.0784313725490196,30.4,25.64,27.6,8.29,4.46,18.5,37.0,1,1,0,0,56,6,8,2010,2009,0,21.0,20.0
1,3,4,327,41,232,1,6,0.2,0.0372670807453416,30.25,41.0,38.66,13.66,4.25,18.0,54.5,0,0,1,0,16,2,5,2022,2022,1,23.68767123,23.68767123
1,52,5,523,1155,268,41,7,0.3636363636363636,0.0422535211267605,39.56,28.17,38.28,7.32,3.07,23.0,74.7,2,0,0,0,53,3,9,2018,2015,0,24.81917808,21.81917808
0,35,49,5018,971,2864,34,83,0.1666666666666666,0.0793650793650793,34.3,28.55,34.5,8.2,3.42,20.8,60.4,0,0,2,0,36,27,10,2010,2008,0,25.084931509999997,23.084931509999997
1,46,7,526,1061,299,42,6,0.2,0.0337078651685393,28.94,25.26,49.83,6.95,3.41,21.7,87.6,0,0,0,0,48,4,7,2021,2017,1,21.81643836,17.81643836
1,11,6,918,300,548,10,7,0.15,0.0229007633587786,40.43,30.0,78.28,7.89,3.58,22.8,131.1,0,0,0,0,11,4,2,2010,2012,0,27.68493151,29.68493151
0,2,11,669,65,364,5,13,0.088235294117647,0.073170731707317,43.42,13.0,28.0,9.06,3.26,8.6,51.4,0,0,0,0,2,6,3,2018,2015,1,26.0109589,23.0109589
0,13,5,627,316,438,16,9,0.1666666666666666,0.031055900621118,93.25,19.75,48.66,8.03,4.19,14.7,69.6,0,0,1,0,13,3,10,2007,2007,1,25.38082192,25.38082192
1,2,89,14255,39,7657,0,244,0.0,0.1951219512195122,47.91,0.0,31.38,9.75,3.22,0.0,58.4,0,0,16,3,2,48,10,2014,2011,1,28.241095889999997,25.241095889999997
1,1,4,375,40,434,3,12,0.075,0.0170212765957446,55.0,13.33,36.16,10.0,6.94,8.0,31.2,0,0,0,0,1,2,10,2022,2021,1,34.35890411,33.35890411
1,3,8,672,50,529,3,11,0.1,0.0508474576271186,27.5,16.66,48.09,6.25,4.72,16.0,61.0,0,0,0,0,4,5,3,2019,2023,0,20.60821918,24.60821918
0,7,2,180,127,71,3,4,0.0625,0.0634920634920634,30.1,42.33,17.75,10.16,2.36,25.0,45.0,0,0,0,0,14,1,4,2013,2012,1,26.65753425,25.65753425
1,7,28,4478,185,2129,12,54,0.1304347826086956,0.0675675675675675,61.5,15.41,39.42,7.11,2.85,13.0,82.9,0,0,2,0,7,15,10,2013,2013,0,34.63561644,34.63561644
