Batting Style,Playing Role,Innings_ODI_batting,Innings_Test_batting,NO_ODI,NO_Test,Runs_ODI_batting,Runs_Test_batting,HS_ODI,HS_Test,Ave_ODI_batting,Ave_T20_batting,Ave_Test_batting,BF_ODI,SR_ODI_batting,100_ODI,100_Test,50_ODI,50_Test,0_ODI,0_Test,ODI_Matches,Test_Matches,Country,SpanStart_ODI,SpanStart_Test,AgeStart_ODI,AgeStart_Test
0,1,10,13,0,0,288,310,66,82,28.8,0.0,23.84,337,85.45,0,0,2,1,0,1,10,7,11,2023,2023,24.64383562,24.64383562
1,1,102,18,8,1,3008,401,145,95,32.0,23.45,23.58,4021,74.8,8,0,16,4,7,3,108,9,1,2010,2018,19.58630137,27.58630137
0,0,30,10,6,2,291,135,50,43,12.12,8.12,16.87,417,69.78,0,0,1,0,3,3,40,6,2,2012,2018,18.81917808,24.81917808
1,0,161,41,33,5,5088,1462,156,162,39.75,48.14,40.61,5504,92.44,6,2,30,10,15,4,198,26,7,1998,2004,23.08,29.08
1,1,14,28,1,0,394,657,113,104,30.3,11.5,23.46,612,64.37,1,1,1,4,2,2,14,15,11,2010,2009,20.290410960000003,19.290410960000003
1,1,28,31,9,7,870,1485,112,269,45.78,46.33,61.87,998,87.17,1,5,4,4,0,2,31,20,7,2007,2015,27.81917808,35.81917808
1,1,67,21,3,0,2419,573,171,94,37.79,30.95,27.28,2527,95.72,6,0,14,5,5,0,70,11,10,2014,2015,25.56986301,26.56986301
1,0,195,193,48,26,5916,7608,139,200,40.24,27.76,45.55,7136,82.9,3,16,40,41,17,5,226,109,2,2008,2009,21.15616438,22.15616438
1,0,47,1,9,0,1034,2,92,2,27.21,21.97,2.0,794,130.22,0,0,4,0,6,0,56,1,11,2011,2010,23.24931507,22.24931507
1,1,142,10,3,0,5406,278,153,62,38.89,34.28,27.8,6162,87.73,17,0,30,2,16,1,146,5,7,2013,2018,26.69863014,31.69863014
1,0,56,33,13,4,905,760,81,163,21.04,11.0,26.2,1206,75.04,0,1,3,3,5,7,88,21,6,1999,2002,23.99726027,26.99726027
1,1,6,16,0,1,152,325,52,83,25.33,21.0,21.66,259,58.68,0,0,1,2,0,1,6,8,5,2009,2008,29.849315070000003,28.849315070000003
0,1,126,178,8,6,4205,7037,158,177,35.63,18.25,40.91,5195,80.94,6,21,27,27,9,15,127,100,10,2003,2004,26.408219180000003,27.408219180000003
1,1,65,67,7,1,2121,2398,175,152,36.56,33.54,36.33,2158,98.28,3,7,10,10,4,6,68,37,6,2017,2017,22.81917808,22.81917808
0,0,51,4,18,2,853,19,69,9,25.84,9.22,9.5,973,87.66,0,0,2,0,4,1,78,4,6,2016,2017,20.40547945,21.40547945
0,0,41,36,8,3,626,886,63,92,18.96,8.0,26.84,589,106.28,0,0,5,6,3,6,54,19,3,1999,2001,20.994520549999997,22.994520549999997
1,1,87,144,3,12,2962,5077,111,188,35.26,20.83,38.46,3767,78.63,3,12,24,26,6,10,90,85,8,2011,2013,23.14520548,25.14520548
0,1,92,291,4,16,3204,12472,137,294,36.4,15.25,45.35,4154,77.13,5,33,19,57,7,9,92,161,10,2006,2006,21.59452055,21.59452055
1,1,19,64,1,4,504,2093,80,182,28.0,7.0,34.88,610,82.62,0,5,4,8,0,3,21,36,6,2006,2010,25.67671233,29.67671233
1,0,34,2,10,0,419,18,45,11,17.45,13.0,9.0,417,100.47,0,0,0,0,1,0,42,1,5,2001,2002,26.032876709999996,27.032876709999996
0,0,59,15,13,2,826,397,79,86,17.95,12.91,30.53,1188,69.52,0,0,2,3,5,1,88,8,1,2014,2019,21.24657534,26.24657534
0,0,36,22,10,4,489,646,64,84,18.8,20.13,35.88,499,97.99,0,0,2,4,3,1,57,14,8,2014,2021,20.52328767,27.52328767
0,1,66,47,11,5,1814,1339,106,111,32.98,11.09,31.88,2052,88.4,1,1,8,8,4,3,72,32,7,2018,2021,26.92328767,29.92328767
1,1,12,32,0,2,416,1330,113,201,34.66,12.8,44.33,471,88.32,1,4,4,5,1,4,12,17,9,2022,2021,22.69041096,21.69041096
1,1,16,10,1,1,264,214,60,48,17.6,17.62,23.77,488,54.09,0,0,2,0,3,1,17,6,4,2014,2018,20.96986301,24.96986301
1,1,85,31,6,3,1954,582,92,82,24.73,22.8,20.78,2353,83.04,0,0,14,1,8,4,85,16,0,2004,2004,18.71780822,18.71780822
1,1,81,25,1,1,2605,982,124,176,32.56,25.8,40.91,3614,72.08,6,3,14,4,7,1,81,13,9,2009,2013,17.682191779999997,21.682191779999997
1,0,66,34,3,1,1235,584,115,85,19.6,11.4,17.69,1817,67.96,1,0,5,2,5,6,69,17,0,2002,2002,18.57534247,18.57534247
1,1,39,26,5,1,794,530,70,145,23.35,11.66,21.2,1403,56.59,0,1,3,2,5,3,39,13,0,1988,2000,20.487671229999997,32.48767123
1,0,16,6,9,2,23,83,7,34,3.28,10.0,20.75,94,24.46,0,0,0,0,1,0,31,4,4,2012,2019,20.956164379999997,27.956164379999997
1,1,46,10,0,0,1352,100,120,23,29.39,24.72,10.0,1808,74.77,3,0,5,0,6,1,49,5,0,2012,2013,19.61917808,20.61917808
1,0,0,4,0,1,0,88,0,41,0.0,14.75,29.33,0,0.0,0,0,0,0,0,0,1,2,0,2018,2018,25.69589041,25.69589041
1,1,58,128,4,6,1336,4660,84,137,24.74,19.2,38.19,1979,67.5,0,12,9,27,5,13,60,77,9,2010,2010,24.501369859999997,24.501369859999997
1,1,108,10,10,0,2424,440,101,164,24.73,21.93,44.0,3630,66.77,1,1,12,3,7,1,114,6,4,2009,2018,21.591780819999997,30.591780819999997
1,1,5,1,0,0,116,14,72,14,23.2,8.8,14.0,177,65.53,0,0,1,0,0,0,6,1,9,1996,1996,27.410958899999997,27.410958899999997
1,0,13,2,3,0,121,7,33,7,12.1,10.25,3.5,150,80.66,0,0,0,0,1,1,15,1,3,2022,2023,25.34794521,26.34794521
1,0,8,7,2,0,88,82,28,56,14.66,16.25,11.71,88,100.0,0,0,0,1,1,2,12,4,3,2018,2018,21.40273973,21.40273973
0,0,99,190,15,8,3463,6508,182,258,41.22,21.66,35.75,3619,95.68,5,13,24,34,7,15,114,105,10,2011,2013,20.150684929999997,22.150684929999997
1,1,14,14,0,0,186,254,39,80,13.28,7.0,18.14,399,46.61,0,0,0,2,0,2,14,7,3,2015,2014,23.45479452,22.45479452
1,1,228,176,28,9,6083,6453,166,302,30.41,35.66,38.64,6312,96.37,5,12,32,31,20,14,260,101,5,2002,2004,20.838356159999996,22.838356159999996
1,1,115,112,16,13,3122,3266,110,169,31.53,17.47,32.98,3706,84.24,2,4,16,18,2,8,126,66,7,2001,2008,23.76712329,30.76712329
1,1,21,11,2,2,575,503,123,203,30.26,26.14,55.88,657,87.51,1,1,3,2,3,0,25,6,7,2005,2005,30.58356164,30.58356164
1,1,25,117,2,16,573,3790,96,205,24.91,9.5,37.52,838,68.37,0,8,5,19,3,10,28,75,5,2010,2009,25.05479452,24.05479452
1,1,127,118,10,4,3859,4112,122,245,32.98,25.13,36.07,4456,86.6,3,9,29,18,14,12,130,63,2,2016,2015,21.48767123,20.48767123
0,1,11,43,1,3,395,1642,107,182,39.5,31.5,41.05,424,93.16,1,3,3,9,2,2,11,23,10,2016,2016,21.78356164,21.78356164
1,1,8,37,0,4,148,1091,49,102,18.5,25.6,33.06,230,64.34,0,1,0,7,1,2,8,21,2,2019,2019,27.28767123,27.28767123
1,1,203,68,15,4,6684,2320,145,171,35.55,23.94,36.25,8721,76.64,11,6,39,12,15,3,205,34,3,2004,2004,18.47671233,18.47671233
1,1,1,46,1,7,61,1139,61,113,0.0,0.0,29.2,76,80.26,0,2,1,4,0,3,1,25,10,2019,2018,26.45205479,25.45205479
1,1,114,94,13,9,5729,3898,158,196,56.72,41.03,45.85,6455,88.75,19,9,32,26,4,7,117,52,9,2015,2016,20.7890411,21.7890411
1,0,29,12,2,0,924,297,120,111,34.22,20.7,24.75,1153,80.13,1,1,6,0,0,3,37,6,1,2020,2023,21.2739726,24.2739726
1,0,22,43,8,5,552,1377,89,174,39.42,17.37,36.23,675,81.77,0,2,2,6,0,3,26,28,7,2020,2020,21.15342466,21.15342466
1,0,24,2,6,0,451,22,75,22,25.05,16.16,11.0,575,78.43,0,0,1,0,0,1,26,1,2,2021,2019,25.16712329,23.16712329
1,1,11,2,1,0,231,10,74,10,23.1,17.66,5.0,312,74.03,0,0,2,0,2,1,15,1,3,2022,2024,22.29589041,24.29589041
0,1,53,2,2,0,1271,15,87,15,24.92,31.34,7.5,1214,104.69,0,0,8,0,7,1,57,1,5,2013,2013,26.383561640000003,26.383561640000003
1,0,35,44,7,7,742,1432,74,120,26.5,15.78,38.7,699,106.15,0,2,4,8,2,6,45,29,5,2012,2016,26.019178080000003,30.019178080000003
1,1,8,4,0,0,53,13,19,10,6.62,13.23,3.25,86,61.62,0,0,0,0,4,1,9,2,11,2009,2009,24.071232879999997,24.071232879999997
1,1,183,91,16,10,4707,3116,117,142,28.18,31.16,38.46,6198,75.94,3,6,28,19,9,7,197,55,5,1997,1997,20.876712329999997,20.876712329999997
1,0,27,7,4,0,467,173,62,69,20.3,14.77,24.71,465,100.43,0,0,1,1,0,0,42,4,6,2013,2016,26.24657534,29.24657534
1,1,109,10,2,0,2474,175,99,60,23.12,19.05,17.5,3913,63.22,0,0,16,1,8,0,109,5,3,2005,2016,18.89589041,29.89589041
1,1,25,2,9,0,663,4,71,3,41.43,5.33,2.0,777,85.32,0,0,5,0,0,0,30,1,7,2009,2016,24.68767123,31.68767123
1,1,35,4,1,0,831,88,194,37,24.44,12.7,22.0,937,88.68,1,0,3,0,5,0,39,2,3,2003,2005,20.39178082,22.39178082
1,1,84,15,7,3,1624,418,95,96,21.09,22.67,34.83,2254,72.04,0,0,8,4,7,1,102,8,2,2006,2006,19.42739726,19.42739726
1,1,77,7,16,2,2072,146,105,46,33.96,32.8,29.2,2586,80.12,2,0,11,0,4,0,91,4,7,2005,2008,21.94794521,24.94794521
1,1,24,23,7,4,300,360,30,55,17.64,13.0,18.94,410,73.17,0,0,0,1,4,5,36,15,10,2000,1999,21.969863009999997,20.969863009999997
1,0,37,5,3,1,559,181,101,69,16.44,14.76,45.25,614,91.04,1,0,1,3,2,1,44,3,11,2011,2015,23.030136990000003,27.030136990000003
0,1,115,42,13,2,3376,1344,130,160,33.09,21.95,33.6,4437,76.08,4,3,20,5,11,2,119,21,3,2010,2011,24.94520548,25.94520548
1,0,88,83,24,15,1524,1888,95,137,23.81,16.33,27.76,1710,89.12,0,1,6,7,8,9,122,51,10,2011,2013,22.408219180000003,24.408219180000003
1,1,35,36,11,2,482,610,49,68,20.08,3.33,17.94,719,67.03,0,0,0,3,2,1,47,21,11,2003,2003,21.098630139999997,21.098630139999997
1,0,7,5,3,2,32,25,13,11,8.0,13.0,8.33,55,58.18,0,0,0,0,0,0,7,3,3,2016,2016,21.23013699,21.23013699
1,0,13,2,1,0,177,41,34,33,14.75,12.18,20.5,234,75.64,0,0,0,0,0,0,14,1,3,2013,2020,22.605479449999997,29.605479449999997
1,1,34,86,1,2,843,2160,71,135,25.54,26.0,25.71,1414,59.61,0,3,9,9,5,9,35,48,11,1999,1998,20.539726029999997,19.539726029999997
1,1,5,4,0,0,96,120,34,57,19.2,22.75,30.0,157,61.14,0,0,0,1,0,0,5,2,3,2021,2021,19.35616438,19.35616438
1,0,13,10,1,1,192,105,50,9,16.0,21.75,10.58,224,85.71,0,0,1,0,1,2,27,3,6,2016,2019,27.33424658,30.33424658
1,1,110,126,22,14,2200,2898,169,166,25.0,18.7,25.87,2738,80.35,2,4,8,15,4,9,139,74,11,2005,2005,20.37808219,20.37808219
0,1,159,205,6,8,6932,8786,179,335,45.3,33.43,44.59,7127,97.26,22,26,33,37,4,13,161,112,7,2009,2011,22.75616438,24.75616438
1,1,25,10,4,2,575,455,114,116,27.38,25.0,56.87,724,79.41,1,1,1,3,0,1,31,6,2,2016,2016,30.55616438,30.55616438
1,1,19,2,2,0,238,31,37,19,14.0,8.5,15.5,364,65.38,0,0,0,0,3,0,21,1,11,2009,2022,19.71232877,32.71232877
1,1,15,25,1,1,361,711,63,109,25.78,1.2,29.62,486,74.27,0,1,1,4,0,3,16,14,5,2012,2011,28.0,27.0
1,0,141,71,24,1,2968,2200,112,113,25.36,22.01,31.42,3606,82.3,2,3,10,13,11,6,164,40,11,2004,2004,20.810958900000003,20.810958900000003
0,1,30,39,4,0,1450,1074,140,140,55.76,36.38,27.53,1488,97.44,6,1,7,9,5,2,30,22,10,2019,2017,31.904109589999997,29.904109589999997
1,0,35,37,5,5,1577,1608,134,190,52.56,25.92,50.25,1608,98.07,6,5,5,10,0,1,39,23,5,2021,2019,30.19178082,28.19178082
1,0,6,4,0,0,113,46,53,24,18.83,28.25,11.5,206,54.85,0,0,1,0,1,0,8,3,10,1998,1999,24.18356164,25.18356164
0,1,117,102,14,5,3109,3538,124,218,30.18,21.31,36.47,4434,70.11,4,8,18,17,9,5,122,56,11,2009,2010,20.47671233,21.47671233
1,1,7,6,0,0,179,125,59,69,25.57,0.0,20.83,251,71.31,0,0,2,1,0,1,8,3,11,2009,2009,33.03561644,33.03561644
1,0,82,96,10,8,1865,3582,93,173,25.9,21.17,40.7,2373,78.59,0,12,10,14,4,8,90,54,2,2016,2016,24.89589041,24.89589041
0,1,31,37,3,1,1246,1497,152,200,44.5,38.05,41.58,1388,89.76,5,4,3,8,2,3,32,20,5,2021,2021,30.057534250000003,30.057534250000003
0,1,17,45,2,5,228,1038,35,95,15.2,11.8,25.95,360,63.33,0,0,0,6,3,8,20,24,5,2008,2008,23.28493151,23.28493151
1,1,182,109,51,14,5346,4406,144,165,40.8,30.0,46.37,6877,77.73,5,13,37,23,10,7,208,67,7,1992,1992,20.772602740000004,20.772602740000004
1,0,89,14,5,1,1560,320,97,105,18.57,18.18,24.61,1683,92.69,0,1,8,0,14,4,105,10,11,2004,2004,21.29589041,21.29589041
0,1,45,76,2,2,1059,1760,107,108,24.62,33.83,23.78,1506,70.31,1,1,5,8,4,7,47,43,11,2003,2003,21.772602740000004,21.772602740000004
1,1,15,2,2,0,403,24,79,18,31.0,12.66,12.0,502,80.27,0,0,4,0,2,0,17,1,3,2009,2012,23.93150685,26.93150685
0,1,8,12,0,0,117,111,40,29,14.62,22.0,9.25,229,51.09,0,0,0,0,0,3,8,6,11,1997,1997,25.01643836,25.01643836
0,0,24,27,3,1,224,687,28,91,10.66,12.44,26.42,274,81.75,0,0,0,4,2,4,34,17,9,2017,2018,23.53424658,24.53424658
0,1,81,6,6,0,3492,192,210,94,46.56,22.81,32.0,3737,93.44,11,0,16,2,6,0,82,3,9,2017,2018,27.30136986,28.30136986
0,1,36,30,12,4,966,1011,114,168,40.25,17.63,38.88,1297,74.47,1,5,6,2,3,3,38,19,9,2007,2009,21.80821918,23.80821918
0,1,143,104,11,5,5238,4154,150,206,39.68,27.41,41.95,6144,85.25,11,9,34,22,11,7,147,58,8,2003,2004,21.79178082,22.79178082
1,0,14,2,3,0,197,46,37,39,17.9,16.0,23.0,381,51.7,0,0,0,0,1,0,15,1,3,2010,2011,29.40273973,30.40273973
0,0,65,10,26,3,790,186,71,79,20.25,13.75,26.57,1005,78.6,0,0,2,1,9,0,123,7,7,1996,1996,25.47671233,25.47671233
1,1,99,4,12,1,2072,45,113,33,23.81,21.13,15.0,2880,71.94,1,0,12,0,6,2,105,2,1,2007,2018,21.47945205,32.47945205
1,0,24,12,3,1,735,366,72,87,35.0,32.89,33.27,754,97.48,0,0,4,3,0,1,30,7,5,2022,2020,25.64657534,23.64657534
0,0,2,6,1,0,27,135,18,37,27.0,11.1,22.5,29,93.1,0,0,0,0,0,0,2,3,6,2021,2019,29.65205479,27.65205479
1,0,86,4,28,0,1341,98,91,39,23.12,19.8,24.5,1655,81.02,0,0,6,0,6,0,124,2,1,2010,2019,18.019178080000003,27.019178080000003
1,1,17,7,1,1,236,71,45,15,14.75,10.75,11.83,311,75.88,0,0,0,0,3,0,25,4,5,2004,2008,27.67945205,31.67945205
1,0,127,14,17,1,3895,339,201,104,35.4,29.88,26.07,3069,126.91,4,1,23,0,10,0,138,7,7,2012,2013,23.79178082,24.79178082
1,1,50,8,7,0,1723,104,174,35,40.06,24.0,13.0,1496,115.17,4,0,6,0,2,0,54,4,6,2018,2019,27.0,28.0
1,1,208,76,4,2,5658,2223,178,158,27.73,25.96,30.04,7728,73.21,5,5,34,8,15,10,209,38,3,2001,2001,17.97260274,17.97260274
1,1,15,24,1,1,407,1378,80,186,29.07,30.73,59.91,429,94.87,0,5,3,8,1,1,15,15,10,2023,2022,24.43287671,23.43287671
0,1,4,29,0,1,15,755,11,171,3.75,21.57,26.96,56,26.78,0,1,0,1,0,2,4,16,5,2013,2013,24.254794519999997,24.254794519999997
0,1,106,85,14,6,3194,2088,139,155,34.71,16.16,26.43,4419,72.27,4,3,21,10,7,11,127,44,2,2010,2011,20.97260274,21.97260274
1,1,56,32,11,2,2360,905,134,98,52.44,34.38,30.16,2706,87.21,6,0,14,6,2,3,62,18,6,2019,2019,30.473972600000003,30.473972600000003
1,1,240,154,16,7,8094,6167,175,228,36.13,18.18,41.95,9721,83.26,21,14,37,26,22,11,248,90,6,1996,1996,22.43013699,22.43013699
1,0,61,18,9,1,1769,532,92,108,34.01,26.71,31.29,1603,110.35,0,1,11,4,4,2,86,11,8,2016,2017,22.8,23.8
1,1,62,19,9,2,1454,652,101,160,27.43,4.0,38.35,1990,73.06,1,2,12,2,3,1,66,13,5,2003,2000,24.45205479,21.45205479
0,1,73,87,15,7,2056,2973,124,200,35.44,12.5,37.16,2536,81.07,1,9,15,12,6,6,75,56,5,2015,2016,23.70410959,24.70410959
1,1,41,12,6,0,1747,374,140,85,49.91,22.6,31.16,2080,83.99,5,0,11,4,3,2,45,6,1,2020,2023,20.64657534,23.64657534
0,1,44,27,5,1,1749,847,130,147,44.84,19.09,32.57,2046,85.48,2,2,14,3,1,1,45,16,9,2013,2017,24.553424659999997,28.553424659999997
0,1,78,16,13,5,2225,485,97,200,34.23,24.0,44.09,3243,68.6,0,1,21,2,5,0,78,8,4,2013,2018,18.73424658,23.73424658
1,1,19,4,1,0,450,172,110,67,25.0,15.26,43.0,695,64.74,1,0,2,1,0,0,19,2,3,2022,2023,29.96986301,30.96986301
1,1,65,93,10,6,2819,3835,137,226,51.25,23.0,44.08,3658,77.06,4,9,22,19,5,8,68,52,10,2009,2009,28.26849315,28.26849315
0,0,87,40,21,5,1544,1105,83,102,23.39,24.57,31.57,1941,79.54,0,1,5,6,7,5,120,29,8,2004,2003,19.75616438,18.75616438
1,1,157,205,14,24,5416,7727,141,235,37.87,26.85,42.69,7019,77.16,4,22,35,46,6,14,161,118,10,2004,2004,22.29863014,22.29863014
1,1,33,14,3,0,1440,541,162,114,48.0,29.07,38.64,1790,80.44,5,1,7,4,2,2,33,7,4,2019,2019,17.63013699,17.63013699
1,1,24,6,8,1,614,61,109,27,38.37,24.34,12.2,576,106.59,1,0,1,0,0,1,28,4,9,2015,2016,24.904109589999997,25.904109589999997
1,1,16,6,2,1,307,110,57,65,21.92,20.0,22.0,440,69.77,0,0,3,1,2,0,16,3,4,2017,2019,19.58630137,21.58630137
0,1,71,46,6,4,3138,1568,151,157,48.27,10.5,37.33,3801,82.55,9,3,20,9,3,4,72,24,9,2017,2018,21.60273973,22.60273973
0,1,58,77,2,2,1719,2400,107,128,30.69,10.85,32.0,2489,69.06,1,3,13,14,3,3,58,40,9,2001,2001,19.19178082,19.19178082
1,1,79,13,2,0,1895,427,160,131,24.61,21.73,32.84,2339,81.01,2,2,9,1,10,3,79,8,9,1999,1999,17.619178079999998,17.619178079999998
0,1,78,76,2,2,2434,1797,144,150,32.02,9.15,24.28,3423,71.1,4,3,16,4,2,4,78,39,0,2008,2008,21.487671229999997,21.487671229999997
0,1,24,3,2,2,933,78,210,52,42.4,25.67,78.0,913,102.19,1,0,7,1,1,0,27,2,8,2021,2023,23.03013699,25.03013699
1,1,12,2,0,0,354,73,78,49,29.5,14.33,36.5,527,67.17,0,0,2,0,2,0,12,1,3,2023,2024,27.59452055,28.59452055
0,0,37,23,6,1,704,385,72,49,22.7,21.63,17.5,1115,63.13,0,0,4,0,1,5,40,13,2,2002,2002,21.550684930000003,21.550684930000003
1,1,10,11,0,0,250,218,161,52,25.0,7.0,19.81,313,79.87,1,0,1,1,2,2,10,7,5,2005,2005,26.45205479,26.45205479
1,1,154,100,27,9,5022,2907,162,152,39.54,35.86,31.94,4288,117.11,11,2,26,18,14,9,181,57,10,2012,2014,21.890410959999997,23.890410959999997
0,0,25,2,11,0,163,45,30,37,11.64,10.66,22.5,242,67.35,0,0,0,0,3,0,45,2,10,2010,2010,28.41917808,28.41917808
0,1,5,40,0,6,248,888,179,68,49.6,5.5,26.11,214,115.88,1,0,0,3,0,2,6,20,11,2019,2019,25.85479452,25.85479452
0,0,42,33,1,2,1362,1269,107,201,33.21,22.85,40.93,1429,95.31,3,3,6,6,5,4,48,18,5,2008,2008,23.980821919999997,23.980821919999997
0,0,116,59,15,10,2434,1780,101,133,24.09,20.6,36.32,2810,86.61,1,5,13,6,8,4,160,33,5,2001,2002,23.00273973,24.00273973
0,0,65,22,12,1,1495,709,97,137,28.2,22.47,33.76,1496,99.93,0,2,7,4,3,2,76,12,5,2013,2014,22.865753419999997,23.865753419999997
1,1,160,261,23,21,6522,12027,133,254,47.6,35.72,50.11,7516,86.77,16,32,39,63,9,12,171,143,10,2013,2012,22.58082192,21.58082192
0,0,80,46,27,7,1270,808,98,122,23.96,20.13,20.71,1651,76.92,0,1,4,2,5,6,110,31,5,2001,2001,20.7260274,20.7260274
1,1,110,10,3,0,4271,187,180,72,39.91,24.15,18.7,4047,105.53,12,0,21,1,11,1,116,5,10,2015,2019,25.02191781,29.02191781
1,1,13,28,0,0,446,827,87,94,34.3,12.5,29.53,629,70.9,0,0,4,6,0,0,16,15,10,2009,2019,23.369863010000003,33.36986301
1,1,98,178,8,12,3868,6042,141,167,42.97,29.83,36.39,3758,102.92,11,12,17,26,9,17,107,100,10,2011,2012,21.84109589,22.84109589
1,1,37,35,1,1,1046,772,139,92,29.05,11.2,22.7,1572,66.53,1,0,7,4,3,4,41,19,5,2005,2006,24.19452055,25.19452055
1,1,22,22,0,0,616,548,102,83,28.0,27.23,24.9,703,87.62,1,0,3,3,1,2,25,13,10,2015,2016,24.37534247,25.37534247
1,0,114,119,24,18,2237,2952,99,202,24.85,16.36,29.22,2479,90.23,0,3,12,13,11,10,138,67,11,2013,2014,21.73150685,22.73150685
0,0,179,80,40,10,5117,2133,150,166,36.81,38.68,18.925,6052,84.55,4,6,27,8,7,10,199,46,6,2004,2008,20.290410960000003,24.290410960000003
1,0,52,2,22,0,1032,45,116,23,34.4,14.45,22.5,990,104.24,1,0,4,0,4,0,69,1,7,2013,2013,23.24931507,23.24931507
1,1,6,12,3,3,41,226,13,48,13.66,12.33,25.11,71,57.74,0,0,0,0,0,1,11,7,10,2001,2001,21.28767123,21.28767123
1,0,21,2,11,0,271,52,51,32,27.1,11.5,26.0,273,99.26,0,0,1,0,1,0,29,1,7,2010,2012,24.734246579999997,26.734246579999997
1,1,13,14,1,1,270,347,53,48,22.5,10.33,26.69,371,72.77,0,0,1,0,2,2,14,7,0,2010,2010,23.630136989999997,23.630136989999997
1,1,44,6,0,0,1049,113,81,62,23.84,3.0,18.83,1380,76.01,0,0,7,1,2,0,47,3,4,2010,2018,18.57260274,26.57260274
0,1,53,37,1,0,1196,969,100,106,23.0,22.71,26.18,1753,68.22,1,1,6,7,6,2,54,19,0,2007,2008,19.747945209999997,20.747945209999997
0,1,6,16,1,2,75,370,27,103,15.0,13.33,26.42,90,83.33,0,1,0,1,0,1,6,10,2,2013,2013,22.421917809999997,22.421917809999997
0,0,52,6,8,0,1918,88,110,29,43.59,24.43,14.66,2136,89.79,3,0,12,0,3,0,59,3,2,2021,2021,24.08219178,24.08219178
1,0,141,6,18,1,3619,258,142,118,29.42,21.21,51.6,4076,88.78,2,1,18,1,6,0,153,3,1,2006,2018,22.40273973,34.40273973
1,1,70,86,14,2,2820,2863,112,199,50.35,37.75,34.08,3211,87.82,7,8,18,14,2,7,75,50,8,2016,2014,24.279452050000003,22.279452050000003
0,0,34,6,7,0,514,90,45,35,19.03,11.5,15.0,851,60.39,0,0,0,0,4,1,37,3,3,2005,2005,24.95068493,24.95068493
1,0,22,6,7,0,320,96,46,47,21.33,20.77,16.0,330,96.96,0,0,0,0,2,1,30,3,11,2018,2018,20.43561644,20.43561644
1,0,8,4,0,1,106,72,53,31,13.25,0.0,24.0,183,57.92,0,0,1,0,2,0,11,2,3,2006,2013,18.47123288,25.47123288
0,1,44,83,0,1,1005,2113,83,134,22.84,12.0,25.76,1278,78.63,0,3,9,7,4,8,46,44,11,2009,2011,19.397260269999997,21.397260269999997
0,0,26,32,0,3,660,949,120,210,25.38,21.77,32.72,775,85.16,2,2,2,2,3,5,28,18,11,2021,2021,28.89041096,28.89041096
1,0,18,5,3,1,210,94,69,28,14.0,5.5,23.5,262,80.15,0,0,1,0,2,0,21,4,2,2003,2003,21.19178082,21.19178082
1,1,157,176,17,17,6810,8743,148,251,48.64,33.44,54.98,8368,81.38,13,32,45,34,5,11,165,100,5,2010,2010,19.97534247,19.97534247
1,1,138,92,14,6,3236,2648,124,158,26.09,21.0,30.79,3855,83.94,5,6,10,12,10,14,157,53,9,2002,2002,20.54246575,20.54246575
1,0,3,4,0,1,32,95,22,41,10.66,16.33,31.66,47,68.08,0,0,0,0,0,0,3,2,4,2017,2023,18.96712329,24.96712329
1,1,7,30,0,1,236,817,83,146,33.71,3.66,28.17,375,62.93,0,1,3,7,1,3,7,16,9,2008,2009,22.134246580000003,23.134246580000003
1,1,99,40,10,1,2413,1332,172,224,27.11,19.33,34.15,3453,69.88,3,3,11,9,8,4,102,23,5,2001,2001,22.71506849,22.71506849
1,0,5,6,0,2,63,84,20,66,12.6,14.25,21.0,74,85.13,0,0,0,1,0,3,6,3,10,2016,2016,26.410958899999997,26.410958899999997
1,1,142,142,21,15,3854,5479,111,206,31.85,19.66,43.14,5191,74.24,4,15,24,26,11,6,157,79,2,2010,2011,20.695890409999997,21.695890409999997
1,1,42,12,5,1,841,480,85,108,22.72,21.24,43.63,1041,80.78,0,1,4,2,3,1,51,6,1,2019,2023,22.88493151,26.88493151
1,0,36,2,5,0,430,56,46,37,13.87,15.42,28.0,513,83.82,0,0,0,0,3,0,43,1,3,2014,2021,19.47671233,26.47671233
1,1,65,16,3,0,1958,278,122,49,31.58,26.78,17.37,2680,73.05,2,0,16,0,9,1,68,8,11,2006,2009,21.50958904,24.50958904
1,1,62,17,7,1,1587,537,107,152,28.85,13.46,33.56,2254,70.4,1,1,13,2,6,3,75,11,2,1999,2006,19.62465753,26.62465753
1,1,220,196,39,24,8607,7683,181,290,47.55,26.15,44.66,10330,83.32,21,19,51,35,9,14,236,112,5,2006,2007,22.39178082,23.39178082
1,0,22,2,3,1,558,16,95,9,29.36,23.82,16.0,542,102.95,0,0,3,0,2,0,25,1,10,2021,2022,27.98630137,28.98630137
1,1,90,72,8,2,2563,2461,176,141,31.25,23.13,35.15,2958,86.64,5,3,12,16,14,2,91,41,0,2015,2015,20.79452055,20.79452055
0,1,6,2,0,0,140,6,36,5,23.33,16.0,3.0,194,72.16,0,0,0,0,0,0,6,1,2,2019,2021,24.24931507,26.24931507
1,0,19,21,5,4,422,401,75,84,30.14,10.66,23.58,373,113.13,0,0,1,2,1,2,23,13,6,2022,2021,22.24383562,21.24383562
1,1,47,90,3,7,1656,4114,124,215,37.63,2.0,49.56,1994,83.04,2,11,11,20,2,4,52,50,7,2020,2018,26.10136986,24.10136986
0,1,9,8,2,0,57,111,26,41,8.14,20.26,13.87,117,48.71,0,0,0,0,1,0,10,4,3,2021,2021,20.77808219,20.77808219
1,1,16,105,0,1,339,3982,72,167,21.18,18.77,38.28,506,66.99,0,12,1,15,0,8,17,61,8,2010,2008,26.3260274,24.3260274
0,1,6,12,0,0,114,345,63,60,19.0,7.0,28.75,180,63.33,0,0,1,1,0,2,6,6,10,2013,2010,32.83287671,29.83287671
1,0,15,8,2,1,117,164,22,81,9.0,20.88,23.42,192,60.93,0,0,0,2,0,2,16,4,7,2009,2013,22.49041096,26.49041096
0,0,46,16,1,0,1601,299,133,61,35.57,16.46,18.68,1844,86.82,2,0,11,2,1,0,47,8,2,2015,2017,24.36712329,26.36712329
1,0,63,12,5,2,1299,140,108,66,22.39,19.67,14.0,1420,91.47,2,0,4,1,6,2,71,6,2,2016,2016,24.88767123,24.88767123
1,0,12,77,0,8,152,1303,30,95,12.66,0.5,18.88,199,76.38,0,0,0,7,0,14,13,43,2,2007,2014,25.019178080000003,32.01917808
0,1,111,41,5,3,3237,1177,135,153,30.53,26.92,30.97,3485,92.88,6,2,17,7,12,5,116,22,2,2013,2015,22.95068493,24.95068493
0,1,122,143,6,10,4335,5825,137,219,37.37,55.33,43.79,5087,85.21,12,14,21,29,13,12,123,76,10,2000,2000,24.59452055,24.59452055
0,1,157,137,44,16,5442,6235,109,195,48.15,37.94,51.52,6243,87.16,3,19,39,29,3,12,185,79,7,2004,2005,29.17260274,30.17260274
1,0,75,34,18,4,1113,556,69,72,19.52,8.25,18.53,1294,86.01,0,0,2,3,3,1,109,22,2,2004,2004,19.89315068,19.89315068
0,0,16,14,4,1,510,259,140,74,42.5,16.7,19.92,430,118.6,2,0,0,1,0,1,19,8,5,2022,2022,31.45479452,31.45479452
1,1,223,198,44,22,7981,8643,130,329,44.58,21.21,49.1,10104,78.98,8,28,58,27,10,9,245,115,7,2003,2004,22.32328767,23.32328767
1,1,195,89,19,1,7346,2586,237,189,41.73,31.81,29.38,8415,87.29,18,3,39,17,16,10,198,47,5,2009,2009,22.83013699,22.83013699
0,1,2,35,0,2,6,1171,5,128,3.0,20.0,35.48,19,31.57,0,5,0,4,0,5,2,21,7,2009,2009,30.00273973,30.00273973
1,1,62,123,9,21,1282,4099,87,131,24.18,21.16,40.18,1670,76.76,0,7,3,28,5,13,68,79,10,2004,2007,22.421917809999997,25.421917809999997
0,0,78,35,29,2,1355,804,67,126,27.65,16.46,24.36,1485,91.24,0,1,3,2,3,3,104,26,5,2015,2015,23.47945205,23.47945205
0,1,9,4,0,0,257,23,73,19,28.55,12.0,5.75,383,67.1,0,0,2,0,1,2,9,2,2,2008,2018,22.02739726,32.02739726
0,0,112,118,15,8,2355,3094,128,155,24.27,21.18,28.12,2399,98.16,3,5,6,15,6,15,138,68,10,2014,2014,27.11232877,27.11232877
1,1,196,127,26,7,5606,3917,133,260,32.97,29.29,32.64,7463,75.11,10,7,30,24,11,14,207,71,11,2000,2000,19.47945205,19.47945205
1,1,72,28,6,1,1259,577,99,72,19.07,26.65,21.37,1639,76.81,0,0,5,4,10,4,79,14,3,2009,2011,24.835616440000003,26.835616440000003
1,1,83,147,10,9,1982,5719,90,197,27.15,13.5,41.44,2898,68.39,0,18,16,18,9,9,86,82,10,2001,1999,26.75068493,24.75068493
1,0,34,11,12,2,400,220,32,88,18.18,14.85,24.44,364,109.89,0,0,0,1,3,2,48,6,1,2019,2019,23.33972603,23.33972603
1,0,85,73,11,7,2672,2010,177,181,36.1,32.43,30.45,2778,96.18,3,3,18,9,7,8,89,42,7,2011,2014,19.77534247,22.77534247
1,1,259,156,32,15,8529,5502,132,249,37.57,5.0,39.02,12594,67.72,11,16,59,17,13,22,268,90,2,1990,1990,19.68493151,19.68493151
1,1,50,56,4,5,1304,1635,118,214,28.34,0.0,32.05,2086,62.51,2,3,8,4,8,4,54,33,5,2000,1999,24.720547949999997,23.720547949999997
0,1,83,63,12,9,1867,1613,100,117,26.29,26.13,29.87,2288,81.59,1,4,11,5,5,3,97,36,7,2012,2012,24.591780819999997,24.591780819999997
1,0,202,94,51,7,5386,2914,128,150,35.66,23.7,33.49,7002,76.92,4,5,28,16,10,11,232,50,0,2007,2009,21.48219178,23.48219178
1,0,68,79,11,9,1331,1470,112,103,23.35,14.58,21.0,1699,78.34,2,1,3,6,4,6,97,43,0,2017,2016,19.76164384,18.76164384
0,1,16,13,0,1,276,243,54,83,17.25,16.0,20.25,642,42.99,0,0,1,1,1,1,18,7,0,2006,2007,19.057534250000003,20.057534250000003
1,1,149,132,31,20,5122,5222,96,161,43.4,37.52,46.62,6945,73.75,0,10,42,39,6,9,162,75,9,2002,2001,28.16986301,27.16986301
1,0,216,105,15,8,6614,3652,140,224,32.9,26.46,37.64,8633,76.61,11,10,38,12,19,8,218,55,9,2003,2003,22.78356164,22.78356164
1,1,30,18,4,0,714,333,73,67,27.46,10.58,18.5,921,77.52,0,0,6,2,2,4,34,10,0,2014,2018,23.408219180000003,27.408219180000003
1,0,142,6,15,0,3447,33,136,24,27.14,22.31,5.5,3979,86.62,2,0,16,0,6,3,161,3,4,2009,2018,24.57534247,33.57534247
0,1,7,2,0,0,95,24,28,24,13.57,23.97,12.0,157,60.5,0,0,0,0,1,1,8,1,0,2020,2022,20.9369863,22.9369863
0,0,28,10,6,1,406,144,53,45,18.45,18.34,16.0,458,88.64,0,0,1,0,0,1,37,6,9,2016,2016,22.35616438,22.35616438
1,1,67,48,15,8,2088,1616,131,115,40.15,48.72,40.4,2325,89.8,3,2,13,9,2,3,74,30,9,2015,2016,23.15890411,24.15890411
1,1,3,4,1,0,22,25,19,13,11.0,5.0,6.25,39,56.41,0,0,0,0,1,1,7,2,9,2011,2011,29.97808219,29.97808219
1,1,84,4,3,0,2727,69,131,40,33.66,29.25,17.25,3082,88.48,6,0,14,0,4,0,84,2,4,2009,2018,22.550684930000003,31.550684930000003
1,0,9,4,2,1,80,55,17,43,11.42,11.5,18.33,82,97.56,0,0,0,0,1,0,20,2,9,2022,2022,20.92876712,20.92876712
0,1,26,114,1,9,557,4058,60,181,22.28,20.0,38.64,749,74.36,0,12,3,18,1,13,28,61,0,2012,2013,20.83287671,21.83287671
1,1,35,8,10,2,634,173,52,75,25.36,18.52,28.83,766,82.76,0,0,3,1,1,1,43,4,0,2016,2017,20.63561644,21.63561644
1,1,253,163,42,14,7792,5676,144,219,36.92,19.48,38.09,9771,79.74,9,10,49,27,11,12,271,88,0,2006,2005,19.22191781,18.22191781
0,1,29,30,3,2,682,725,65,82,26.23,11.0,25.89,989,68.95,0,0,4,5,0,3,31,18,11,2005,2005,21.953424660000003,21.953424660000003
0,1,52,96,1,7,1604,2757,116,96,31.45,18.46,30.97,1717,93.41,2,0,9,22,1,4,55,54,2,2014,2014,21.09863014,21.09863014
1,1,55,94,10,7,1688,3253,131,226,37.51,0.0,37.39,2432,69.4,2,5,10,16,2,9,64,58,6,2000,2000,24.67945205,24.67945205
1,1,6,25,1,4,85,803,31,123,17.0,13.5,38.23,135,62.96,0,2,0,3,2,4,6,15,11,2021,2021,32.51506849,32.51506849
1,1,217,137,14,10,7090,4702,145,222,34.92,24.66,37.02,9760,72.64,16,11,41,24,19,11,223,81,5,1995,1996,23.87123288,24.87123288
0,1,101,2,9,0,2581,18,109,18,28.05,17.92,9.0,3638,70.94,1,0,18,0,3,1,103,1,1,2006,2018,24.72328767,36.72328767
1,1,39,3,4,0,943,32,109,20,26.94,12.16,10.66,1161,81.22,1,0,5,0,7,1,39,2,5,2009,2017,25.69041096,33.69041096
1,1,1,2,0,0,1,56,1,35,1.0,6.0,28.0,7,14.28,0,0,0,0,0,0,1,1,8,2010,2015,27.02465753,32.02465753
1,0,51,15,15,2,975,416,84,108,27.08,14.44,32.0,1473,66.19,0,1,5,1,5,0,59,8,0,2008,2008,21.578082190000003,21.578082190000003
0,1,44,52,3,1,1365,1481,122,163,33.29,23.28,29.03,1674,81.54,3,5,8,3,5,7,45,27,0,2018,2017,19.92876712,18.92876712
1,0,52,32,8,2,1281,1044,100,100,29.11,18.5,34.8,1605,79.81,1,1,6,6,4,2,65,19,0,2011,2011,19.6630137,19.6630137
0,1,48,4,3,0,1418,51,112,46,31.51,21.35,12.75,1881,75.38,3,0,8,0,5,1,48,2,9,2008,2013,18.64657534,23.64657534
1,1,11,6,0,0,147,125,47,78,13.36,25.42,20.83,237,62.02,0,0,0,1,0,2,11,3,0,2008,2011,22.82739726,25.82739726
1,1,50,4,1,0,1216,117,114,47,24.81,27.13,29.25,1923,63.23,1,0,7,0,4,0,51,2,4,2009,2024,21.05205479,36.05205479
1,1,5,21,3,1,165,440,45,64,82.5,16.48,22.0,174,94.82,0,0,0,3,0,5,7,11,0,2016,2017,22.68767123,23.68767123
1,1,66,10,6,0,1834,269,107,88,30.56,24.78,26.9,2331,78.67,1,0,12,2,6,0,71,6,10,2001,2006,22.76986301,27.76986301
1,1,55,15,5,1,2225,537,210,103,44.5,28.4,38.35,2446,90.96,6,1,13,5,4,0,55,9,2,2021,2021,23.19726027,23.19726027
0,1,34,38,3,8,736,934,95,71,23.74,18.0,31.13,962,76.5,0,0,4,6,2,4,38,25,8,2003,2002,18.3890411,17.3890411
1,1,46,39,5,1,1334,967,112,136,32.53,11.54,25.44,1833,72.77,1,2,8,5,2,3,49,23,5,2004,2006,25.49041096,27.49041096
0,0,7,5,1,1,127,428,57,164,21.16,21.46,107.0,214,59.34,0,2,1,2,0,0,7,3,2,2019,2022,20.83013699,23.83013699
0,1,24,49,1,2,826,1535,138,160,35.91,6.0,32.65,1100,75.09,2,3,4,7,1,6,25,26,7,2013,2009,24.67,20.67
1,1,7,4,0,0,193,61,69,42,27.57,11.0,15.25,238,81.09,0,0,1,0,0,0,8,2,5,2010,2010,31.76164384,31.76164384
0,0,12,3,5,0,38,6,13,4,5.42,0.0,2.0,58,65.51,0,0,0,0,1,0,25,3,8,2007,2006,18.59726027,17.59726027
1,1,6,9,0,1,189,339,49,134,31.5,0.0,42.37,166,113.85,0,1,0,2,0,1,6,5,8,2020,2018,20.72054795,18.72054795
1,0,154,14,3,0,5700,351,177,103,37.74,27.07,25.07,6534,87.23,14,1,29,1,13,1,161,7,1,2008,2018,17.904109589999997,27.904109589999997
1,1,20,35,1,6,632,1079,117,110,33.26,33.0,37.2,649,97.38,1,2,4,5,2,2,22,20,7,2017,2016,26.25753425,25.25753425
1,0,46,7,7,0,895,196,80,59,22.94,14.29,28.0,806,111.04,0,0,4,1,3,0,54,4,2,2017,2020,20.0,23.0
1,0,12,21,4,0,82,326,19,42,10.25,19.2,15.52,104,78.84,0,0,0,0,1,2,15,12,6,2017,2019,19.44109589,21.44109589
0,1,155,91,7,6,6770,3300,178,141,45.74,31.51,38.82,7005,96.64,21,6,30,22,4,7,155,54,6,2013,2014,20.61643836,21.61643836
1,0,63,141,20,15,707,3309,65,124,16.44,26.28,26.26,813,86.96,0,5,1,14,6,8,116,100,8,2010,2011,23.865753419999997,24.865753419999997
0,0,41,3,15,1,485,47,71,33,18.65,9.0,23.5,680,71.32,0,0,1,0,3,0,54,2,6,2009,2010,26.46849315,27.46849315
1,1,34,12,2,1,618,217,74,43,19.31,17.22,19.72,847,72.96,0,0,3,0,4,1,36,6,3,2014,2013,25.13150685,24.13150685
0,0,21,14,1,1,820,519,123,240,41.0,15.4,39.92,759,108.03,3,1,3,2,2,1,25,7,5,2023,2021,23.69589041,21.69589041
0,0,132,105,47,21,2756,3036,87,175,32.42,21.45,36.14,3240,85.06,0,4,13,20,6,7,197,72,8,2009,2012,20.64657534,23.64657534
0,0,5,14,0,1,51,298,27,62,10.2,23.0,22.92,101,50.49,0,0,0,3,1,1,6,8,11,2019,2017,28.21643836,26.21643836
0,1,2,8,0,1,17,165,14,42,8.5,14.33,23.57,26,65.38,0,0,0,0,0,0,2,4,6,2023,2022,27.04931507,26.04931507
1,1,254,101,36,10,10709,4137,264,212,49.12,32.05,45.46,11644,91.97,31,12,55,17,16,5,262,59,8,2007,2013,20.24657534,26.24657534
1,1,21,4,2,0,586,28,146,19,30.84,17.21,7.0,776,75.51,2,0,2,0,2,0,22,2,5,2011,2012,28.16986301,29.16986301
1,0,34,90,4,4,783,2265,94,137,26.1,33.77,26.33,1044,75.0,0,5,4,11,3,12,45,49,11,2017,2016,25.35342466,24.35342466
1,0,21,10,5,0,291,89,49,40,18.18,0.0,8.9,367,79.29,0,0,0,0,1,4,28,5,11,1997,1997,22.89863014,22.89863014
0,1,155,69,43,4,3950,1821,103,123,35.26,7.0,28.01,5443,72.57,1,3,28,10,7,7,180,44,2,1997,1997,23.76164384,23.76164384
0,0,44,5,6,0,938,24,83,16,24.68,26.11,4.8,1179,79.55,0,0,6,0,2,3,52,3,3,2017,2017,23.28767123,23.28767123
0,1,26,56,1,4,865,2271,125,159,34.6,23.25,43.67,811,106.65,1,5,5,11,3,2,30,33,8,2018,2018,20.81917808,20.81917808
1,1,169,154,33,8,5804,5842,120,291,42.67,22.92,40.01,7663,75.74,5,15,38,31,8,12,181,87,11,2000,2000,20.098630139999997,20.098630139999997
1,0,109,19,21,1,2695,575,101,143,30.62,28.44,31.94,3462,77.84,1,3,14,0,4,5,120,13,10,2007,2007,22.23561644,22.23561644
1,1,51,27,6,1,1519,573,110,70,33.75,16.0,22.03,2289,66.36,2,0,10,4,7,1,56,15,11,2002,2005,24.0,27.0
1,0,4,20,2,1,50,365,26,45,25.0,7.0,19.21,50,100.0,0,0,0,0,0,2,4,14,2,2021,2021,26.06027397,26.06027397
1,1,57,43,3,4,1188,1061,102,101,22.0,14.51,27.2,1751,67.84,1,1,4,5,3,3,61,22,3,2008,2011,20.85753425,23.85753425
1,1,5,26,0,1,54,775,19,221,10.8,0.0,31.0,135,40.0,0,1,0,3,1,2,5,15,10,2003,2002,24.213698630000003,23.213698630000003
1,1,40,2,1,0,1467,51,151,46,37.61,26.3,25.5,1657,88.53,6,0,5,0,1,0,40,1,4,2021,2024,19.66849315,22.66849315
1,0,107,18,4,0,3730,578,114,102,36.21,3.0,32.11,5220,71.45,5,1,28,5,5,4,111,9,4,2013,2018,20.0630137,25.0630137
1,1,56,18,7,1,1325,336,89,65,18.16,10.2,19.76,2198,43.735,0,0,8,1,6,2,2,9,0,2008,2008,55.575342469999995,55.575342469999995
1,0,4,8,0,0,35,87,15,28,8.75,8.25,10.87,46,76.08,0,0,0,0,0,1,6,4,10,2023,2022,18.96164384,17.96164384
1,1,6,3,1,0,79,63,27,56,15.8,43.0,21.0,172,45.93,0,0,0,1,0,0,7,2,8,2008,2010,27.915068490000003,29.915068490000003
0,1,251,280,40,49,8778,11867,150,203,41.6,20.17,51.37,12408,70.74,11,30,59,66,6,15,268,164,11,1994,1994,19.953424660000003,19.953424660000003
0,1,164,58,10,1,6793,2315,143,190,44.11,27.92,40.61,7436,91.35,17,7,39,5,5,4,167,34,8,2010,2013,24.64931507,27.64931507
1,1,110,16,9,1,2224,351,90,57,22.01,7.6,23.4,3072,72.39,0,0,13,2,8,0,113,8,3,2002,2003,19.23835616,20.23835616
1,0,37,1,3,0,421,5,95,5,12.38,15.28,5.0,445,94.6,0,0,2,0,7,0,40,1,2,2011,2011,26.08767123,26.08767123
1,1,38,14,5,1,1170,308,108,104,35.45,19.37,23.69,1223,95.66,1,1,8,0,4,3,41,9,2,2017,2017,21.91506849,21.91506849
1,1,35,1,5,0,773,8,72,8,25.76,43.28,8.0,736,105.02,0,0,4,0,3,0,37,1,8,2021,2023,30.8739726,32.8739726
1,0,161,48,23,4,4483,1586,141,170,32.48,21.4,36.04,5645,79.41,4,5,28,6,9,5,188,29,5,1999,2002,24.05205479,27.05205479
1,0,1,6,1,0,11,92,11,44,0.0,19.75,15.33,6,183.33,0,0,0,0,0,2,2,3,5,2017,2023,25.56986301,31.56986301
0,1,151,29,20,2,4986,1109,174,151,38.06,23.48,41.07,5751,86.69,8,4,35,3,8,0,156,15,3,2005,2013,18.84109589,26.84109589
1,1,119,72,16,3,5177,1726,170,147,50.26,23.69,25.01,6673,77.58,16,2,25,5,5,2,124,38,11,2016,2015,22.71780822,21.71780822
0,1,72,68,4,2,2773,2265,151,182,40.77,18.21,34.31,3406,81.41,7,6,15,10,3,10,73,38,7,2008,2011,25.05479452,28.05479452
1,1,47,4,0,0,955,78,112,47,20.31,31.62,19.5,1190,80.25,1,0,3,0,4,1,47,2,3,2014,2017,24.939726030000003,27.939726030000003
0,0,2,2,0,0,18,5,15,4,9.0,14.0,2.5,16,112.5,0,0,0,0,0,0,2,1,10,2011,2014,21.27671233,24.27671233
1,1,13,5,2,0,183,117,38,39,16.63,0.0,23.4,270,67.77,0,0,0,0,0,0,15,4,2,1999,1999,25.90684932,25.90684932
0,1,194,31,35,2,5615,768,116,120,35.31,29.18,26.48,6005,93.5,5,1,36,7,14,8,226,18,8,2005,2010,18.67123288,23.67123288
0,0,24,38,3,5,468,815,95,78,22.28,12.95,24.69,489,95.7,0,0,1,3,1,7,32,24,10,2018,2018,20.15342466,20.15342466
0,1,42,99,5,6,1324,4188,107,157,35.78,34.5,45.03,1926,68.74,1,10,9,25,3,4,45,56,7,2001,2001,25.939726030000003,25.939726030000003
0,1,50,30,3,0,1515,838,139,93,32.23,20.5,27.93,1449,104.55,5,0,4,5,3,0,53,16,11,2017,2017,20.59178082,20.59178082
0,0,45,7,12,2,363,40,36,22,11.0,10.33,8.0,441,82.31,0,0,0,0,8,1,65,6,11,2011,2012,23.175342469999997,24.175342469999997
1,1,142,195,18,25,5446,9685,164,239,43.91,24.86,56.97,6230,87.41,12,32,33,41,8,10,158,109,7,2010,2010,21.15616438,21.15616438
1,0,22,9,7,0,482,151,70,42,32.13,15.75,16.77,517,93.23,0,0,1,0,1,2,36,6,10,2008,2012,23.6630137,27.6630137
1,1,452,329,41,33,18426,15921,200,248,44.83,10.0,53.78,21368,86.23,49,51,96,68,20,14,463,200,8,1989,1989,16.263013700000002,16.263013700000002
1,0,169,109,27,3,5757,3731,185,176,40.54,29.24,35.19,6365,90.44,9,4,33,24,12,6,190,59,7,2002,2005,21.11506849,24.11506849
1,1,54,24,6,2,2383,811,128,105,49.64,30.66,36.86,2353,101.27,5,1,18,5,1,2,59,14,8,2017,2021,22.64657534,26.64657534
1,1,29,24,1,0,842,553,101,111,30.07,19.81,23.04,1114,75.58,1,1,4,3,5,3,29,13,11,2022,2019,33.82739726,30.82739726
1,0,11,10,3,1,230,194,77,78,28.75,17.5,21.55,246,93.49,0,0,1,1,1,2,14,6,8,2014,2014,30.15342466,30.15342466
1,1,19,2,5,0,185,1,36,1,13.21,16.0,0.5,278,66.54,0,0,0,0,2,1,21,1,1,2014,2019,23.78082192,28.78082192
1,1,59,22,7,2,1333,481,102,66,25.63,23.26,24.05,1461,91.23,1,0,6,4,5,5,66,11,0,2014,2016,22.68493151,24.68493151
0,1,78,62,4,0,2725,1889,136,122,36.82,28.33,30.46,3572,76.28,8,3,14,10,15,6,78,33,9,2004,2003,19.810958900000003,18.810958900000003
1,1,91,95,22,14,2315,3031,105,118,33.55,27.26,37.41,2635,87.85,2,4,11,21,1,4,117,54,9,2007,2010,20.18630137,23.18630137
1,0,44,11,11,2,855,300,86,56,25.9,17.86,33.33,997,85.75,0,0,4,3,3,0,70,6,9,2017,2017,18.81917808,18.81917808
0,0,3,1,0,0,39,0,37,0,13.0,36.0,0.0,71,54.92,0,0,0,0,0,1,3,1,4,2022,2021,23.47671233,22.47671233
0,1,75,48,5,0,2201,1267,123,138,31.44,25.0,26.39,3167,69.49,4,1,13,7,11,4,75,24,0,2005,2005,20.24383562,20.24383562
0,0,234,123,31,7,7570,4505,134,217,37.29,23.19,38.83,9138,82.84,9,5,56,31,12,5,247,67,0,2006,2007,19.34794521,20.34794521
1,1,10,12,0,0,266,305,96,106,26.6,10.75,25.41,350,76.0,0,1,2,0,2,1,10,6,0,2013,2014,25.147945210000003,26.147945210000003
0,1,9,62,0,0,163,1778,50,156,18.11,30.38,28.67,234,69.65,0,4,1,9,2,8,9,33,9,2019,2013,29.79178082,23.79178082
0,1,25,2,0,0,812,44,152,40,32.48,22.55,22.0,716,113.4,1,0,6,0,2,0,25,1,9,2013,2017,23.95890411,27.95890411
1,1,44,46,7,4,2271,1492,208,128,61.37,29.94,35.52,2195,103.46,6,4,13,6,1,4,44,25,8,2019,2020,19.89041096,20.89041096
1,0,3,15,1,4,70,244,35,50,35.0,17.5,22.18,86,81.39,0,0,0,1,0,3,4,8,0,2011,2014,24.71506849,27.71506849
1,0,134,33,20,0,4154,1187,141,127,36.43,24.84,35.96,4806,86.43,7,1,21,8,3,3,142,17,3,2013,2013,27.2630137,27.2630137
0,0,64,30,4,0,2012,831,169,149,33.53,17.6,27.7,2064,97.48,3,1,12,4,8,2,69,16,0,2014,2015,21.42465753,22.42465753
1,1,37,97,4,12,1512,2997,144,172,45.81,21.61,35.25,1698,89.04,5,2,4,20,2,9,38,57,6,2016,2014,26.200000000000003,24.200000000000003
1,1,18,7,1,0,196,68,35,41,11.52,11.11,9.71,330,59.39,0,0,0,0,1,3,22,4,3,2007,2013,19.27671233,25.27671233
1,1,1,2,0,0,6,4,6,3,6.0,25.25,2.0,10,60.0,0,0,0,0,0,0,1,1,6,2023,2024,22.95890411,23.95890411
1,1,12,54,3,6,266,1756,68,138,29.55,15.16,36.58,307,86.64,0,4,2,10,0,4,12,32,5,2020,2017,29.90958904,26.90958904
0,0,24,9,1,0,516,298,66,68,22.43,17.18,33.11,525,98.28,0,0,3,2,1,1,27,5,2,2015,2015,29.65205479,29.65205479
1,0,2,1,2,0,4,1,2,1,0.0,0.0,1.0,8,50.0,0,0,0,0,0,0,4,1,1,2023,2024,30.00821918,31.00821918
1,0,17,3,9,1,303,66,47,39,37.87,10.66,33.0,321,94.39,0,0,0,0,2,0,28,2,10,2017,2017,22.38082192,22.38082192
1,1,16,9,1,0,308,134,60,43,20.53,16.41,14.88,387,79.58,0,0,1,0,1,2,16,5,3,2016,2017,21.74520548,22.74520548
1,0,303,145,41,11,10290,5492,161,193,39.27,28.19,40.98,11933,86.23,22,16,47,23,11,14,330,87,2,1999,1999,22.79178082,22.79178082
1,1,11,11,2,0,228,343,100,95,25.33,68.0,31.18,348,65.51,1,0,1,3,2,0,11,6,11,2009,2009,32.42739726,32.42739726
0,1,62,81,5,5,2397,3173,152,175,42.05,32.53,41.75,2337,102.56,5,7,16,16,3,6,65,49,7,2016,2018,22.58356164,24.58356164
1,0,11,2,6,0,27,5,12,5,5.4,0.0,2.5,55,49.09,0,0,0,0,2,1,14,1,3,2006,2014,19.13972603,27.13972603
1,1,5,16,1,1,10,447,6,102,2.5,0.0,29.8,34,29.41,0,1,0,3,1,2,5,11,10,2008,2008,25.66027397,25.66027397
1,0,64,26,20,4,871,575,80,91,19.79,16.61,26.13,965,90.25,0,0,1,3,6,3,85,23,10,2006,2009,21.41643836,24.41643836
0,1,134,142,17,6,4099,5418,145,264,35.03,25.8,39.83,4782,85.71,7,13,24,28,11,11,147,80,5,2012,2014,20.32328767,22.32328767
0,1,39,131,2,12,1554,5451,104,195,42.0,26.77,45.8,1848,84.09,2,15,12,26,2,8,40,73,7,2013,2011,26.61369863,24.61369863
1,1,110,30,17,2,3194,1003,102,129,34.34,26.0,35.82,3712,86.04,2,1,20,6,8,1,121,16,9,2009,2009,19.175342469999997,19.175342469999997
0,1,16,8,1,0,271,99,59,33,18.06,15.77,12.37,392,69.13,0,0,1,0,0,1,16,4,9,2010,2010,20.786301369999997,20.786301369999997
1,1,280,191,44,11,13848,8848,183,254,58.67,48.69,49.15,14797,93.58,50,29,72,30,16,14,292,113,8,2008,2011,19.73150685,22.73150685
1,0,19,94,7,20,151,1779,30,74,12.58,3.5,24.04,213,70.89,0,0,0,8,3,8,30,64,6,2007,2011,22.095890410000003,26.095890410000003
1,0,34,3,0,0,705,0,72,0,20.73,20.67,0.0,919,76.71,0,0,5,0,1,3,36,2,3,2020,2021,19.90136986,20.90136986
1,1,31,28,3,1,1244,717,120,89,44.42,17.35,26.55,1415,87.91,3,0,8,7,3,1,31,16,5,2021,2020,28.68493151,27.68493151
1,0,7,4,0,0,276,89,94,31,39.42,16.86,22.25,260,106.15,0,0,2,0,0,0,7,2,10,2023,2022,24.68767123,23.68767123
0,1,145,6,3,0,4343,58,139,32,30.58,20.35,9.66,6298,68.95,11,0,20,0,12,1,148,3,1,2006,2018,21.89589041,33.89589041
0,1,111,80,10,1,2880,2608,127,213,28.51,7.5,33.01,4393,65.55,5,5,14,14,8,6,119,45,11,1999,2000,22.89315068,23.89315068
0,0,11,6,1,2,265,265,51,96,26.5,12.27,66.25,311,85.2,0,0,1,3,0,2,19,4,8,2017,2021,17.81643836,21.81643836
1,1,7,11,0,1,102,205,50,55,14.57,16.0,20.5,114,89.47,0,0,1,1,1,1,9,6,0,2022,2021,26.15342466,25.15342466
1,0,8,3,3,1,74,94,27,50,14.8,13.14,47.0,110,67.27,0,0,0,1,0,1,11,3,9,2000,2007,18.38082192,25.38082192
1,1,255,213,23,19,7249,10099,144,313,31.24,22.1,52.05,9628,75.29,7,34,48,33,22,19,265,118,9,2000,2000,22.66575342,22.66575342
1,1,1,14,0,0,1,455,1,100,1.0,2.75,32.5,5,20.0,0,1,0,4,0,0,1,7,0,2023,2022,50.66027397,49.66027397
1,0,11,2,0,0,124,14,41,14,11.27,13.0,7.0,110,112.72,0,0,0,0,3,1,13,1,0,2013,2013,26.65753425,26.65753425
1,1,4,2,2,0,48,88,19,88,24.0,7.66,44.0,68,70.58,0,0,0,1,0,1,4,1,9,2010,2010,24.265753420000003,24.265753420000003
