Bowling Style,Innings_ODI_bowling,Innings_Test_bowling,Balls_ODI,Balls_Test,Runs_ODI_bowling,Runs_Test_bowling,Wickets_ODI,Wickets_Test,BBI_ODI,BBI_Test,Ave_ODI_bowling,Ave_T20_bowling,Ave_Test_bowling,Econ_ODI,Econ_Test,SR_ODI_bowling,SR_Test_bowling,4_ODI,5_ODI,5_Test,10_Test,ODI_Matches,Test_Matches,Country,SpanStart_ODI,SpanStart_Test,Bowling Hand,AgeStart_ODI,AgeStart_Test
0,38,12,1995,1385,1715,819,58,33,0.2068965517241379,0.0521739130434782,29.56,32.16,24.81,5.15,3.54,34.3,41.9,2,2,4,0,40,6,7,2012,2018,1,18.81917808,24.81917808
0,34,40,1917,5103,1511,2715,64,76,0.125,0.0704225352112676,23.6,15.0,35.72,4.72,3.19,29.9,67.1,2,2,1,0,36,22,4,2003,2008,1,20.67945205,25.67945205
0,2,2,102,420,80,277,1,2,0.0344827586206896,0.0117647058823529,80.0,72.25,138.5,4.7,3.95,102.0,210.0,0,0,0,0,2,2,11,2019,2020,0,23.50684932,24.50684932
1,76,69,3801,7630,2935,3919,106,123,0.1111111111111111,0.1875,27.68,21.0,31.86,4.63,3.08,35.8,62.0,3,1,3,1,79,36,2,2001,2001,1,24.03835616,24.03835616
1,21,32,1006,3057,982,1870,36,70,0.0784313725490196,0.1071428571428571,27.27,19.16,26.71,5.85,3.67,27.9,43.6,3,0,4,0,22,19,2,2019,2019,1,25.70136986,25.70136986
1,11,2,588,102,490,63,17,4,0.073170731707317,0.0666666666666666,28.82,32.33,15.75,5.0,3.7,34.5,25.5,0,0,0,0,11,1,6,2010,2010,1,25.005479450000003,25.005479450000003
0,158,41,5935,2094,4955,896,133,24,0.2777777777777778,0.06,37.25,34.62,37.33,5.0,2.56,44.6,87.2,2,1,0,0,198,26,3,1998,2004,1,23.08,29.08
1,9,6,382,533,388,357,11,22,0.0714285714285714,0.1555555555555555,35.27,14.0,16.22,6.09,4.01,34.7,24.2,0,0,2,1,9,3,6,2023,2024,1,25.5260274,26.5260274
1,188,46,9484,4857,8021,2745,288,58,0.1428571428571428,0.1463414634146341,27.85,28.33,47.32,5.07,3.39,32.9,83.7,10,2,1,0,191,26,4,1998,1998,1,20.65205479,20.65205479
0,22,10,1098,1006,958,468,21,9,0.064516129032258,0.0652173913043478,45.61,23.04,52.0,5.23,2.79,52.2,111.7,0,0,0,0,22,5,3,2015,2013,0,21.79178082,19.79178082
1,163,84,5324,3948,4110,1784,126,33,0.3,0.0909090909090909,32.61,30.86,54.06,4.63,2.71,42.2,119.6,2,1,0,0,226,109,7,2008,2009,1,21.15616438,22.15616438
1,55,2,2290,138,2229,104,70,1,0.1142857142857142,0.0136986301369863,31.84,30.23,104.0,5.84,4.52,32.7,138.0,5,0,0,0,56,1,8,2011,2010,1,23.24931507,22.24931507
0,95,27,4680,4214,3597,2604,119,57,0.1304347826086956,0.04,30.22,18.85,45.68,4.61,3.7,39.3,73.9,4,3,1,0,96,19,11,2009,2005,1,22.86027397,18.86027397
1,78,38,3341,3001,2515,1617,95,45,0.2777777777777778,3.0,26.47,20.0,35.93,4.51,3.23,35.1,66.6,3,1,0,0,88,21,2,1999,2002,1,23.99726027,26.99726027
1,19,1,926,186,800,120,27,1,0.0754716981132075,0.0083333333333333,29.62,15.5,120.0,5.18,3.87,34.2,186.0,2,0,0,0,19,1,5,2010,2010,0,30.28219178,30.28219178
1,73,8,2995,250,2889,147,91,11,0.1818181818181818,0.2307692307692307,31.74,22.24,13.36,5.78,3.52,32.9,22.7,3,0,0,0,78,4,2,2016,2017,1,20.40547945,21.40547945
1,53,30,2348,3173,2063,1964,50,53,0.0930232558139534,0.0684931506849315,41.26,0.0,37.05,5.27,3.71,46.9,59.8,2,0,3,0,54,19,11,1999,2001,1,20.994520549999997,22.994520549999997
1,6,22,270,2125,269,1197,5,45,0.0869565217391304,0.1176470588235294,53.8,53.33,26.6,5.97,3.37,54.0,47.2,0,0,1,1,7,14,7,2017,2021,1,19.99726027,23.99726027
1,40,2,1885,190,1643,105,53,6,0.2272727272727272,0.0681818181818181,31.0,35.0,17.5,5.22,3.31,35.5,31.6,2,1,0,0,42,1,5,2001,2002,1,26.032876709999996,27.032876709999996
0,83,12,4115,1571,3090,916,86,21,0.1724137931034483,0.0508474576271186,35.93,21.17,43.61,4.5,3.49,47.8,74.8,2,1,1,0,88,8,1,2014,2019,1,21.24657534,26.24657534
0,52,27,2607,2540,1972,1064,60,55,0.125,0.1578947368421052,32.86,23.01,19.34,4.53,2.51,43.4,46.1,0,0,5,1,57,14,4,2014,2021,0,20.52328767,27.52328767
1,67,65,3464,5889,3158,3678,111,102,0.0892857142857142,0.0617283950617283,28.45,19.33,36.05,5.46,3.74,31.2,57.7,4,1,1,0,68,35,8,2016,2016,1,19.69041096,19.69041096
0,129,34,6789,3816,6377,2390,199,60,0.1851851851851851,0.1020408163265306,32.04,24.46,39.83,5.63,3.75,34.1,63.6,8,2,2,0,135,19,6,2009,2015,1,21.446575340000003,27.446575340000003
1,4,6,214,450,212,278,8,6,0.125,0.0338983050847457,26.5,0.0,46.33,5.94,3.7,26.7,75.0,0,0,0,0,4,3,9,2008,2009,1,29.63835616,30.63835616
0,152,20,7965,3015,6065,1673,207,28,0.1724137931034483,0.0634920634920634,29.29,19.04,59.75,4.56,3.32,38.4,107.6,5,4,0,0,153,13,10,2004,2006,0,22.12054795,24.12054795
0,31,43,1624,6892,1142,2910,30,99,0.0833333333333333,0.24,38.06,17.45,29.39,4.21,2.53,54.1,69.6,1,0,2,0,31,22,9,2006,2007,0,26.410958899999997,27.410958899999997
1,2,18,108,1964,114,1118,5,30,0.0862068965517241,0.056338028169014,22.8,26.5,37.26,6.33,3.41,21.6,65.4,0,1,0,0,2,13,10,2019,2018,1,25.99178082,24.99178082
1,7,5,216,528,244,371,0,3,0.0,0.025,0.0,37.0,123.66,6.77,4.21,0.0,176.0,0,0,0,0,7,3,10,2012,2012,1,19.98356164,19.98356164
1,14,14,658,1200,593,638,23,20,0.0930232558139534,0.1666666666666666,25.78,14.5,31.9,5.4,3.19,28.6,60.0,2,0,0,0,14,7,9,2011,2011,1,31.89863014,31.89863014
1,15,10,663,1016,608,545,22,9,0.0784313725490196,0.0375,27.63,16.97,60.55,5.5,3.21,30.1,112.8,2,0,0,0,15,7,10,2014,2013,1,21.5890411,20.5890411
0,49,19,1452,1103,1255,709,24,6,0.0612244897959183,1.0,52.29,17.5,118.16,5.18,3.85,60.5,183.8,0,0,0,0,69,17,10,2002,2002,1,18.57534247,18.57534247
0,31,8,1552,984,1016,517,40,18,0.2352941176470588,0.08,25.4,25.06,28.72,3.92,3.15,38.8,54.6,1,0,2,0,31,4,0,2012,2019,0,20.956164379999997,27.956164379999997
1,1,3,18,66,17,24,0,1,0.0,0.1,0.0,13.0,24.0,5.66,2.18,0.0,66.0,0,0,0,0,1,2,10,2018,2018,1,25.69589041,25.69589041
1,14,2,524,216,521,115,13,2,0.0925925925925925,0.048780487804878,40.07,29.66,57.5,5.96,3.19,40.3,108.0,0,1,0,0,15,1,11,2022,2023,1,25.34794521,26.34794521
1,120,37,5847,3348,4951,1644,141,63,0.119047619047619,0.073170731707317,35.11,23.1,26.09,5.08,2.94,41.4,53.1,4,1,4,0,121,21,4,2012,2013,1,22.47945205,23.47945205
1,217,150,11185,16531,8877,9554,380,310,0.2272727272727272,0.1666666666666666,23.36,25.5,30.81,4.76,3.46,29.4,53.3,14,9,10,0,221,76,3,2000,1999,1,23.72328767,22.72328767
0,10,7,396,762,349,480,10,12,0.0666666666666666,0.0357142857142857,34.9,51.4,40.0,5.28,3.77,39.6,63.5,0,0,1,0,12,4,11,2018,2018,1,21.40273973,21.40273973
1,47,11,2312,1195,1962,578,60,24,0.1020408163265306,0.0833333333333333,32.7,22.19,24.08,5.09,2.9,38.5,49.7,3,1,0,0,48,7,11,2018,2017,1,21.82465753,20.82465753
0,2,4,108,459,118,436,1,4,0.0169491525423728,0.028169014084507,118.0,24.18,109.0,6.55,5.69,108.0,114.7,0,0,0,0,2,3,1,2023,2023,1,24.91780822,24.91780822
0,0,0,0,0,0,0,0,0,0.0,0.0,0.0,0.0,0.0,0.0,0.0,0.0,0.0,0,0,0,0,7,2,8,2007,2008,1,25.095890410000003,26.095890410000003
1,88,152,3110,11795,3137,6506,74,203,0.081967213114754,0.2727272727272727,42.39,32.92,32.04,6.05,3.3,42.0,58.1,1,1,4,0,114,105,6,2011,2013,1,20.150684929999997,22.150684929999997
0,84,31,4154,4730,3324,2434,152,70,0.4615384615384615,0.0606060606060606,21.86,14.42,34.77,4.8,3.08,27.3,67.5,7,3,4,1,87,19,7,2008,2008,1,23.383561640000003,23.383561640000003
1,8,2,386,231,346,175,10,6,0.0508474576271186,0.078125,34.6,25.08,29.16,5.37,4.54,38.6,38.5,0,0,1,0,10,1,2,2019,2020,0,29.13972603,30.13972603
1,45,4,2242,363,2166,151,72,8,0.108695652173913,0.0714285714285714,30.08,30.41,18.87,5.79,2.49,31.1,45.3,2,1,0,0,45,2,1,2016,2024,1,23.87671233,31.87671233
1,13,6,623,635,679,435,16,12,0.08,0.04,42.43,28.21,36.25,6.53,4.11,38.9,52.9,1,0,0,0,13,3,5,2022,2023,1,28.79452055,29.79452055
1,24,7,1193,833,1149,464,32,12,0.25,0.081967213114754,35.9,80.75,38.66,5.77,3.34,37.2,69.4,0,2,1,0,24,4,11,2011,2011,0,21.43287671,21.43287671
1,25,49,1216,6078,1075,2822,29,99,0.1515151515151515,0.0666666666666666,37.06,17.88,28.5,5.3,2.78,41.9,61.3,0,1,2,0,25,27,3,2007,2009,1,24.37260274,26.37260274
1,10,3,409,438,439,291,6,6,0.081081081081081,0.0461538461538461,73.16,51.0,48.5,6.44,3.98,68.1,73.0,0,0,0,0,10,2,9,2013,2013,1,21.865753419999997,21.865753419999997
1,30,7,1012,474,999,385,28,6,0.1081081081081081,0.1538461538461538,35.67,31.77,64.16,5.92,4.87,36.1,79.0,1,0,0,0,37,6,1,2020,2023,1,21.2739726,24.2739726
1,23,44,754,2190,714,1236,18,35,0.1515151515151515,0.1851851851851851,39.66,35.6,35.31,5.68,3.38,41.8,62.5,0,1,1,0,26,28,3,2020,2020,1,21.15342466,21.15342466
1,23,2,797,156,765,148,24,1,0.0930232558139534,0.0076923076923076,31.87,39.7,148.0,5.75,5.69,33.2,156.0,1,0,0,0,26,1,7,2021,2019,1,25.16712329,23.16712329
1,45,53,1548,4054,1230,1615,30,49,0.1153846153846153,0.1463414634146341,41.0,38.41,32.95,4.76,2.39,51.6,82.7,0,0,1,0,45,29,5,2012,2016,1,26.019178080000003,30.019178080000003
1,42,4,2132,274,1930,132,74,8,0.108695652173913,0.125,26.08,23.21,16.5,5.43,2.89,28.8,34.2,1,1,0,0,45,2,1,2014,2024,1,24.317808220000003,34.31780822
1,34,29,1527,2996,1553,1627,43,55,0.08,0.0892857142857142,36.11,36.17,29.58,6.1,3.25,35.5,54.4,2,0,2,0,34,18,7,2018,2018,1,25.15890411,25.15890411
1,83,23,3960,2489,3581,1392,93,29,0.1153846153846153,0.0434782608695652,38.5,31.36,48.0,5.42,3.35,42.5,85.8,2,1,0,0,84,15,11,2004,2005,1,18.67123288,19.67123288
1,31,46,1263,4951,1356,3134,42,85,0.0833333333333333,0.0491803278688524,32.28,22.87,36.87,6.44,3.79,30.0,58.2,1,0,1,0,31,28,7,2017,2016,1,20.45753425,19.45753425
1,40,8,1894,623,1756,459,48,12,0.1290322580645161,0.0789473684210526,36.58,20.5,38.25,5.56,4.42,39.4,51.9,2,0,0,0,42,4,2,2013,2016,1,26.24657534,29.24657534
1,35,16,1660,1530,1660,752,46,21,0.1724137931034483,0.2222222222222222,36.08,26.36,35.8,6.0,2.94,36.0,72.8,0,1,0,0,35,8,6,2013,2014,1,24.81917808,25.81917808
1,59,2,2965,168,2364,101,97,1,0.1785714285714285,0.0178571428571428,24.37,45.75,101.0,4.78,3.6,30.5,168.0,4,2,0,0,59,1,3,2009,2009,1,26.43835616,26.43835616
1,71,10,3489,999,2962,593,100,16,0.1282051282051282,0.108695652173913,29.62,14.17,37.06,5.09,3.56,34.8,62.4,1,2,1,0,72,6,2,2001,2005,1,26.616438359999997,30.616438359999997
1,2,1,66,150,83,85,1,1,0.0285714285714285,0.0117647058823529,83.0,0.0,85.0,7.54,3.4,66.0,150.0,0,0,0,0,2,1,11,2020,2020,1,27.27671233,27.27671233
1,40,4,1825,408,1766,242,43,1,0.1851851851851851,0.0333333333333333,41.06,32.67,242.0,5.8,3.55,42.4,408.0,2,1,0,0,44,3,8,2011,2015,1,23.030136990000003,27.030136990000003
1,118,97,5737,9037,5193,4576,173,160,0.1333333333333333,0.3529411764705882,30.01,26.51,28.6,5.43,3.03,33.1,56.4,11,3,5,1,122,51,6,2011,2013,1,22.408219180000003,24.408219180000003
1,19,126,948,14026,804,7878,18,233,0.0483870967741935,0.2307692307692307,44.66,27.57,33.81,5.08,3.37,52.6,60.1,0,0,10,1,20,71,5,2001,2000,1,26.63561644,25.63561644
1,7,6,272,599,326,354,7,10,0.0434782608695652,0.08,46.57,63.33,35.4,7.19,3.54,38.8,59.9,0,0,0,0,7,3,11,2016,2016,1,21.23013699,21.23013699
0,11,2,371,114,359,67,7,0,0.0606060606060606,0.0,51.28,26.85,0.0,5.8,3.52,53.0,0.0,0,0,0,0,14,1,11,2013,2020,1,22.605479449999997,29.605479449999997
1,15,23,784,2902,705,1431,15,53,0.125,0.125,47.0,22.5,27.0,5.39,2.95,52.2,54.7,1,0,2,0,15,12,6,2005,2007,1,23.90684932,25.90684932
0,40,59,2022,8067,1668,4350,38,117,0.1,0.1632653061224489,43.89,19.57,37.17,4.94,3.23,53.2,68.9,0,0,4,1,42,36,8,2011,2011,1,25.72876712,25.72876712
1,23,1,1038,102,1020,77,41,0,0.0625,0.0,24.87,31.86,0.0,5.89,4.52,25.3,0.0,1,1,0,0,23,1,7,2023,2023,0,22.8630137,22.8630137
1,4,7,209,833,217,399,4,9,0.0681818181818181,0.0769230769230769,54.25,29.44,44.33,6.22,2.87,52.2,92.5,0,0,0,0,4,4,2,2017,2020,1,28.317808220000003,31.317808220000003
1,26,14,1144,1050,947,682,35,13,0.1111111111111111,0.0769230769230769,27.05,19.88,53.83,4.96,3.835,32.6,81.75,1,0,0,0,27,3,2,2016,2019,1,27.33424658,30.33424658
1,21,51,1016,5164,845,2873,26,74,0.0727272727272727,0.15,32.5,23.5,38.82,4.99,3.33,39.0,69.7,1,0,2,0,21,28,5,2011,2011,1,20.835616440000003,20.835616440000003
1,55,66,2850,7077,2239,4068,71,85,0.1481481481481481,0.2,31.53,65.5,47.85,4.71,3.44,40.1,83.2,2,0,1,0,55,37,8,2002,2002,1,24.28767123,24.28767123
1,17,5,624,258,526,185,14,4,0.09375,0.0666666666666666,37.57,0.0,46.25,5.05,4.3,44.5,64.5,0,0,0,0,20,3,8,2003,2003,1,22.02739726,22.02739726
1,39,23,1942,2401,1482,1296,62,50,0.1428571428571428,0.1785714285714285,23.9,27.66,25.92,4.57,3.23,31.3,48.0,3,2,2,0,39,12,3,2009,2009,0,28.01369863,28.01369863
1,150,61,6511,6466,5874,3426,199,86,0.1395348837209302,0.109090909090909,29.51,26.1,39.83,5.41,3.17,32.7,75.1,6,1,2,0,164,40,8,2004,2004,1,20.810958900000003,20.810958900000003
1,14,20,291,685,275,350,13,3,0.12,0.1428571428571428,21.15,22.87,116.66,5.67,3.06,22.3,228.3,0,0,0,0,39,23,5,2021,2019,1,30.19178082,28.19178082
1,0,1,0,84,0,40,0,0,0.0,0.0,0.0,8.66,0.0,0.0,2.85,0.0,0.0,0,0,0,0,8,3,6,1998,1999,1,24.18356164,25.18356164
0,75,81,2250,3693,1907,2020,44,34,0.09375,0.12,43.34,20.43,59.41,5.08,3.28,51.1,108.6,0,0,0,0,90,54,7,2016,2016,1,24.89589041,24.89589041
1,73,13,2726,651,2285,344,61,7,0.1111111111111111,0.0422535211267605,37.45,30.28,49.14,5.02,3.17,44.6,93.0,3,1,0,0,105,10,8,2004,2004,1,21.29589041,21.29589041
1,92,45,4333,4877,3534,2445,110,77,0.1666666666666666,0.1111111111111111,32.12,31.0,31.75,4.89,3.0,39.3,63.3,2,0,2,0,94,26,5,2000,2000,1,22.13150685,22.13150685
1,36,25,1508,2693,1456,1273,36,26,0.0793650793650793,0.1304347826086956,40.44,38.56,48.96,5.79,2.83,41.8,103.5,0,1,0,0,38,16,11,2014,2014,1,26.36712329,26.36712329
1,11,31,540,3317,504,1980,22,42,0.0952380952380952,0.1304347826086956,22.9,20.0,47.14,5.6,3.58,24.5,78.9,2,0,1,0,12,20,10,2022,2019,1,28.55890411,25.55890411
0,4,7,204,863,161,518,5,12,0.0952380952380952,0.0638297872340425,32.2,16.22,43.16,4.73,3.6,40.8,71.9,0,0,1,0,4,4,10,2011,2011,0,25.57534247,25.57534247
1,49,97,2138,9602,1812,6249,60,165,0.2727272727272727,0.0804597701149425,30.2,30.85,37.87,5.08,3.9,35.6,58.1,0,2,12,0,50,55,8,2003,2003,1,21.47671233,21.47671233
1,33,31,1394,1908,1204,991,26,25,0.2272727272727272,0.0714285714285714,46.3,27.25,39.64,5.18,3.11,53.6,76.3,0,1,0,0,34,17,9,2017,2018,1,23.53424658,24.53424658
1,14,6,666,366,720,245,31,10,0.0909090909090909,0.081081081081081,23.22,25.87,24.5,6.48,4.01,21.4,36.6,2,0,0,0,14,3,2,2023,2023,1,22.82465753,22.82465753
0,13,11,661,1088,436,561,22,25,0.1739130434782608,0.1891891891891892,19.81,17.33,22.44,3.95,3.09,30.0,43.5,1,0,2,1,13,7,8,2022,2022,0,27.33424658,27.33424658
0,15,2,642,192,467,141,12,3,0.0666666666666666,0.025,38.91,20.0,47.0,4.36,4.4,53.5,64.0,0,0,0,0,15,1,11,2010,2011,1,29.40273973,30.40273973
1,69,6,3390,818,2776,314,75,7,0.1818181818181818,0.1428571428571428,37.01,23.25,44.85,4.91,2.3,45.2,116.8,3,0,0,0,70,4,11,1996,1999,1,20.54246575,23.54246575
0,113,13,5564,1524,4188,933,156,17,0.15625,0.05,26.84,53.28,54.88,4.51,3.67,35.6,89.6,3,2,0,0,123,7,3,1996,1996,0,25.47671233,25.47671233
1,5,2,300,168,224,113,5,1,0.16,0.0357142857142857,44.8,25.0,113.0,4.48,4.03,60.0,168.0,1,0,0,0,5,1,8,2009,2009,1,26.54246575,26.54246575
0,20,8,462,606,471,297,12,17,0.081081081081081,0.1111111111111111,39.25,56.5,17.47,6.11,2.94,38.5,35.6,0,0,1,0,30,7,5,2022,2020,1,25.64657534,23.64657534
0,2,5,90,473,72,252,3,9,0.0625,0.078125,24.0,22.66,28.0,4.8,3.19,30.0,52.5,0,0,1,0,2,3,2,2021,2019,0,29.65205479,27.65205479
0,105,3,4778,369,3870,233,106,3,0.1666666666666666,0.0317460317460317,36.5,22.95,77.66,4.85,3.78,45.0,123.0,4,0,0,0,124,2,1,2010,2019,0,18.019178080000003,27.019178080000003
1,15,3,645,300,580,209,21,2,0.1176470588235294,0.0117647058823529,27.61,40.0,104.5,5.39,4.18,30.7,150.0,2,0,0,0,15,3,1,2022,2023,1,31.682191779999997,32.68219178
0,9,13,440,1714,366,914,5,15,0.05,0.0545454545454545,73.2,0.0,60.93,4.99,3.19,88.0,114.2,0,0,0,0,10,9,6,2002,2003,1,24.79452055,25.79452055
0,110,9,3719,462,3384,341,70,8,0.1,0.0314960629921259,48.34,30.46,42.62,5.45,4.42,53.1,57.7,4,0,0,0,138,7,3,2012,2013,1,23.79178082,24.79178082
0,76,109,3809,15349,2888,7642,104,255,0.1785714285714285,0.0923076923076923,27.76,16.84,29.96,4.54,2.98,36.6,60.1,3,1,17,3,79,60,6,2000,2008,1,21.34794521,29.34794521
1,80,19,3199,937,2960,528,84,17,0.1666666666666666,0.1785714285714285,35.23,25.63,31.05,5.55,3.38,38.0,55.1,1,0,1,0,86,11,4,2016,2017,1,22.8,23.8
1,18,1,892,90,820,47,33,0,0.25,0.0,24.84,33.1,0.0,5.51,3.13,27.0,0.0,3,0,0,0,19,1,5,2010,2010,1,23.43287671,23.43287671
0,28,14,1470,1152,1232,633,36,16,0.1290322580645161,0.0357142857142857,34.22,24.0,39.56,5.02,3.29,40.8,72.0,2,0,0,0,31,8,7,2006,1998,1,26.578082190000003,18.578082190000003
0,67,170,3242,25993,2362,12157,74,433,0.2,0.0708661417322834,31.91,20.72,28.07,4.37,2.8,43.8,60.0,1,0,34,9,71,93,7,2004,1999,0,26.36164384,21.36164384
1,37,1,1835,78,1822,78,69,1,0.2777777777777778,0.0128205128205128,26.4,20.94,78.0,5.95,6.0,26.5,78.0,4,1,0,0,37,1,9,2020,2022,1,26.7260274,28.7260274
1,64,46,3188,4295,3084,2185,100,80,0.1470588235294117,0.1851851851851851,30.84,24.26,27.31,5.8,3.05,31.8,53.6,2,4,6,1,66,24,9,2016,2017,1,22.0739726,23.0739726
1,21,2,957,234,963,157,30,6,0.15625,0.0615384615384615,32.1,25.77,26.16,6.03,4.02,31.9,39.0,0,1,0,0,22,1,10,2021,2024,1,21.79726027,24.79726027
1,78,188,3733,19160,3563,10078,115,311,0.1176470588235294,0.0945945945945946,30.98,50.0,32.4,5.72,3.15,32.4,61.6,6,0,11,1,80,105,4,2007,2007,1,18.90684932,18.90684932
1,62,7,3172,1021,2299,540,78,9,0.2,0.0410958904109589,29.47,0.0,60.0,4.34,3.17,40.6,113.4,0,0,0,0,62,5,8,2004,2006,0,30.05479452,32.05479452
1,10,37,453,4394,488,2429,14,73,0.0441176470588235,0.08,34.85,19.33,33.27,6.46,3.31,32.3,60.1,0,0,1,0,10,22,5,2008,2005,1,32.05205479,29.05205479
1,25,14,1109,1368,1038,884,28,24,0.0909090909090909,0.1304347826086956,37.07,20.91,36.83,5.61,3.87,39.6,57.0,1,0,1,0,26,8,5,2002,2002,1,20.67945205,20.67945205
1,118,54,5855,5884,5142,3226,173,100,0.1851851851851851,0.1186440677966101,29.72,22.07,32.26,5.26,3.28,33.8,58.8,5,2,7,2,120,29,4,2004,2003,0,19.75616438,18.75616438
0,48,37,2443,4001,2251,2464,63,57,0.1538461538461538,0.0697674418604651,35.73,22.97,43.22,5.52,3.69,38.7,70.1,1,1,1,0,51,20,5,2015,2013,1,22.74520548,20.74520548
1,60,2,2960,84,2430,62,77,0,0.1666666666666666,0.0,31.55,67.0,0.0,4.92,4.42,38.4,0.0,2,1,0,0,62,1,9,2004,2006,1,23.66027397,25.66027397
1,13,2,716,246,500,122,18,3,0.1111111111111111,0.0441176470588235,27.77,13.75,40.66,4.18,2.97,39.7,82.0,1,0,0,0,13,1,6,2005,2006,1,29.9260274,30.9260274
0,8,6,129,103,95,66,2,0,0.1,0.0,47.5,17.0,0.0,4.41,3.84,64.5,0.0,0,0,0,0,40,13,7,2002,2002,1,21.550684930000003,21.550684930000003
0,18,6,844,663,738,379,17,5,0.0714285714285714,0.0318471337579617,43.41,0.0,75.8,5.24,3.42,49.6,132.6,0,0,1,0,19,3,11,2014,2014,1,29.161643840000004,29.161643840000004
1,15,6,810,535,793,243,27,11,0.1538461538461538,0.119047619047619,29.37,29.26,22.09,5.87,2.72,30.0,48.6,1,0,1,0,15,3,3,2018,2019,1,21.85753425,22.85753425
1,21,24,1139,2609,913,1304,42,42,0.15,0.1333333333333333,21.73,22.35,31.04,4.8,2.99,27.1,62.1,0,1,3,0,21,13,6,2019,2019,1,24.3260274,24.3260274
0,44,4,2104,786,1666,321,60,11,0.0975609756097561,0.0851063829787234,27.76,59.42,29.18,4.75,2.45,35.0,71.4,3,0,0,0,45,2,6,2010,2010,1,28.41917808,28.41917808
1,19,15,407,492,412,280,12,5,0.1034482758620689,0.2857142857142857,34.33,34.0,56.0,6.07,3.41,33.9,98.4,0,0,0,0,48,18,5,2008,2008,1,23.980821919999997,23.980821919999997
1,8,7,342,474,225,231,9,3,0.0975609756097561,0.04,25.0,21.5,77.0,3.94,2.92,38.0,158.0,1,0,0,0,8,4,4,2013,2010,0,21.78082192,18.78082192
0,20,1,918,60,849,68,27,2,0.4,0.0294117647058823,31.44,56.42,34.0,5.54,6.8,34.0,30.0,1,0,0,0,22,1,7,2015,2022,1,25.47945205,32.47945205
1,154,55,6911,4964,5047,1983,173,60,0.1923076923076923,0.0975609756097561,29.17,41.73,33.05,4.38,2.39,39.9,82.7,3,2,0,0,160,33,5,2001,2002,1,23.00273973,24.00273973
1,72,21,2448,1076,2556,675,71,14,0.1851851851851851,0.0714285714285714,36.0,27.64,48.21,6.26,3.76,34.4,76.8,2,2,0,0,76,12,5,2013,2014,1,22.865753419999997,23.865753419999997
1,88,78,4341,7757,3780,4480,128,130,0.1041666666666666,0.1276595744680851,29.53,26.15,34.46,5.22,3.46,33.9,59.6,3,1,4,0,90,46,8,2003,2003,1,19.10136986,19.10136986
1,97,54,3848,4767,3354,2786,81,82,0.119047619047619,0.0504201680672268,41.4,20.85,33.97,5.22,3.5,47.5,58.1,0,1,3,0,110,31,5,2001,2001,0,20.7260274,20.7260274
1,88,69,4580,7182,3509,3291,149,159,0.3157894736842105,0.2222222222222222,23.55,17.74,20.69,4.59,2.74,30.7,45.1,6,2,10,0,89,36,4,2016,2018,1,22.64657534,24.64657534
1,15,38,727,3963,681,2133,16,81,0.0784313725490196,0.1851851851851851,42.56,34.66,26.33,5.62,3.22,45.4,48.9,1,0,4,0,15,21,3,2011,2011,1,21.23835616,21.23835616
1,191,350,9584,40037,7861,18627,269,704,0.217391304347826,0.1666666666666666,29.22,30.66,26.45,4.92,2.79,35.6,56.8,11,2,32,3,194,188,6,2002,2003,1,20.0,21.0
1,96,137,5144,14234,3611,6770,142,259,0.2272727272727272,0.1891891891891892,25.42,49.0,26.13,4.21,2.85,36.2,54.9,3,3,8,0,97,71,3,1996,1996,1,21.27671233,21.27671233
1,134,118,6402,11029,5878,4821,159,160,0.1851851851851851,0.1428571428571428,36.96,28.87,30.13,5.5,2.62,40.2,68.9,5,2,8,1,138,67,8,2013,2014,1,21.73150685,22.73150685
0,135,60,3513,2763,3143,1640,69,43,0.25,0.0851063829787234,45.55,28.52,38.555,5.36,3.725,50.9,62.15,1,0,0,0,199,46,2,2004,2008,1,20.290410960000003,24.290410960000003
1,67,2,3211,166,2962,98,96,6,0.125,0.0784313725490196,30.85,19.0,16.33,5.53,3.54,33.4,27.6,4,0,0,0,69,1,3,2013,2013,0,23.24931507,23.24931507
1,85,132,4515,14577,3556,6778,135,273,0.1153846153846153,0.0895522388059701,26.34,22.29,24.82,4.72,2.78,33.4,53.3,1,3,12,0,86,70,3,2010,2014,1,19.55616438,23.55616438
0,42,42,2014,5833,1691,3078,49,65,0.2727272727272727,0.0454545454545454,34.51,16.81,47.35,5.03,3.16,41.1,89.7,0,0,1,0,43,24,5,2005,2006,1,25.227397259999996,26.227397259999996
1,18,6,947,612,980,343,21,3,0.0980392156862745,0.0212765957446808,46.66,41.5,114.33,6.2,3.36,45.0,204.0,0,1,0,0,18,4,6,2016,2016,1,25.37534247,25.37534247
1,29,2,1486,234,1256,153,42,1,0.1333333333333333,0.0196078431372549,29.9,35.28,153.0,5.07,3.92,35.3,234.0,1,1,0,0,29,1,3,2010,2012,1,24.734246579999997,26.734246579999997
0,3,9,114,715,114,493,4,16,0.048780487804878,0.0520833333333333,28.5,10.0,30.81,6.0,4.13,28.5,44.6,0,0,1,0,3,6,10,2014,2014,1,18.87945205,18.87945205
1,76,41,3601,4605,3216,2253,110,71,0.3333333333333333,0.131578947368421,29.23,29.5,31.73,5.35,2.93,32.7,64.8,4,0,5,0,76,22,9,2011,2011,0,21.59726027,21.59726027
1,99,112,5171,11416,4361,6419,157,291,0.375,0.0625,27.77,27.15,22.05,5.06,3.37,32.9,39.2,6,2,14,4,101,62,2,2015,2015,1,20.17808219,20.17808219
0,7,3,381,270,282,204,11,4,0.1666666666666666,0.0273972602739726,25.63,37.5,51.0,4.44,4.53,34.6,67.5,2,0,0,0,7,2,8,2022,2024,1,22.68219178,24.68219178
1,12,36,604,3558,511,1579,14,80,0.0666666666666666,0.125,36.5,41.2,19.73,5.07,2.66,43.1,44.4,0,0,5,1,13,19,5,2020,2020,1,25.58082192,25.58082192
0,43,83,2216,9575,1686,5055,55,158,0.1212121212121212,0.0697674418604651,30.65,24.17,31.99,4.56,3.16,40.2,60.6,2,0,9,1,44,50,2,2017,2016,0,27.473972600000003,26.473972600000003
1,93,147,4579,14464,3885,7491,125,270,0.2222222222222222,0.125,31.08,28.4,27.74,5.09,3.1,36.6,53.5,3,3,11,1,95,81,8,2008,2009,1,20.07945205,21.07945205
1,169,31,8230,2902,6485,1453,240,44,0.2,0.25,27.02,28.55,33.02,4.72,3.0,34.2,65.9,8,1,0,0,170,19,5,2001,2004,1,22.37260274,25.37260274
0,14,2,196,25,167,16,5,0,0.2222222222222222,0.0,33.4,0.0,0.0,5.11,3.84,39.2,0.0,1,0,0,0,59,3,7,2021,2021,1,24.08219178,24.08219178
1,27,21,1303,2081,1051,886,34,39,0.1904761904761904,0.2413793103448276,30.91,22.26,22.71,4.83,2.55,38.3,53.3,2,0,3,0,28,11,2,2013,2013,1,26.11232877,26.11232877
1,116,2,4296,60,3726,31,114,0,0.3076923076923077,0.0,32.68,19.81,0.0,5.2,3.1,37.6,0.0,5,0,0,0,153,3,1,2006,2018,1,22.40273973,34.40273973
0,35,3,1109,438,936,249,23,5,0.2,0.0236220472440944,40.69,53.0,49.8,5.06,3.41,48.2,87.6,0,0,0,0,37,3,11,2005,2005,0,24.95068493,24.95068493
1,49,22,2362,2511,2088,1354,58,46,0.2352941176470588,0.0925925925925925,36.0,23.75,29.43,5.3,3.23,40.7,54.5,2,0,3,0,49,13,11,2009,2011,1,20.449315069999997,22.449315069999997
1,29,5,1253,342,1238,189,34,6,0.088235294117647,0.08,36.41,28.0,31.5,5.92,3.31,36.8,57.0,0,0,0,0,30,3,8,2018,2018,1,20.43561644,20.43561644
1,181,38,8263,3567,6751,1794,199,48,0.2272727272727272,0.1904761904761904,33.92,23.18,37.37,4.9,3.01,41.5,74.3,4,1,0,0,184,21,7,2003,2005,1,21.019178080000003,23.019178080000003
1,9,3,406,324,419,98,6,4,0.0384615384615384,0.048780487804878,69.83,0.0,24.5,6.19,1.81,67.6,81.0,0,0,0,0,11,2,11,2006,2013,1,18.47123288,25.47123288
1,23,28,686,1524,632,622,14,34,0.0666666666666666,0.2777777777777778,45.14,0.0,18.29,5.52,2.44,49.0,44.8,0,0,1,0,28,18,8,2021,2021,1,28.89041096,28.89041096
0,21,6,1011,594,725,295,31,5,0.0909090909090909,0.0425531914893617,23.38,24.0,59.0,4.3,2.97,32.6,118.8,1,0,0,0,21,4,7,2003,2003,1,21.19178082,21.19178082
1,24,44,1015,4327,976,2698,32,75,0.1764705882352941,0.1,30.5,0.0,35.97,5.76,3.74,31.7,57.6,0,0,1,0,24,25,7,2006,2008,1,23.164383559999997,25.164383559999997
0,2,2,114,294,125,238,0,4,0.0,0.0210526315789473,0.0,28.0,59.5,6.57,4.85,0.0,73.5,0,0,0,0,2,1,4,2014,2014,1,26.76712329,26.76712329
1,3,3,78,150,90,105,0,0,0.0,0.0,0.0,27.14,0.0,6.92,4.2,0.0,0.0,0,0,0,0,3,2,0,2017,2023,1,18.96712329,24.96712329
0,100,22,5189,1964,4370,1116,168,53,0.24,0.125,26.01,14.07,21.05,5.05,3.4,30.8,37.0,7,2,4,0,103,12,4,2017,2017,0,22.62465753,22.62465753
1,30,15,1447,1756,1344,1004,34,27,0.0833333333333333,0.0657894736842105,39.52,12.1,37.18,5.57,3.43,42.5,65.0,1,0,1,0,30,8,4,2002,2003,1,20.838356159999996,21.838356159999996
1,55,31,2619,2351,2508,1222,88,54,0.1034482758620689,0.1538461538461538,28.5,20.9,22.62,5.74,3.11,29.7,43.5,4,1,3,0,56,18,2,2018,2018,1,22.33424658,22.33424658
1,4,6,182,419,172,245,2,11,0.025,0.0526315789473684,86.0,53.0,22.27,5.67,3.5,91.0,38.0,0,0,0,0,5,3,2,2020,2020,1,22.21369863,22.21369863
0,5,5,264,526,284,298,5,7,0.0285714285714285,0.0588235294117647,56.8,40.33,42.57,6.45,3.39,52.8,75.1,0,0,0,0,6,3,6,2016,2016,0,26.410958899999997,26.410958899999997
1,4,2,214,185,238,105,5,3,0.0357142857142857,0.0555555555555555,47.6,23.18,35.0,6.67,3.4,42.8,61.6,0,0,0,0,4,2,2,2021,2022,1,27.82739726,28.82739726
1,87,25,4137,2659,4010,1536,135,41,0.0961538461538461,0.078125,29.7,25.08,37.46,5.81,3.46,30.6,64.8,6,1,1,0,89,13,6,2005,2005,1,20.31232877,20.31232877
1,64,1,3300,66,3124,47,99,0,0.1111111111111111,0.0,31.55,17.72,0.0,5.68,4.27,33.3,0.0,2,1,0,0,65,1,5,2016,2019,1,25.1260274,28.1260274
1,60,9,2964,870,2347,448,94,9,0.1818181818181818,0.0697674418604651,24.96,30.05,49.77,4.75,3.08,31.5,96.6,7,0,0,0,61,5,2,2009,2010,0,25.394520550000003,26.394520550000003
1,39,1,1415,102,1339,68,40,1,0.8333333333333334,0.0147058823529411,33.47,22.25,68.0,5.67,4.0,35.3,102.0,0,1,0,0,43,1,11,2014,2021,1,19.47671233,26.47671233
1,9,5,426,660,355,395,11,5,0.0638297872340425,0.0512820512820512,32.27,29.0,79.0,5.0,3.59,38.7,132.0,0,0,0,0,10,4,8,2008,2008,1,23.89589041,23.89589041
0,19,0,566,0,523,0,17,0,0.1875,0.0,30.76,27.41,0.0,5.54,0.0,33.2,0.0,0,0,0,0,25,1,6,2021,2022,1,27.98630137,28.98630137
1,23,22,1076,1980,1138,1117,35,49,0.1282051282051282,0.1428571428571428,32.51,29.76,22.79,6.34,3.38,30.7,40.4,0,1,1,0,23,13,2,2022,2021,0,22.24383562,21.24383562
0,36,15,1907,1932,1612,820,37,24,0.2222222222222222,0.0909090909090909,43.56,0.0,34.16,5.07,2.54,51.5,80.5,0,1,0,0,37,8,4,2002,2000,0,25.88219178,23.88219178
1,17,3,794,168,742,130,29,2,0.3333333333333333,0.037037037037037,25.58,27.5,65.0,5.6,4.64,27.3,84.0,2,0,0,0,17,2,4,2021,2023,1,25.44109589,27.44109589
0,41,4,2101,365,1623,188,55,5,0.16,0.0714285714285714,29.5,28.36,37.6,4.63,3.09,38.2,73.0,5,0,0,0,42,2,7,2021,2022,1,20.99452055,21.99452055
1,4,4,209,448,198,277,10,9,0.0869565217391304,0.0864197530864197,19.8,32.57,30.77,5.68,3.7,20.9,49.7,1,0,1,0,4,2,2,2012,2011,1,21.79452055,20.79452055
1,121,170,6240,17417,5420,9932,236,358,0.2142857142857142,0.12,22.96,23.81,27.74,5.21,3.42,26.4,48.6,12,9,14,2,121,89,3,2010,2011,0,20.49589041,21.49589041
1,65,67,3299,6434,3039,3554,77,117,0.1212121212121212,0.1621621621621621,39.46,19.58,30.37,5.52,3.31,42.8,54.9,2,0,5,0,66,36,6,2015,2015,1,25.54794521,25.54794521
1,12,4,402,330,347,164,8,2,0.09375,0.0208333333333333,43.37,27.71,82.0,5.17,2.98,50.2,165.0,0,0,0,0,16,4,3,2009,2013,1,22.49041096,26.49041096
0,22,6,402,198,371,111,8,1,0.0625,0.0625,46.37,25.83,111.0,5.53,3.36,50.2,198.0,0,0,0,0,47,8,7,2015,2017,1,24.36712329,26.36712329
1,46,8,1056,762,999,431,27,13,0.1162790697674418,0.0652173913043478,37.0,21.78,33.15,5.67,3.39,39.1,58.6,0,1,0,0,71,6,7,2016,2016,1,24.88767123,24.88767123
0,10,78,456,10805,409,5780,13,161,0.0625,0.1875,31.46,24.0,35.9,5.38,3.2,35.0,67.1,0,0,8,2,13,43,7,2007,2014,1,25.019178080000003,32.01917808
1,105,35,4640,2940,3789,1631,135,25,0.4285714285714285,0.0769230769230769,28.06,28.42,65.24,4.89,3.32,34.3,117.6,4,2,0,0,109,22,7,2004,2004,1,19.89315068,19.89315068
0,19,16,738,1551,634,1003,15,24,0.1428571428571428,0.0533333333333333,42.26,15.16,41.79,5.15,3.88,49.2,64.6,0,0,0,0,19,8,5,2022,2022,1,31.45479452,31.45479452
1,150,140,7489,16001,6038,8891,239,313,0.1935483870967742,0.1311475409836065,25.26,20.97,28.4,4.83,3.33,31.3,51.1,9,3,12,3,153,73,3,2005,2007,0,23.73972603,25.73972603
1,80,49,4277,5943,3722,3079,141,95,0.1666666666666666,0.3043478260869565,26.39,24.22,32.41,5.22,3.1,30.3,62.5,10,2,3,0,82,25,5,2014,2015,1,22.62465753,23.62465753
0,2,2,66,90,95,87,0,1,0.0,0.05,0.0,5.0,87.0,8.63,5.8,0.0,90.0,0,0,0,0,2,2,1,2023,2023,0,20.83561644,20.83561644
1,25,2,1179,132,1024,105,31,0,0.1666666666666666,0.0,33.03,32.5,0.0,5.21,4.77,38.0,0.0,1,0,0,0,26,1,5,2003,2004,1,28.92328767,29.92328767
0,99,44,4875,4553,3960,2080,107,53,0.1,0.088235294117647,37.0,22.02,39.24,4.87,2.74,45.5,85.9,0,2,0,0,104,26,5,2015,2015,0,23.47945205,23.47945205
0,3,7,158,892,161,458,3,10,0.0377358490566037,0.0545454545454545,53.66,18.54,45.8,6.11,3.08,52.6,89.2,0,0,0,0,3,4,3,2022,2022,1,28.81917808,28.81917808
1,46,15,1582,1452,1570,727,22,11,0.25,0.0365853658536585,71.36,0.0,66.09,5.95,3.0,71.9,132.0,0,0,0,0,50,10,11,1998,2000,1,17.3260274,19.3260274
0,128,119,5988,12610,5311,7612,111,204,0.0869565217391304,0.1132075471698113,47.84,27.13,37.31,5.32,3.62,53.9,61.8,2,0,5,1,138,68,6,2014,2014,1,27.11232877,27.11232877
1,67,25,3154,2658,2603,1349,86,35,0.1379310344827586,0.16,30.26,21.5,38.54,4.95,3.04,36.6,75.9,3,0,0,0,70,13,4,2006,2006,1,23.046575339999997,23.046575339999997
1,46,11,2163,970,2085,612,59,22,0.2105263157894736,0.1282051282051282,35.33,19.46,27.81,5.78,3.78,36.6,44.0,4,0,1,0,48,6,1,2019,2019,1,23.33972603,23.33972603
1,31,8,1521,868,1369,631,37,22,0.0689655172413793,0.0530973451327433,37.0,25.5,28.68,5.4,4.36,41.1,39.4,1,0,3,0,32,5,5,2006,2007,1,26.78356164,27.78356164
1,69,68,2189,3285,2009,1922,56,48,0.1515151515151515,0.108695652173913,35.87,22.76,40.04,5.5,3.51,39.0,68.4,1,1,1,0,89,42,3,2011,2014,1,19.77534247,22.77534247
1,42,73,2225,7140,1674,3716,67,113,0.1111111111111111,0.1944444444444444,24.98,11.4,32.88,4.51,3.12,33.2,63.1,1,2,4,0,43,38,3,1995,1996,1,23.46575342,24.46575342
0,26,85,1308,12475,980,5797,24,167,0.12,0.1621621621621621,40.83,20.0,34.71,4.49,2.78,54.5,74.7,0,0,12,2,26,50,6,2007,2006,0,25.26027397,24.26027397
1,8,39,297,3537,337,2118,5,64,0.0285714285714285,0.0495049504950495,67.4,0.0,33.09,6.8,3.59,59.4,55.2,0,0,1,0,8,23,7,2017,2016,0,25.863013700000003,24.863013700000003
0,5,1,208,93,203,47,5,1,0.0714285714285714,0.0212765957446808,40.6,28.28,47.0,5.85,3.03,41.6,93.0,0,0,0,0,5,1,6,2020,2022,1,23.76438356,25.76438356
0,151,66,4350,3423,3791,1958,82,43,0.75,0.0980392156862745,46.23,27.35,45.53,5.22,3.43,53.0,79.6,0,0,1,0,232,50,10,2007,2009,1,21.48219178,23.48219178
0,94,74,4593,10608,3695,5508,106,164,0.16,0.1206896551724138,34.85,36.76,33.58,4.82,3.11,43.3,64.6,5,0,9,2,97,43,10,2017,2016,1,19.76164384,18.76164384
1,60,67,3013,7619,2400,3627,81,119,0.1666666666666666,0.1363636363636363,29.62,21.94,30.47,4.77,2.85,37.1,64.0,1,1,4,0,61,36,9,2009,2009,0,17.293150679999997,17.293150679999997
0,177,77,7733,4067,5400,1808,139,53,0.0975609756097561,0.25,38.84,22.75,34.11,4.18,2.66,55.6,76.7,1,0,0,0,218,55,9,2003,2003,1,22.78356164,22.78356164
1,60,6,3109,712,2549,389,83,10,0.1333333333333333,0.0681818181818181,30.71,35.12,38.9,4.91,3.27,37.4,71.2,2,0,0,0,60,4,9,2010,2013,0,28.14520548,31.14520548
0,156,5,7598,546,5410,254,169,8,0.2941176470588235,0.0833333333333333,32.01,28.16,31.75,4.27,2.79,44.9,68.2,4,1,0,0,161,3,0,2009,2018,1,24.57534247,33.57534247
0,37,12,1773,959,1507,496,42,16,0.2105263157894736,0.0568181818181818,35.88,27.22,31.0,5.09,3.1,42.2,59.9,3,0,1,0,37,6,9,2016,2016,0,22.35616438,22.35616438
1,2,1,62,73,70,57,0,0,0.0,0.0,0.0,0.0,0.0,6.77,4.68,0.0,0.0,0,0,0,0,2,1,0,2023,2024,1,20.88767123,21.88767123
1,85,66,4284,7499,3567,4483,121,85,0.5,0.1388888888888889,29.47,18.42,52.74,4.99,3.58,35.4,88.2,3,1,2,0,87,36,9,2001,2001,1,20.42739726,20.42739726
1,20,4,962,358,856,231,34,2,0.1111111111111111,0.0140845070422535,25.17,20.86,115.5,5.33,3.87,28.2,179.0,1,0,0,0,20,2,9,2022,2022,1,20.92876712,20.92876712
1,100,122,4985,11515,4618,6346,195,229,0.1228070175438596,0.1071428571428571,23.68,29.62,27.71,5.55,3.3,25.5,50.2,10,5,6,0,101,64,4,2013,2013,1,22.904109589999997,22.904109589999997
1,40,50,1825,3930,1550,2197,68,74,0.2857142857142857,0.4,22.79,31.5,29.68,5.09,3.35,26.8,53.1,2,1,3,0,41,27,4,2019,2020,1,25.37808219,26.37808219
1,2,1,97,120,101,114,2,0,0.0952380952380952,0.0,50.5,0.0,0.0,6.24,5.7,48.5,0.0,0,0,0,0,2,1,9,2020,2019,1,19.92054795,18.92054795
0,74,1,3968,90,2863,75,101,1,0.1,0.0133333333333333,28.34,18.1,75.0,4.32,5.0,39.2,90.0,3,1,0,0,75,1,0,2017,2018,1,16.3369863,17.3369863
1,6,6,234,284,217,179,5,7,0.1,10000.0,43.4,24.35,25.57,5.56,3.78,46.8,40.5,0,0,0,0,6,3,4,2023,2023,1,29.79726027,29.79726027
1,103,25,5003,2145,4307,1139,164,31,0.1395348837209302,0.1081081081081081,26.26,21.32,36.74,5.16,3.18,30.5,69.1,5,5,0,0,104,15,10,2015,2015,0,19.89589041,19.89589041
1,3,4,148,226,129,154,5,11,0.1,0.1212121212121212,25.8,39.0,14.0,5.22,4.08,29.6,20.5,0,0,0,0,3,2,2,2023,2023,0,27.96712329,27.96712329
0,6,4,336,790,260,435,3,7,0.04,0.048780487804878,86.66,35.5,62.14,4.64,3.3,112.0,112.8,0,0,0,0,6,2,11,2011,2014,1,20.46849315,23.46849315
1,47,53,2345,5077,2339,3003,63,70,0.1290322580645161,0.0454545454545454,37.12,29.06,42.9,5.98,3.54,37.2,72.5,2,0,1,0,49,28,7,2012,2011,1,25.77808219,24.77808219
1,8,4,420,251,481,172,6,4,0.0344827586206896,0.037037037037037,80.16,18.07,43.0,6.87,4.11,70.0,62.7,0,0,0,0,8,2,4,2019,2021,1,26.68219178,28.68219178
0,56,33,2724,4200,2152,2204,63,63,0.1379310344827586,0.0943396226415094,34.15,23.5,34.98,4.74,3.14,43.2,66.6,2,0,2,0,58,17,3,2002,2004,1,20.78082192,22.78082192
0,29,242,1626,32761,1334,16052,29,530,0.0909090909090909,0.16,46.0,48.0,30.28,4.92,2.93,56.0,61.8,1,0,24,5,29,129,3,2012,2011,1,24.69041096,23.69041096
0,46,2,2125,132,1660,67,45,0,0.0930232558139534,0.0,36.88,20.36,0.0,4.68,3.04,47.2,0.0,2,0,0,0,50,1,8,2008,2009,0,26.20273973,27.20273973
1,116,10,5759,1110,4240,505,174,12,0.1063829787234042,0.0833333333333333,24.36,23.05,42.08,4.41,2.72,33.0,92.5,5,2,0,0,116,5,3,2001,2003,0,23.87945205,25.87945205
0,48,14,1743,574,1407,303,35,1,0.09375,0.0909090909090909,40.2,40.66,303.0,4.84,3.16,49.8,574.0,0,0,0,0,59,8,10,2008,2008,1,21.578082190000003,21.578082190000003
1,14,28,695,2856,543,1725,32,51,0.1515151515151515,0.1612903225806451,16.96,32.75,33.82,4.68,3.62,21.7,56.0,0,2,1,0,14,17,9,2022,2019,1,19.45205479,16.45205479
0,43,25,1256,924,988,442,24,8,0.1153846153846153,0.0576923076923076,41.16,37.42,55.25,4.71,2.87,52.3,115.5,0,0,0,0,65,19,10,2011,2011,1,19.6630137,19.6630137
1,72,16,3466,1565,3221,1044,110,18,0.2222222222222222,0.1,29.28,20.2,58.0,5.57,4.0,31.5,86.9,6,1,0,0,74,9,9,2003,2004,1,25.41643836,26.41643836
1,37,3,1649,329,1386,194,44,5,0.1,0.0327868852459016,31.5,67.0,38.8,5.04,3.53,37.4,65.8,1,0,0,0,38,2,10,2004,2004,1,16.81643836,16.81643836
0,5,2,264,174,224,76,5,4,0.0526315789473684,0.074074074074074,44.8,33.12,19.0,5.09,2.62,52.8,43.5,0,0,0,0,5,1,10,2018,2018,0,26.356164380000003,26.356164380000003
1,7,5,318,358,317,194,8,10,0.0470588235294117,0.1034482758620689,39.62,0.0,19.4,5.98,3.25,39.7,35.8,1,0,0,0,8,3,6,2018,2019,1,24.80547945,25.80547945
0,5,10,198,1320,177,642,5,25,0.0508474576271186,0.0652173913043478,35.4,59.0,25.68,5.36,2.91,39.6,52.8,0,0,2,1,5,5,7,2021,2021,0,22.83013699,22.83013699
1,67,11,3242,1611,2774,697,77,27,0.1290322580645161,0.0471698113207547,36.02,24.12,25.81,5.13,2.59,42.1,59.6,3,0,1,0,68,6,4,2007,2011,1,20.824657530000003,24.824657530000003
0,160,6,8571,753,6239,410,133,10,0.1388888888888889,0.05,46.9,33.0,41.0,4.36,3.26,64.4,75.3,2,1,0,0,164,4,11,2004,2004,1,19.34246575,19.34246575
0,30,20,1488,2063,1539,1276,27,37,0.0769230769230769,0.0526315789473684,57.0,24.21,34.48,6.2,3.71,55.1,55.7,1,0,2,0,31,11,7,2016,2016,0,25.134246580000003,25.134246580000003
1,19,14,888,1130,820,661,19,17,0.1304347826086956,0.075,43.15,0.0,38.88,5.54,3.5,46.7,66.4,0,0,0,0,19,8,7,1999,1999,0,22.31232877,22.31232877
0,5,1,150,60,151,32,2,3,0.03125,0.09375,75.5,0.0,10.66,6.04,3.2,75.0,20.0,0,0,0,0,7,3,7,2019,2022,0,20.83013699,23.83013699
1,88,115,4583,12614,4042,6063,141,269,0.0714285714285714,0.2608695652173913,28.66,23.57,22.53,5.29,2.88,32.5,46.8,6,1,12,2,88,62,3,2011,2011,1,18.22465753,18.22465753
1,19,126,901,13907,743,6777,17,221,0.0545454545454545,0.1111111111111111,43.7,19.33,30.66,4.94,2.92,53.0,62.9,0,0,8,0,20,67,3,2009,2008,1,24.67671233,23.67671233
0,25,6,1312,492,1117,270,32,7,0.1739130434782608,0.0579710144927536,34.9,37.75,38.57,5.1,3.29,41.0,70.2,2,0,0,0,25,3,4,2007,2006,1,18.59726027,17.59726027
0,17,48,876,7633,652,3420,21,113,0.1052631578947368,0.1276595744680851,31.04,13.2,30.26,4.46,2.68,41.7,67.5,1,0,7,1,18,24,4,2008,2009,0,21.89863014,22.89863014
0,76,1,2441,12,1942,11,43,0,0.109090909090909,0.0,45.16,33.95,0.0,4.77,5.5,56.7,0.0,1,1,0,0,161,7,1,2008,2018,1,17.904109589999997,27.904109589999997
1,51,21,2160,2022,1970,1321,56,32,0.3125,0.1063829787234042,35.17,28.87,41.28,5.47,3.91,38.5,63.1,1,1,1,0,52,12,7,2015,2015,1,23.54794521,23.54794521
0,53,7,2577,674,2194,403,84,4,0.3684210526315789,0.023391812865497,26.11,15.71,100.75,5.1,3.58,30.6,168.5,3,4,0,0,54,4,7,2017,2020,1,20.0,23.0
1,15,20,444,1050,422,515,12,19,0.0338983050847457,3.0,35.16,25.8,27.1,5.7,2.94,37.0,55.2,0,0,0,0,15,12,2,2017,2019,1,19.44109589,21.44109589
0,3,4,130,188,133,134,6,3,0.09375,0.0204081632653061,22.16,13.81,44.66,6.13,4.27,21.6,62.6,0,0,0,0,3,2,0,2022,2019,1,21.95616438,18.95616438
0,114,189,6303,26166,5180,12255,156,516,0.16,0.1186440677966101,33.2,23.22,23.75,4.93,2.81,40.4,50.7,1,0,36,8,116,100,4,2010,2011,1,23.865753419999997,24.865753419999997
1,51,4,2403,264,2102,162,77,3,0.2105263157894736,0.0277777777777777,27.29,19.52,54.0,5.24,3.68,31.2,88.0,5,0,0,0,54,2,2,2009,2010,1,26.46849315,27.46849315
1,42,8,1957,780,1739,475,56,9,0.15625,0.0754716981132075,31.05,22.8,52.77,5.33,3.65,34.9,86.6,1,1,0,0,44,5,11,2017,2021,0,19.58356164,23.58356164
1,88,33,4033,3440,3434,1705,117,49,0.1020408163265306,0.0833333333333333,29.35,25.9,34.79,5.1,2.97,34.4,70.2,8,2,0,0,92,18,8,2003,2009,1,18.7890411,24.7890411
0,20,11,835,719,839,331,18,10,0.0666666666666666,0.0909090909090909,46.61,19.69,33.1,6.02,2.76,46.3,71.9,1,0,0,0,25,7,5,2023,2021,0,23.69589041,21.69589041
1,31,1,1436,78,1423,73,38,1,0.1333333333333333,0.0136986301369863,37.44,24.7,73.0,5.94,5.61,37.7,78.0,1,0,0,0,31,1,4,2010,2012,1,26.460273970000003,28.460273970000003
0,189,136,9750,17233,7936,7096,220,294,0.1515151515151515,0.1666666666666666,36.07,29.85,24.13,4.88,2.47,44.3,58.6,7,2,13,2,197,72,4,2009,2012,0,20.64657534,23.64657534
1,5,7,161,336,149,170,6,3,0.0869565217391304,0.0277777777777777,24.83,60.0,56.66,5.55,3.03,26.8,112.0,0,0,0,0,6,8,8,2019,2017,0,28.21643836,26.21643836
1,84,122,3881,12443,3534,6232,109,171,0.3076923076923077,0.1063829787234042,32.42,41.25,36.44,5.46,3.0,35.6,72.7,3,0,4,0,86,70,7,2009,2010,1,22.38630137,23.38630137
1,20,52,1031,5736,832,2658,44,113,0.2631578947368421,0.0598290598290598,18.9,23.75,23.52,4.84,2.78,23.4,50.7,0,3,5,0,21,27,3,2009,2010,1,29.799999999999997,30.799999999999997
1,11,7,549,1079,481,561,9,19,0.0606060606060606,0.1764705882352941,53.44,0.0,29.52,5.25,3.11,61.0,56.7,0,0,1,0,11,4,6,2001,2003,1,26.550684930000003,28.550684930000003
0,74,27,3278,2515,2680,1416,75,38,0.3333333333333333,0.1515151515151515,35.73,18.79,37.26,4.9,3.37,43.7,66.1,3,0,1,0,79,15,2,2002,2003,0,22.98630137,23.98630137
1,25,36,1277,4812,1039,2231,29,79,0.1578947368421052,0.1489361702127659,35.82,19.0,28.24,4.88,2.78,44.0,60.9,0,0,5,1,25,22,6,2001,2001,0,23.5369863,23.5369863
1,10,7,513,667,448,422,12,10,0.1818181818181818,0.0461538461538461,37.33,19.22,42.2,5.23,3.79,42.7,66.7,1,0,0,0,10,4,2,2013,2012,1,30.37260274,29.37260274
0,37,72,1553,6793,1255,3910,27,85,0.1,0.1333333333333333,46.48,17.66,46.0,4.84,3.45,57.5,79.9,0,0,4,0,45,49,8,2017,2016,1,25.35342466,24.35342466
1,17,35,716,3891,686,2138,21,57,0.0652173913043478,0.0816326530612244,32.66,30.0,37.5,5.74,3.29,34.0,68.2,0,0,0,0,19,19,7,2011,2011,1,25.098630139999997,25.098630139999997
0,25,8,1150,883,983,456,22,4,0.0697674418604651,0.0476190476190476,44.68,0.0,114.0,5.12,3.09,52.2,220.7,0,0,0,0,28,5,8,1997,1997,1,22.89863014,22.89863014
0,33,4,730,228,766,107,19,4,0.5,0.125,40.31,21.3,26.75,6.29,2.81,38.4,57.0,1,1,0,0,52,3,11,2017,2017,1,23.28767123,23.28767123
1,59,25,2647,2534,2420,1682,70,40,0.1142857142857142,0.0847457627118644,55.475,15.0,42.05,5.555,3.98,59.55,63.3,2,0,1,0,58,14,4,2005,2006,0,19.64657534,20.64657534
1,74,10,1860,434,1523,290,40,1,0.1052631578947368,0.0256410256410256,38.07,24.18,290.0,4.91,4.0,46.5,434.0,1,0,0,0,120,13,6,2007,2007,1,22.23561644,22.23561644
0,3,26,72,3726,74,1931,4,63,0.0769230769230769,0.0857142857142857,18.5,22.0,30.65,6.16,3.1,18.0,59.1,0,0,5,1,4,14,7,2021,2021,1,26.06027397,26.06027397
0,99,35,5374,6135,3575,2885,100,80,0.1818181818181818,0.0821917808219178,35.75,29.07,36.06,3.99,2.82,53.7,76.6,1,0,5,1,102,22,11,2002,1999,0,26.12876712,23.12876712
0,29,4,543,84,532,53,15,1,0.15625,0.0333333333333333,35.46,0.0,53.0,5.87,3.78,36.2,84.0,0,1,0,0,111,9,0,2013,2018,1,20.0630137,25.0630137
0,5,8,282,932,233,621,10,18,0.074074074074074,0.1041666666666666,23.3,25.33,34.5,4.95,3.99,28.2,51.7,1,0,1,0,6,4,6,2023,2022,1,18.96164384,17.96164384
1,3,17,133,1860,117,992,2,25,0.0476190476190476,0.0845070422535211,58.5,0.0,39.68,5.27,3.2,66.5,74.4,0,0,2,0,3,9,10,2013,2010,1,26.77534247,23.77534247
1,102,44,4678,4223,4427,2764,129,36,0.2307692307692307,0.0301204819277108,34.31,32.57,76.77,5.67,3.92,36.2,117.3,7,1,1,0,104,27,10,2009,2009,1,19.57534247,19.57534247
1,8,4,419,366,320,137,14,6,0.0952380952380952,0.0952380952380952,22.85,56.85,22.83,4.58,2.24,29.9,61.0,1,0,0,0,8,2,6,2020,2022,1,23.42465753,25.42465753
0,39,1,1945,138,1767,80,32,0,0.09375,0.0,55.21,35.9,0.0,5.45,3.47,60.7,0.0,0,0,0,0,40,1,7,2011,2011,1,26.08767123,26.08767123
0,29,21,1437,3146,1214,1613,36,43,0.119047619047619,0.0609756097560975,33.72,19.85,37.51,5.06,3.07,39.9,73.1,0,1,1,0,31,12,7,2009,2010,1,24.49589041,25.49589041
1,52,50,2476,5419,2508,3271,75,87,0.109090909090909,0.125,33.44,41.14,37.59,6.07,3.62,33.0,62.2,2,1,3,0,53,27,4,2005,2006,1,22.47671233,23.47671233
1,161,36,6114,1960,4839,1015,137,20,0.24,0.1071428571428571,35.32,19.38,50.75,4.74,3.1,44.6,98.0,4,1,0,0,188,29,5,1999,2002,1,24.05205479,27.05205479
1,2,6,84,354,58,294,5,6,0.073170731707317,0.0266666666666666,11.6,29.43,49.0,4.14,4.98,16.8,59.0,0,0,0,0,2,3,5,2017,2023,1,25.56986301,31.56986301
1,121,309,6109,33698,5364,16719,178,604,0.217391304347826,0.5333333333333333,30.13,22.93,27.68,5.26,2.97,34.3,55.7,9,1,20,3,121,167,6,2006,2007,1,20.095890410000003,21.095890410000003
1,80,32,4295,3372,3070,1922,147,87,0.3157894736842105,0.1176470588235294,20.88,21.72,22.09,4.28,3.41,29.2,38.7,7,4,5,1,82,18,5,2002,2001,1,27.14246575,26.14246575
0,2,2,54,78,72,82,0,4,0.0,0.0909090909090909,0.0,15.0,20.5,8.0,6.3,0.0,19.5,0,0,0,0,2,1,6,2011,2014,1,21.27671233,24.27671233
1,25,14,1197,1130,1169,762,30,20,0.08,0.1818181818181818,38.96,51.66,38.1,5.85,4.04,39.9,56.5,1,0,0,0,26,8,6,2004,2006,1,22.605479449999997,24.605479449999997
0,46,42,2387,7321,1913,3402,39,87,0.2222222222222222,0.074074074074074,49.05,33.66,39.1,4.8,2.78,61.2,84.1,3,0,6,0,47,26,8,2008,2008,0,27.019178080000003,27.019178080000003
1,220,59,10936,5209,9760,3349,338,101,0.1578947368421052,0.1,28.87,20.79,33.15,5.35,3.85,32.3,51.5,11,8,3,0,226,30,7,2004,2004,1,20.92054795,20.92054795
1,13,19,716,1531,725,712,16,35,0.044776119402985,0.8571428571428571,45.31,30.0,20.34,6.07,2.79,44.7,43.7,0,0,1,0,14,10,3,2016,2021,1,27.29863014,32.29863014
1,32,42,1277,3091,1323,1669,33,47,0.1041666666666666,0.0689655172413793,40.09,24.5,35.51,6.21,3.23,38.6,65.7,1,1,0,0,32,24,6,2018,2018,0,20.15342466,20.15342466
0,47,2,2358,138,1874,96,53,0,0.3076923076923077,0.0,35.35,21.96,0.0,4.76,4.17,44.4,0.0,1,0,0,0,49,1,7,2012,2013,1,27.46849315,28.46849315
1,46,19,1940,1449,2014,880,65,31,0.1081081081081081,0.1147540983606557,30.98,23.39,28.38,6.22,3.64,29.8,46.7,3,0,1,0,47,11,4,2017,2018,1,25.786301369999997,26.786301369999997
0,65,11,3540,1650,2435,851,92,21,0.2222222222222222,0.0659340659340659,26.46,21.25,40.52,4.12,3.09,38.4,78.5,4,2,2,0,65,6,8,2011,2012,1,23.175342469999997,24.175342469999997
1,38,48,1829,5146,1477,2243,53,94,0.074074074074074,0.15625,27.86,18.23,23.86,4.84,2.61,34.5,54.7,2,0,2,0,39,24,3,2005,2006,1,29.835616440000003,30.835616440000003
0,32,10,1187,858,1091,421,24,7,0.1219512195121951,0.074074074074074,45.45,45.85,60.14,5.51,2.94,49.4,122.5,0,1,0,0,36,6,6,2008,2012,0,23.6630137,27.6630137
1,16,6,559,410,490,204,12,10,0.1176470588235294,0.1071428571428571,40.83,37.22,20.4,5.25,2.98,46.5,41.0,0,0,0,0,20,3,1,2013,2018,1,21.956164379999997,26.956164379999997
1,163,93,6466,5495,5342,2526,168,75,0.1111111111111111,0.1818181818181818,31.79,24.72,33.68,4.95,2.75,38.4,73.2,3,0,3,0,190,59,3,2002,2005,1,21.11506849,24.11506849
1,36,2,1722,276,1685,196,52,2,0.108695652173913,0.0138888888888888,32.4,23.92,98.0,5.87,4.26,33.1,138.0,2,1,0,0,38,2,8,2015,2013,0,25.94520548,23.94520548
1,67,66,3550,6412,2996,3800,102,125,0.1515151515151515,0.0759493670886076,29.37,21.59,30.4,5.06,3.55,34.8,51.2,4,2,5,0,69,36,6,2011,2010,1,22.317808220000003,21.317808220000003
1,25,104,1148,9379,1134,5348,33,166,0.1764705882352941,0.1290322580645161,34.36,18.66,32.21,5.92,3.42,34.7,56.5,0,0,6,1,25,59,8,2016,2012,1,28.252054790000003,24.252054790000003
1,12,7,490,450,439,258,20,3,1.5,0.0833333333333333,21.95,54.0,86.0,5.37,3.44,24.5,150.0,0,1,0,0,14,6,4,2014,2014,1,30.15342466,30.15342466
1,16,9,791,1057,891,515,25,16,0.0869565217391304,0.125,35.64,52.75,32.18,6.75,2.92,31.6,66.0,3,0,0,0,16,5,11,2010,2012,1,23.901369860000003,25.901369860000003
1,34,6,1688,414,1461,302,62,5,0.1025641025641025,0.0309278350515463,23.56,21.03,60.4,5.19,4.37,27.2,82.8,2,0,0,0,35,3,3,2007,2005,1,24.43287671,22.43287671
0,112,67,6000,11592,4182,5003,184,178,0.2083333333333333,0.1272727272727272,22.72,17.83,28.1,4.18,2.58,32.6,65.1,6,2,10,4,113,35,9,2008,2009,1,30.79178082,31.79178082
1,1,2,48,252,56,97,1,3,0.0178571428571428,0.0416666666666666,56.0,16.57,32.33,7.0,2.3,48.0,84.0,0,0,0,0,2,1,0,2019,2021,0,24.82739726,26.82739726
1,32,19,1642,2576,1192,1175,33,51,0.09375,0.1041666666666666,36.12,0.0,23.03,4.35,2.73,49.7,50.5,0,0,2,0,32,10,9,1999,2003,1,23.27123288,27.27123288
0,67,11,3388,954,2960,513,85,14,0.1481481481481481,0.0967741935483871,34.82,23.57,36.64,5.24,3.22,39.8,68.1,5,0,0,0,70,6,9,2017,2017,1,18.81917808,18.81917808
1,60,19,2540,1734,2529,942,70,17,0.1904761904761904,0.0348837209302325,36.12,26.6,55.41,5.97,3.25,36.2,102.0,4,0,0,0,60,11,10,2010,2010,1,20.81369863,20.81369863
1,50,60,2198,5380,2143,3731,47,72,0.088235294117647,0.2222222222222222,45.59,49.5,51.81,5.84,4.16,46.7,74.7,0,0,4,0,51,38,10,2006,2005,1,19.97808219,18.97808219
1,52,50,2695,5814,2490,3019,104,113,0.1714285714285714,0.1176470588235294,23.94,20.39,26.71,5.54,3.11,25.9,51.4,6,3,4,1,53,29,9,2018,2018,0,18.31232877,18.31232877
0,1,1,18,30,16,6,0,0,0.0,0.0,0.0,0.0,0.0,5.33,1.2,0.0,0.0,0,0,0,0,3,1,0,2022,2021,0,23.47671233,22.47671233
0,241,113,12575,15057,9360,7387,317,237,0.1724137931034483,0.1944444444444444,29.52,20.91,31.16,4.46,2.94,39.6,63.5,10,4,19,2,247,67,10,2006,2007,0,19.34794521,20.34794521
1,36,17,1645,1392,1515,746,56,22,0.1904761904761904,0.1071428571428571,27.05,24.23,33.9,5.52,3.21,29.3,63.2,3,0,0,0,36,10,10,2021,2021,0,20.15342466,20.15342466
0,1,11,12,846,9,506,0,8,0.0,0.0303030303030303,0.0,35.5,63.25,4.5,3.58,0.0,105.7,0,0,0,0,4,8,10,2011,2014,1,24.71506849,27.71506849
0,112,25,4610,2657,3738,1441,88,34,0.0727272727272727,0.0619469026548672,42.47,24.59,42.38,4.86,3.25,52.3,78.1,1,0,2,0,142,17,11,2013,2013,1,27.2630137,27.2630137
0,19,18,919,3151,722,1599,22,38,0.1379310344827586,0.081081081081081,32.81,74.75,42.07,4.71,3.04,41.7,82.9,1,0,2,0,20,10,10,2012,2012,1,20.98356164,20.98356164
1,13,17,666,1828,597,1125,19,27,0.0909090909090909,0.0735294117647058,31.42,24.6,41.66,5.37,3.69,35.0,67.7,0,1,2,0,13,9,9,2008,2009,1,24.397260269999997,25.397260269999997
1,60,4,2949,504,2566,316,71,5,0.1041666666666666,0.036144578313253,36.14,26.92,63.2,5.22,3.76,41.5,100.8,3,1,0,0,62,2,9,2007,2007,0,22.630136989999997,22.630136989999997
0,17,2,762,297,572,146,14,4,0.2142857142857142,0.0410958904109589,40.85,0.0,36.5,4.5,2.94,54.4,74.2,0,0,0,0,17,1,10,2010,2011,0,21.68767123,22.68767123
1,24,12,534,508,525,336,15,4,0.1666666666666666,0.0294117647058823,35.0,37.58,84.0,5.89,3.96,35.6,127.0,0,0,0,0,69,16,10,2014,2015,1,21.42465753,22.42465753
1,52,8,2657,879,2051,573,61,12,0.1818181818181818,0.0310077519379844,33.62,50.5,47.75,4.63,3.91,43.5,73.2,1,0,0,0,52,6,10,2005,2005,0,21.071232879999997,21.071232879999997
1,40,1,2019,204,1690,136,57,0,0.1025641025641025,0.0,29.64,94.0,0.0,5.02,4.0,35.4,0.0,3,0,0,0,40,1,11,2004,2004,1,19.28493151,19.28493151
1,2,2,120,230,143,119,3,3,0.0285714285714285,0.0384615384615384,47.66,17.42,39.66,7.15,3.1,40.0,76.6,0,0,0,0,2,1,4,2020,2021,0,29.317808220000003,30.317808220000003
1,65,16,3242,1889,3024,813,65,31,0.1071428571428571,0.0847457627118644,46.52,19.9,26.22,5.59,2.58,49.8,60.9,0,0,1,0,65,9,11,2004,2004,1,18.772602740000004,18.772602740000004
0,48,4,2481,483,2284,278,72,6,0.1020408163265306,0.0329670329670329,31.72,20.89,46.33,5.52,3.45,34.4,80.5,3,1,0,0,51,2,2,2016,2016,0,26.44383562,26.44383562
1,38,18,1676,1668,1393,1040,50,28,0.1063829787234042,0.0602409638554216,27.86,25.57,37.14,4.98,3.74,33.5,59.5,0,1,1,0,38,10,7,2008,2003,0,27.410958899999997,22.410958899999997
1,113,149,6180,17417,5146,8717,211,317,0.2058823529411764,0.2,24.38,21.43,27.49,4.99,3.0,29.2,54.9,10,6,10,1,114,78,5,2012,2011,0,23.019178080000003,22.019178080000003
0,21,9,601,413,547,257,9,11,0.074074074074074,0.12,60.77,25.75,23.36,5.46,3.73,66.7,37.5,0,0,0,0,27,5,7,2015,2015,0,29.65205479,29.65205479
0,8,8,270,667,246,368,10,7,0.0909090909090909,0.0769230769230769,24.6,16.57,52.57,5.46,3.31,27.0,95.2,0,0,0,0,9,5,5,2017,2012,1,30.84657534,25.84657534
0,4,2,168,108,176,55,5,1,0.0545454545454545,0.0232558139534883,35.2,0.0,55.0,6.28,3.05,33.6,108.0,0,0,0,0,4,1,1,2023,2024,0,30.00821918,31.00821918
1,159,190,8075,22614,7448,11255,221,380,0.2121212121212121,0.109375,33.7,22.38,29.61,5.53,2.98,36.5,59.5,5,3,15,1,161,100,5,2008,2008,1,19.63287671,19.63287671
1,57,6,3020,570,2290,213,74,13,0.238095238095238,0.3846153846153846,30.94,24.92,16.38,4.54,2.24,40.8,43.8,4,1,1,0,58,3,1,2012,2018,1,30.99178082,36.99178082
1,28,3,1308,396,1290,200,34,2,0.1428571428571428,0.0153846153846153,37.94,31.27,100.0,5.91,3.03,38.4,198.0,2,1,0,0,28,2,6,2017,2017,1,22.38082192,22.38082192
1,26,45,1300,3716,1157,2291,34,57,0.1142857142857142,0.15,34.02,25.66,40.19,5.34,3.69,38.2,65.1,2,0,2,0,26,25,8,2004,2003,1,22.9260274,21.9260274
1,87,18,4254,1824,3752,728,115,26,0.1212121212121212,0.081967213114754,32.62,23.95,28.0,5.29,2.39,36.9,70.1,1,0,1,0,87,10,11,2013,2013,1,22.41643836,22.41643836
1,7,2,301,144,295,98,4,3,0.0263157894736842,0.0769230769230769,73.75,0.0,32.66,5.88,4.08,75.2,48.0,0,0,0,0,8,2,11,2022,2023,1,29.01369863,30.01369863
0,204,76,5880,3385,4778,1711,106,39,1.0,0.4,45.07,34.77,43.87,4.87,3.03,55.4,86.7,3,0,0,0,330,87,7,1999,1999,1,22.79178082,22.79178082
0,13,2,636,156,548,58,12,1,0.0555555555555555,0.0196078431372549,45.66,0.0,58.0,5.16,2.23,53.0,156.0,0,0,0,0,14,1,11,2006,2014,1,19.13972603,27.13972603
0,19,3,900,693,684,333,24,6,0.1875,0.0265486725663716,28.5,30.66,55.5,4.56,2.88,37.5,115.5,0,0,0,0,21,3,11,2015,2017,0,27.460273970000003,29.460273970000003
1,84,41,4221,4674,3813,2357,109,72,0.1041666666666666,0.1041666666666666,34.98,36.95,32.73,5.42,3.02,38.7,64.9,3,1,1,0,85,23,6,2006,2009,1,21.41643836,24.41643836
0,20,82,1050,12437,805,6225,31,195,0.1785714285714285,0.2051282051282051,25.96,58.0,31.92,4.6,3.0,33.8,63.7,1,1,12,2,20,46,10,2014,2014,0,22.473972600000003,22.473972600000003
1,2,10,60,707,83,453,2,17,0.0263157894736842,0.05,41.5,13.0,26.64,8.3,3.84,30.0,41.5,0,0,1,0,2,5,9,2011,2010,1,32.60821918,31.60821918
1,71,24,3422,2461,3088,1545,103,30,0.1785714285714285,0.1081081081081081,29.98,23.94,51.5,5.41,3.76,33.2,82.0,4,2,0,0,73,13,10,2014,2017,1,19.32054795,22.32054795
1,73,112,3558,8979,3565,5263,106,170,0.1290322580645161,0.0681818181818181,33.63,23.33,30.95,6.01,3.51,33.5,52.8,4,0,3,1,75,57,4,2010,2011,1,22.76164384,23.76164384
1,9,35,457,3799,433,2273,15,55,0.0757575757575757,0.0961538461538461,28.86,61.0,41.32,5.68,3.58,30.4,69.0,0,1,2,0,10,21,7,2009,2007,0,28.358904109999997,26.358904109999997
1,128,90,6064,9599,5253,5553,179,163,0.1428571428571428,0.0444444444444444,29.34,16.97,34.06,5.19,3.47,33.8,58.8,4,2,4,0,130,47,9,2003,2003,1,20.7890411,20.7890411
1,17,1,768,90,633,54,34,1,0.1470588235294117,0.0185185185185185,18.61,32.61,54.0,4.94,3.6,22.5,90.0,3,2,0,0,17,1,9,2017,2019,0,23.56438356,25.56438356
0,7,17,331,2114,271,1183,8,31,0.075,0.1428571428571428,33.87,0.0,38.16,4.91,3.35,41.3,68.1,0,0,1,0,7,9,8,2012,2012,0,22.967123290000004,22.967123290000004
1,28,119,1279,11391,986,5000,41,224,0.3333333333333333,0.2857142857142857,24.04,28.5,22.32,4.62,2.63,31.1,50.8,2,0,13,2,30,64,2,2007,2011,1,22.095890410000003,26.095890410000003
1,10,15,402,1382,353,741,7,20,0.0307692307692307,0.0892857142857142,50.42,22.0,37.05,5.26,3.21,57.4,69.1,0,0,1,0,10,9,11,2022,2020,1,30.057534250000003,28.057534250000003
0,28,2,806,78,683,42,13,0,0.0833333333333333,0.0,52.53,37.23,0.0,5.08,3.23,62.0,0.0,0,0,0,0,36,2,11,2020,2021,1,19.90136986,20.90136986
1,3,4,113,402,115,191,5,11,0.0638297872340425,0.1470588235294117,23.0,21.25,17.36,6.1,2.85,22.6,36.5,0,0,1,0,3,2,5,2023,2024,1,21.98082192,22.98082192
1,73,6,3702,443,2955,304,106,8,0.2666666666666666,0.4,27.87,22.16,38.0,4.78,4.11,34.9,55.3,4,0,0,0,75,3,6,2007,2014,1,23.06575342,30.06575342
1,69,10,3224,556,3010,414,99,15,0.1041666666666666,0.0784313725490196,30.4,25.64,27.6,5.6,4.46,32.5,37.0,3,2,0,0,73,6,2,2009,2010,0,20.0,21.0
0,5,4,150,327,121,232,4,6,0.1363636363636363,0.0372670807453416,30.25,41.0,38.66,4.84,4.25,37.5,54.5,0,0,1,0,7,2,6,2023,2022,1,24.68767123,23.68767123
0,35,5,1548,523,1266,268,32,7,0.1904761904761904,0.0422535211267605,39.56,28.17,38.28,4.9,3.07,48.3,74.7,1,0,0,0,38,3,11,2015,2018,0,21.81917808,24.81917808
1,90,49,4327,5018,4117,2864,120,83,0.108695652173913,0.0793650793650793,34.3,28.55,34.5,5.7,3.42,36.0,60.4,5,1,2,0,91,27,9,2008,2010,0,23.084931509999997,25.084931509999997
0,16,7,636,526,521,299,18,6,0.1,0.0337078651685393,28.94,25.26,49.83,4.91,3.41,35.3,87.6,0,0,0,0,19,4,4,2017,2021,1,17.81643836,21.81643836
0,56,6,2792,918,2224,548,55,7,0.1428571428571428,0.0229007633587786,40.43,30.0,78.28,4.77,3.58,50.7,131.1,3,0,0,0,60,4,3,2010,2010,0,27.68493151,27.68493151
1,8,11,340,669,304,364,7,13,0.0588235294117647,0.073170731707317,43.42,13.0,28.0,5.36,3.26,48.5,51.4,0,0,0,0,9,6,0,2015,2018,1,23.0109589,26.0109589
1,10,5,414,627,373,438,4,9,0.0357142857142857,0.031055900621118,93.25,19.75,48.66,5.4,4.19,103.5,69.6,0,0,1,0,11,3,9,2000,2007,1,18.38082192,25.38082192
0,24,89,1293,14255,1150,7657,24,244,0.2307692307692307,0.1951219512195122,47.91,0.0,31.38,5.33,3.22,53.8,58.4,1,1,16,3,25,48,9,2011,2014,1,25.241095889999997,28.241095889999997
0,4,4,216,375,220,434,4,12,0.0338983050847457,0.0170212765957446,55.0,13.33,36.16,6.11,6.94,54.0,31.2,0,0,0,0,4,2,9,2022,2022,1,34.35890411,34.35890411
0,1,8,60,672,55,529,2,11,0.0363636363636363,0.0508474576271186,27.5,16.66,48.09,5.5,4.72,30.0,61.0,0,0,0,0,1,5,0,2019,2019,0,20.60821918,20.60821918
1,11,2,390,180,301,71,10,4,0.1666666666666666,0.0634920634920634,30.1,42.33,17.75,4.63,2.36,39.0,45.0,0,1,0,0,13,1,10,2013,2013,1,26.65753425,26.65753425
0,5,28,294,4478,246,2129,4,54,0.0384615384615384,0.0675675675675675,61.5,15.41,39.42,5.02,2.85,73.5,82.9,0,0,2,0,5,15,9,2014,2013,0,35.63561644,34.63561644
