Player,Country,Role,ODI_Matches,T20_Matches,Test_Matches,Inns_ODI_batting,Inns_T20_batting,Inns_Test_batting,NO_ODI,NO_T20,NO_Test,Runs_ODI_batting,Runs_T20_batting,Runs_Test_batting,HS_ODI,HS_T20,HS_Test,Ave_ODI_batting,Ave_T20_batting,Ave_Test_batting,BF_ODI,BF_T20,BF_Test,SR_ODI_batting,SR_T20_batting,SR_Test_batting,100_ODI,100_T20,100_Test,50_ODI,50_T20,50_Test,0_ODI,0_T20,0_Test,Inns_ODI_bowling,Inns_T20_bowling,Inns_Test_bowling,Balls_ODI,Balls_T20,Balls_Test,Runs_ODI_bowling,Runs_T20_bowling,Runs_Test_bowling,Wkts_ODI,Wkts_T20,Wkts_Test,BBI_ODI,BBI_T20,BBI_Test,Ave_ODI_bowling,Ave_T20_bowling,Ave_Test_bowling,Econ_ODI,Econ_T20,Econ_Test,SR_ODI_bowling,SR_T20_bowling,SR_Test_bowling,4_ODI,4_T20,4_Test,5_ODI,5_T20,5_Test
A Balbirnie,IRE,Batter,64,37,3,61,33,6,4,2,0,1813,790,146,145*,83,82,31.8,25.48,24.33,2413,593,0,75.13,133.22,0,5,0,0,8,4,2,4,3,2,3,0,0,60,0,0,68,0,0,2,0,0,0,0,0,34,0,0,6.8,0,0,30,0,0,0,0,0,0,0,0
A Dananjaya,SL,All-rounder,36,22,6,27,12,10,5,4,2,283,49,135,50*,11*,43*,12.86,6.12,16.87,411,57,0,68.85,85.96,0,0,0,0,1,0,0,2,2,3,34,22,0,1773,0,0,1506,620,0,51,22,0,0,0,0,29.52,28.18,0,5.09,7.78,0,34.7,21.7,0,2,0,0,2,0,0
A Mishra,INDIA,All-rounder,36,10,22,11,1,32,3,0,2,43,0,648,14,0,84,5.37,0,21.6,82,0,0,52.43,0,0,0,0,0,0,0,4,2,1,4,34,10,0,1917,0,0,1511,240,0,64,16,0,0,0,0,23.6,15,0,4.72,6.31,0,29.9,14.2,0,2,0,0,2,0,0
A Nel,SA,All-rounder,79,2,36,22,1,42,12,1,8,127,0,337,30*,0*,34,12.7,0,9.91,166,2,0,76.5,0,0,0,0,0,0,0,0,2,0,11,76,2,0,3801,0,0,2935,42,0,106,2,0,0,0,0,27.68,21,0,4.63,5.25,0,35.8,24,0,3,0,0,1,0,0
A Nortje,SA,All-rounder,4,1,3,1,0,6,0,0,3,8,0,52,8,-,40,8,0,17.33,18,0,0,44.44,0,0,0,0,0,0,0,0,0,0,0,4,1,0,189,0,0,150,27,0,8,0,0,0,0,0,18.75,0,0,4.76,9,0,23.6,0,0,0,0,0,0,0,0
A Shahzad,ENG,All-rounder,11,3,1,8,1,1,2,1,0,39,0,5,9,0*,5,6.5,0,5,60,3,0,65,0,0,0,0,0,0,0,0,0,0,0,11,3,0,588,0,0,490,97,0,17,3,0,0,0,0,28.82,32.33,0,5,8.81,0,34.5,22,0,0,0,0,0,0,0
A Symonds,AUS,All-rounder,198,14,26,161,11,41,33,4,5,5088,337,1462,156,85*,162*,39.75,48.14,40.61,5504,199,0,92.44,169.34,0,6,0,2,30,2,10,15,2,4,158,12,0,5935,0,0,4955,277,0,133,8,0,0,0,0,37.25,34.62,0,5,8.98,0,44.6,23.1,0,2,0,0,1,0,0
AB Agarkar,INDIA,All-rounder,191,4,26,113,2,39,26,0,5,1269,15,571,95,14,109*,14.58,7.5,16.79,1574,11,0,80.62,136.36,0,0,0,1,3,0,0,10,0,9,188,3,0,9484,0,0,8021,85,0,288,3,0,0,0,0,27.85,28.33,0,5.07,8.09,0,32.9,21,0,10,0,0,2,0,0
AB Barath,WI,Batter,14,2,15,14,2,28,1,0,0,394,23,657,113,15,104,30.3,11.5,23.46,612,39,0,64.37,58.97,0,1,0,1,1,0,4,2,0,2,0,0,0,0,0,0,0,0,0,0,0,0,0,0,0,0,0,0,0,0,0,0,0,0,0,0,0,0,0,0
AC Agar,AUS,All-rounder,9,21,4,8,7,7,1,1,1,144,82,195,46,29,98,20.57,13.66,32.5,166,79,0,86.74,103.79,0,0,0,0,0,0,1,2,0,0,9,21,0,432,0,0,414,464,0,8,17,0,0,0,0,51.75,27.29,0,5.75,6.92,0,54,23.6,0,0,0,0,0,0,0
AC Voges,AUS,Batter,31,7,20,28,5,31,9,2,7,870,139,1485,112*,51,269*,45.78,46.33,61.87,998,114,0,87.17,121.92,0,1,0,5,4,1,4,0,0,2,15,1,0,301,0,0,276,5,0,6,2,0,0,0,0,46,2.5,0,5.5,2.5,0,50.1,6,0,0,0,0,0,0,0
AD Hales,ENG,Batter,70,60,11,67,60,21,3,7,0,2419,1644,573,171,116*,94,37.79,31.01,27.28,2527,1203,0,95.72,136.65,0,6,1,0,14,8,5,5,4,0,0,0,0,0,0,0,0,0,0,0,0,0,0,0,0,0,0,0,0,0,0,0,0,0,0,0,0,0,0,0
AD Mathews,SL,Batter,214,72,84,184,57,151,48,18,21,5812,1055,5704,139*,81*,160,42.73,27.05,43.87,6974,893,0,83.33,118.14,0,3,0,9,40,5,34,15,1,2,155,57,0,5083,0,0,3907,1101,0,115,37,0,0,0,0,33.97,29.75,0,4.61,6.81,0,44.2,26.1,0,1,0,0,1,0,0
AD Russell,WI,All-rounder,56,47,1,47,39,1,9,13,0,1034,465,2,92*,47,2,27.21,17.88,2,794,329,0,130.22,141.33,0,0,0,0,4,0,0,6,6,0,55,40,0,2290,0,0,2229,908,0,70,25,0,0,0,0,31.84,36.32,0,5.84,9.15,0,32.7,23.8,0,5,0,0,0,0,0
AG Cremer,ZIM,All-rounder,96,29,19,71,19,38,20,6,5,744,68,540,58,17,102*,14.58,5.23,16.36,1196,102,0,62.2,66.66,0,0,0,1,1,0,0,7,2,7,95,28,0,4680,0,0,3597,660,0,119,35,0,0,0,0,30.22,18.85,0,4.61,6.94,0,39.3,16.2,0,4,0,0,3,0,0
AJ Finch,AUS,Batter,119,58,5,115,58,10,2,9,0,4559,1878,278,153*,172,62,40.34,38.32,27.8,5093,1200,0,89.51,156.5,0,15,2,0,24,11,2,11,4,1,19,2,0,266,0,0,239,27,0,4,0,0,0,0,0,59.75,0,0,5.39,13.5,0,66.5,0,0,0,0,0,0,0,0
AJ Hall,SA,All-rounder,88,2,21,56,1,33,13,0,4,905,11,760,81,11,163,21.04,11,26.2,1206,10,0,75.04,110,0,0,0,1,3,0,3,5,0,7,78,2,0,3341,0,0,2515,60,0,95,3,0,0,0,0,26.47,20,0,4.51,7.5,0,35.1,16,0,3,0,0,1,0,0
AJ McKay,NZ,Bowler,19,2,1,10,1,2,7,0,1,12,0,25,4*,0,20*,4,0,25,47,1,0,25.53,0,0,0,0,0,0,0,0,3,1,0,19,2,0,926,0,0,800,31,0,27,2,0,0,0,0,29.62,15.5,0,5.18,5.47,0,34.2,17,0,2,0,0,0,0,0
AJ Redmond,NZ,Batter,6,7,8,6,6,16,0,0,1,152,126,325,52,63,83,25.33,21,21.66,259,84,0,58.68,150,0,0,0,0,1,1,2,0,0,1,0,1,0,0,0,0,0,24,0,0,2,0,0,0,0,0,12,0,0,8.47,0,0,8.5,0,0,0,0,0,0,0
AJ Strauss,ENG,Batter,127,4,100,126,4,178,8,0,6,4205,73,7037,158,33,177,35.63,18.25,40.91,5195,64,0,80.94,114.06,0,6,0,21,27,0,27,9,1,15,1,0,0,6,0,0,3,0,0,0,0,0,0,0,0,0,0,0,3,0,0,0,0,0,0,0,0,0,0,0
AK Markram,SA,Batter,26,2,20,24,2,37,1,0,0,643,18,1424,67*,15,152,27.95,9,38.48,755,17,0,85.16,105.88,0,0,0,4,2,0,6,1,0,5,6,0,0,120,0,0,132,0,0,3,0,0,0,0,0,44,0,0,6.6,0,0,40,0,0,0,0,0,0,0,0
AL Phehlukwayo,SA,Bowler,52,23,4,32,11,4,15,5,2,549,73,19,69*,27*,9,32.29,12.16,9.5,610,66,0,90,110.6,0,0,0,0,1,0,0,3,3,1,50,22,0,2077,0,0,1936,550,0,65,29,0,0,0,0,29.78,18.96,0,5.59,7.87,0,31.9,14.4,0,3,1,0,0,0,0
AM Blignaut,ZIM,All-rounder,54,1,19,41,1,36,8,0,3,626,8,886,63*,8,92,18.96,8,26.84,589,8,0,106.28,100,0,0,0,0,5,0,6,3,0,6,53,0,0,2348,0,0,2063,0,0,50,0,0,0,0,0,41.26,0,0,5.27,0,0,46.9,0,0,2,0,0,0,0,0
AM Rahane,INDIA,Batter,90,20,63,87,20,105,3,2,11,2962,375,4112,111,61,188,35.26,20.83,43.74,3767,331,0,78.63,113.29,0,3,0,11,24,1,22,6,2,6,0,0,0,0,0,0,0,0,0,0,0,0,0,0,0,0,0,0,0,0,0,0,0,0,0,0,0,0,0,0
AN Cook,ENG,Batter,92,4,161,92,4,291,4,0,16,3204,61,12472,137,26,294,36.4,15.25,45.35,4154,54,0,77.13,112.96,0,5,0,33,19,0,57,7,0,9,0,0,0,0,0,0,0,0,0,0,0,0,0,0,0,0,0,0,0,0,0,0,0,0,0,0,0,0,0,0
AN Petersen,SA,Batter,21,2,36,19,2,64,1,0,4,504,14,2093,80,8,182,28,7,34.88,610,19,0,82.62,73.68,0,0,0,5,4,0,8,0,0,3,1,0,0,6,0,0,7,0,0,0,0,0,0,0,0,0,0,0,7,0,0,0,0,0,0,0,0,0,0,0
AR Adams,NZ,All-rounder,42,4,1,34,2,2,10,1,0,419,13,18,45,7,11,17.45,13,9,417,12,0,100.47,108.33,0,0,0,0,0,0,0,1,0,0,40,4,0,1885,0,0,1643,105,0,53,3,0,0,0,0,31,35,0,5.22,8.18,0,35.5,25.6,0,2,0,0,1,0,0
AR McBrine,IRE,All-rounder,42,19,2,25,11,4,9,5,0,259,73,18,79,14*,11,16.18,12.16,4.5,356,70,0,72.75,104.28,0,0,0,0,1,0,0,1,1,1,40,13,0,2045,0,0,1489,216,0,42,13,0,0,0,0,35.45,16.61,0,4.36,7.44,0,48.6,13.3,0,0,0,0,0,0,0
AU Rashid,ENG,All-rounder,99,40,19,43,15,33,12,8,5,588,51,540,69,9*,61,18.96,7.28,19.28,574,61,0,102.43,83.6,0,0,0,0,1,0,2,4,0,3,93,38,0,4851,0,0,4547,1000,0,143,39,0,0,0,0,31.79,25.64,0,5.62,7.51,0,33.9,20.4,0,7,0,0,2,0,0
Abdur Rauf,PAK,All-rounder,4,1,3,0,0,6,0,0,0,0,0,52,-,-,31,0,0,8.66,0,0,0,0,0,0,0,0,0,0,0,0,0,0,2,4,1,0,214,0,0,212,21,0,8,0,0,0,0,0,26.5,0,0,5.94,7,0,26.7,0,0,0,0,0,0,0,0
Abdur Razzak,BDESH,All-rounder,153,34,13,97,20,22,39,10,6,779,41,248,53*,9,43,13.43,4.1,15.5,1020,74,0,76.37,55.4,0,0,0,0,1,0,0,12,5,1,152,33,0,7965,0,0,6065,838,0,207,44,0,0,0,0,29.29,19.04,0,4.56,6.88,0,38.4,16.5,0,5,1,0,4,0,0
Abdur Rehman,PAK,Batter,31,8,22,23,5,31,6,3,3,142,22,395,31,7*,60,8.35,11,14.1,263,29,0,53.99,75.86,0,0,0,0,0,0,2,4,0,4,31,8,0,1624,0,0,1142,192,0,30,11,0,0,0,0,38.06,17.45,0,4.21,7.38,0,54.1,14.1,0,1,0,0,0,0,0
Abu Jayed,BDESH,Batter,2,3,7,0,2,14,0,0,6,0,3,24,-,2,7*,0,1.5,3,0,7,0,0,42.85,0,0,0,0,0,0,0,0,0,4,2,3,0,108,0,0,114,106,0,5,4,0,0,0,0,22.8,26.5,0,6.33,9.63,0,21.6,16.5,0,0,0,0,1,0,0
Abul Hasan,BDESH,All-rounder,7,5,3,3,2,5,0,0,3,11,14,165,7,9,113,3.66,7,82.5,16,11,0,68.75,127.27,0,0,0,1,0,0,0,0,0,0,7,5,0,216,0,0,244,148,0,0,4,0,0,0,0,0,37,0,6.77,10.57,0,0,21,0,0,0,0,0,0,0
Afsar Zazai,AFG,Batter,17,1,3,16,1,6,1,0,1,264,9,135,60,9,48*,17.6,9,27,488,21,0,54.09,42.85,0,0,0,0,2,0,0,3,0,0,0,0,0,0,0,0,0,0,0,0,0,0,0,0,0,0,0,0,0,0,0,0,0,0,0,0,0,0,0,0
Aftab Ahmed,BDESH,Batter,85,11,16,85,11,31,6,1,3,1954,228,582,92,62*,82*,24.73,22.8,20.78,2353,178,0,83.04,128.08,0,0,0,0,14,1,1,8,0,4,30,1,0,739,0,0,656,8,0,12,0,0,0,0,0,54.66,0,0,5.32,24,0,61.5,0,0,0,0,0,1,0,0
Ahmed Shehzad,PAK,Batter,81,59,13,81,59,25,1,2,1,2605,1471,982,124,111*,176,32.56,25.8,40.91,3614,1282,0,72.08,114.74,0,6,1,3,14,7,4,7,2,1,9,1,0,115,0,0,140,10,0,2,0,0,0,0,0,70,0,0,7.3,10,0,57.5,0,0,0,0,0,0,0,0
Aizaz Cheema,PAK,Bowler,14,5,7,6,1,5,3,1,5,26,0,1,9*,0*,1*,8.66,0,0,45,3,0,57.77,0,0,0,0,0,0,0,0,0,0,0,14,5,0,658,0,0,593,116,0,23,8,0,0,0,0,25.78,14.5,0,5.4,6.82,0,28.6,12.7,0,2,1,0,0,0,0
Al-Amin Hossain,BDESH,Bowler,14,28,7,7,6,11,5,4,7,4,7,90,2*,5*,32*,2,3.5,22.5,20,12,0,20,58.33,0,0,0,0,0,0,0,2,1,0,14,26,0,603,0,0,523,673,0,21,40,0,0,0,0,24.9,16.82,0,5.2,7.36,0,28.7,13.7,0,2,0,0,0,0,0
Alok Kapali,BDESH,Batter,69,7,17,66,7,34,3,2,1,1235,57,584,115,19,85,19.6,11.4,17.69,1817,85,0,67.96,67.05,0,1,0,0,5,0,2,5,2,6,49,2,0,1452,0,0,1255,35,0,24,2,0,0,0,0,52.29,17.5,0,5.18,7,0,60.5,15,0,0,0,0,0,0,0
Aminul Islam,BDESH,Batter,39,4,13,39,3,26,5,2,1,794,14,530,70,9,145,23.35,14,21.2,1403,14,0,56.59,100,0,0,0,1,3,0,2,5,0,3,19,4,0,412,0,0,411,98,0,7,6,0,0,0,0,58.71,16.33,0,5.98,7,0,58.8,14,0,0,0,0,0,0,0
Amir Hamza,AFG,Bowler,31,31,1,16,9,2,9,5,0,23,40,35,7,21,34,3.28,10,17.5,94,38,0,24.46,105.26,0,0,0,0,0,0,0,1,1,0,31,31,0,1552,0,0,1016,716,0,40,29,0,0,0,0,25.4,24.68,0,3.92,6.75,0,38.8,21.9,0,1,0,0,0,0,0
Anamul Haque,BDESH,Batter,38,13,4,35,13,8,0,2,0,1052,355,73,120,58,22,30.05,32.27,9.12,1488,301,0,70.69,117.94,0,3,0,0,3,1,0,6,1,1,0,0,0,0,0,0,0,0,0,0,0,0,0,0,0,0,0,0,0,0,0,0,0,0,0,0,0,0,0,0
Ariful Haque,BDESH,Batter,1,9,2,0,8,4,0,4,1,0,59,88,-,18*,41*,0,14.75,29.33,0,61,0,0,96.72,0,0,0,0,0,0,0,0,1,0,1,1,0,18,0,0,17,13,0,0,1,0,0,0,0,0,13,0,5.66,13,0,0,6,0,0,0,0,0,0,0
Asad Shafiq,PAK,Batter,60,10,73,58,10,122,4,0,6,1336,192,4528,84,38,137,24.74,19.2,39.03,1979,185,0,67.5,103.78,0,0,0,12,9,0,26,5,0,13,2,0,0,12,0,0,18,0,0,0,0,0,0,0,0,0,0,0,9,0,0,0,0,0,0,0,0,0,0,0
Asghar Afghan,AFG,Batter,111,66,4,105,60,7,9,4,0,2356,1167,249,101,62,92,24.54,20.83,35.57,3531,1102,0,66.72,105.89,0,1,0,0,12,3,3,7,4,1,7,1,0,139,0,0,91,4,0,3,1,0,0,0,0,30.33,4,0,3.92,6,0,46.3,4,0,0,0,0,0,0,0
B Kumar,INDIA,Bowler,114,43,21,52,9,29,15,5,4,526,23,552,53*,9,63*,14.21,5.75,22.08,703,29,0,74.82,79.31,0,0,0,0,1,0,3,8,1,4,113,43,0,5451,0,0,4568,1088,0,132,41,0,0,0,0,34.6,26.53,0,5.02,7.04,0,41.2,22.5,0,4,0,0,1,1,0
B Lee,AUS,Bowler,221,25,76,110,12,90,44,6,18,1176,101,1451,59,43*,64,17.81,16.83,20.15,1407,71,0,83.58,142.25,0,0,0,0,3,0,5,16,2,14,217,25,9150,11185,0,1008391,8877,714,582794,380,28,18910,0,0,0,23.36,25.5,30.81,4.76,7.86,3.46,29.4,19.4,53.3,14,0,0,9,0,610
B Mavuta,ZIM,All-rounder,7,3,2,5,3,4,1,2,0,52,41,9,20,28,6,13,41,2.25,47,23,0,110.63,178.26,0,0,0,0,0,0,0,1,0,2,7,3,0,276,0,0,266,81,0,7,2,0,0,0,0,38,40.5,0,5.78,6.75,0,39.4,36,0,0,0,0,0,0,0
B Muzarabani,ZIM,All-rounder,18,6,1,15,3,2,7,2,1,16,1,14,7,1*,10,2,1,14,89,5,0,17.97,20,0,0,0,0,0,0,0,5,1,0,18,6,0,786,0,0,733,220,0,18,9,0,0,0,0,40.72,24.44,0,5.59,9.16,0,43.6,16,0,1,0,0,0,0,0
BA Parchment,WI,Batter,7,1,2,7,1,4,0,0,0,122,10,55,48,10,20,17.42,10,13.75,217,6,0,56.22,166.66,0,0,0,0,0,0,0,0,0,0,0,0,0,0,0,0,0,0,0,0,0,0,0,0,0,0,0,0,0,0,0,0,0,0,0,0,0,0,0,0
BA Stokes,ENG,Batter,95,23,60,81,20,110,15,5,4,2682,232,3787,102*,38,258,40.63,15.46,35.72,2855,178,0,93.94,130.33,0,3,0,8,20,0,20,5,1,12,80,18,0,2912,0,0,2920,496,0,70,10,0,0,0,0,41.71,49.6,0,6.01,8.91,0,41.6,33.4,0,1,0,0,1,0,0
BAW Mendis,SL,Bowler,87,39,19,42,8,19,19,5,6,188,8,213,21*,4*,78,8.17,2.66,16.38,263,17,0,71.48,47.05,0,0,0,0,0,0,1,10,0,2,84,39,0,4154,0,0,3324,952,0,152,66,0,0,0,0,21.86,14.42,0,4.8,6.45,0,27.3,13.4,0,7,3,0,3,2,0
BB Chari,ZIM,Batter,11,3,7,11,3,14,0,0,0,150,21,254,39,19,80,13.63,7,18.14,332,31,0,45.18,67.74,0,0,0,0,0,0,2,0,1,2,0,0,0,0,0,0,0,0,0,0,0,0,0,0,0,0,0,0,0,0,0,0,0,0,0,0,0,0,0,0
BB McCullum,NZ,Batter,260,71,101,228,70,176,28,10,9,6083,2140,6453,166,123,302,30.41,35.66,38.64,6312,1571,0,96.37,136.21,0,5,2,12,32,13,31,20,3,14,0,0,0,0,0,0,0,0,0,0,0,0,0,0,0,0,0,0,0,0,0,0,0,0,0,0,0,0,0,0
BJ Haddin,AUS,Batter,126,34,66,115,29,112,16,6,13,3122,402,3266,110,47,169,31.53,17.47,32.98,3706,351,0,84.24,114.52,0,2,0,4,16,0,18,2,2,8,0,0,0,0,0,0,0,0,0,0,0,0,0,0,0,0,0,0,0,0,0,0,0,0,0,0,0,0,0,0
BJ Hodge,AUS,Batter,25,15,6,21,11,11,2,4,2,575,183,503,123,36,203*,30.26,26.14,55.88,657,144,0,87.51,127.08,0,1,0,1,3,0,2,3,0,0,3,3,0,66,0,0,51,43,0,1,1,0,0,0,0,51,43,0,4.63,8.6,0,66,30,0,0,0,0,0,0,0
BJ Watling,NZ,Batter,28,5,67,25,4,106,2,0,15,573,38,3616,96*,22,205,24.91,9.5,39.73,838,58,0,68.37,65.51,0,0,0,8,5,0,18,3,0,9,0,0,0,0,0,0,0,0,0,0,0,0,0,0,0,0,0,0,0,0,0,0,0,0,0,0,0,0,0,0
BKG Mendis,SL,Batter,73,24,42,71,24,82,3,0,3,1973,473,2777,102,79,196,29.01,19.7,35.15,2367,353,0,83.35,133.99,0,1,0,6,16,5,10,10,2,7,2,0,0,20,0,0,28,0,0,0,0,0,0,0,0,0,0,0,8.4,0,0,0,0,0,0,0,0,0,0,0
BM Duckett,ENG,Batter,3,1,4,3,1,7,0,0,0,123,9,110,63,9,56,41,9,15.71,152,7,0,80.92,128.57,0,0,0,0,2,0,1,1,0,1,0,0,0,0,0,0,0,0,0,0,0,0,0,0,0,0,0,0,0,0,0,0,0,0,0,0,0,0,0,0
BOP Fernando,SL,Batter,6,3,4,6,3,7,0,1,1,128,97,277,49,78*,102,21.33,48.5,46.16,203,73,0,63.05,132.87,0,0,0,1,0,1,1,1,0,1,1,0,0,12,0,0,16,0,0,0,0,0,0,0,0,0,0,0,8,0,0,0,0,0,0,0,0,0,0,0
BRM Taylor,ZIM,Batter,193,38,28,192,38,56,15,5,4,6293,818,1840,145*,75*,171,35.55,24.78,35.38,8256,678,0,76.22,120.64,0,10,0,6,38,5,8,15,5,3,21,2,0,396,0,0,406,17,0,9,1,0,0,0,0,45.11,17,0,6.15,3.4,0,44,30,0,0,0,0,0,0,0
BT Foakes,ENG,Batter,1,1,5,1,0,10,1,0,2,61,0,332,61*,-,107,0,0,41.5,76,0,0,80.26,0,0,0,0,1,1,0,1,0,0,0,0,0,0,0,0,0,0,0,0,0,0,0,0,0,0,0,0,0,0,0,0,0,0,0,0,0,0,0,0,0
BV Vitori,ZIM,Bowler,24,11,4,14,2,7,3,2,2,86,8,52,20*,7*,19*,7.81,0,10.4,90,7,0,95.55,114.28,0,0,0,0,0,0,0,5,0,2,24,11,0,1193,0,0,1149,323,0,32,4,0,0,0,0,35.9,80.75,0,5.77,8.14,0,37.2,59.5,0,0,0,0,2,0,0
BW Hilfenhaus,AUS,Batter,25,7,27,11,3,38,8,1,12,29,2,355,16,2,56*,9.66,1,13.65,69,10,0,42.02,20,0,0,0,0,0,0,1,0,1,8,25,7,0,1216,0,0,1075,161,0,29,9,0,0,0,0,37.06,17.88,0,5.3,6.19,0,41.9,17.3,0,0,0,0,1,0,0
Babar Azam,PAK,Batter,74,36,25,72,36,47,10,8,7,3359,1405,1707,125*,97*,127*,54.17,50.17,42.67,3857,1102,0,87.08,127.49,0,11,0,4,15,12,13,2,0,6,0,0,0,0,0,0,0,0,0,0,0,0,0,0,0,0,0,0,0,0,0,0,0,0,0,0,0,0,0,0
Bilawal Bhatti,PAK,All-rounder,10,9,2,7,4,3,1,2,1,89,23,70,39,13*,32,14.83,11.5,35,75,14,0,118.66,164.28,0,0,0,0,0,0,0,1,1,0,10,9,0,409,0,0,439,255,0,6,5,0,0,0,0,73.16,51,0,6.44,9.8,0,68.1,31.2,0,0,0,0,0,0,0
C Munro,NZ,Batter,57,60,1,53,57,2,2,7,0,1271,1546,15,87,109*,15,24.92,30.92,7.5,1214,966,0,104.69,160.04,0,0,3,0,8,9,0,7,5,1,25,12,0,552,0,0,481,186,0,7,4,0,0,0,0,68.71,46.5,0,5.22,9.45,0,78.8,29.5,0,0,0,0,0,0,0
C de Grandhomme,NZ,Batter,38,33,21,29,31,32,6,7,4,633,479,1044,74*,59,105,27.52,19.95,37.28,590,321,0,107.28,149.22,0,0,0,1,3,3,7,2,3,4,38,18,0,1296,0,0,1046,432,0,24,10,0,0,0,0,43.58,43.2,0,4.84,9.03,0,54,28.7,0,0,0,0,0,0,0
CAK Rajitha,SL,All-rounder,9,10,7,3,4,9,2,2,2,0,8,22,0*,5,12,0,4,3.14,10,23,0,0,34.78,0,0,0,0,0,0,0,1,1,2,9,10,0,353,0,0,379,358,0,9,10,0,0,0,0,42.11,35.8,0,6.44,9.67,0,39.2,22.2,0,0,0,0,0,0,0
CAK Walton,WI,Batter,9,19,2,8,17,4,0,0,0,53,225,13,19,40,10,6.62,13.23,3.25,86,203,0,61.62,110.83,0,0,0,0,0,0,0,4,5,1,0,0,0,0,0,0,0,0,0,0,0,0,0,0,0,0,0,0,0,0,0,0,0,0,0,0,0,0,0,0
CB Mpofu,ZIM,All-rounder,83,30,15,40,10,28,20,6,10,48,33,105,6,17*,33,2.4,8.25,5.83,202,40,0,23.76,82.5,0,0,0,0,0,0,0,7,3,9,82,30,0,3900,0,0,3513,950,0,91,31,0,0,0,0,38.6,30.64,0,5.4,8.8,0,42.8,20.8,0,2,1,0,1,0,0
CBRLS Kumara,SL,Batter,13,3,19,6,1,27,3,0,13,17,4,49,7*,4,10,5.66,4,3.5,45,2,0,37.77,200,0,0,0,0,0,0,0,0,0,9,13,3,0,544,0,0,623,97,0,13,3,0,0,0,0,47.92,32.33,0,6.87,8.08,0,41.8,24,0,0,0,0,0,0,0
CD McMillan,NZ,Batter,197,8,55,183,7,91,16,1,10,4707,187,3116,117,57,142,28.18,31.16,38.46,6198,117,0,75.94,159.82,0,3,0,6,28,1,19,9,0,7,74,0,0,1879,0,0,1717,0,0,49,0,0,0,0,0,35.04,0,0,5.48,0,0,38.3,0,0,0,0,0,0,0,0
CH Morris,SA,All-rounder,42,23,4,27,13,7,4,4,0,467,133,173,62,55*,69,20.3,14.77,24.71,465,102,0,100.43,130.39,0,0,0,0,1,1,1,0,3,0,40,23,0,1894,0,0,1756,697,0,48,34,0,0,0,0,36.58,20.5,0,5.56,8.39,0,39.4,14.6,0,2,1,0,0,0,0
CJ Anderson,NZ,All-rounder,49,31,13,45,24,22,5,4,1,1109,485,683,131*,94*,116,27.72,24.25,32.52,1020,351,0,108.72,138.17,0,1,0,1,4,2,4,4,3,3,43,21,0,1485,0,0,1502,495,0,60,14,0,0,0,0,25.03,35.35,0,6.06,8.25,0,24.7,25.7,0,2,0,0,1,0,0
CJ Chibhabha,ZIM,Batter,103,33,3,103,32,6,2,0,0,2389,621,124,99,67,60,23.65,19.4,20.66,3784,570,0,63.13,108.94,0,0,0,0,16,5,1,7,3,0,58,22,0,1667,0,0,1615,455,0,35,14,0,0,0,0,46.14,32.5,0,5.81,8.45,0,47.6,23,0,1,0,0,0,0,0
CJ Ferguson,AUS,Batter,30,3,1,25,3,2,9,0,0,663,16,4,71*,8,3,41.43,5.33,2,777,19,0,85.32,84.21,0,0,0,0,5,0,0,0,1,0,0,0,0,0,0,0,0,0,0,0,0,0,0,0,0,0,0,0,0,0,0,0,0,0,0,0,0,0,0,0
CJ Jordan,ENG,All-rounder,31,43,8,21,25,11,7,11,1,169,216,180,38*,36,35,12.07,15.42,18,188,166,0,89.89,130.12,0,0,0,0,0,0,0,3,2,0,31,43,0,1532,0,0,1521,1300,0,43,54,0,0,0,0,35.37,24.07,0,5.95,8.58,0,35.6,16.8,0,0,2,0,1,0,0
CJ McKay,AUS,Bowler,59,6,1,31,4,1,10,2,0,190,19,10,30,7,10,9.04,9.5,10,337,22,0,56.37,86.36,0,0,0,0,0,0,0,3,1,0,59,6,0,2965,0,0,2364,183,0,97,4,0,0,0,0,24.37,45.75,0,4.78,8.07,0,30.5,34,0,4,0,0,2,0,0
CK Coventry,ZIM,Batter,39,13,2,35,12,4,1,2,0,831,127,88,194*,30,37,24.44,12.7,22,937,90,0,88.68,141.11,0,1,0,0,3,0,0,5,2,0,0,0,0,0,0,0,0,0,0,0,0,0,0,0,0,0,0,0,0,0,0,0,0,0,0,0,0,0,0,0
CK Kapugedera,SL,Batter,102,43,8,84,38,15,7,7,3,1624,703,418,95,50,96,21.09,22.67,34.83,2254,591,0,72.04,118.95,0,0,0,0,8,1,4,7,0,1,10,0,0,264,0,0,225,0,0,2,0,0,0,0,0,112.5,0,0,5.11,0,0,132,0,0,0,0,0,0,0,0
CK Langeveldt,SA,Bowler,72,9,6,21,3,4,10,2,2,73,4,16,12,2*,10,6.63,4,8,124,8,0,58.87,50,0,0,0,0,0,0,0,1,0,1,71,9,0,3489,0,0,2962,241,0,100,17,0,0,0,0,29.62,14.17,0,5.09,7.3,0,34.8,11.6,0,1,1,0,2,0,0
CL White,AUS,Batter,91,47,4,77,44,7,16,14,2,2072,984,146,105,85*,46,33.96,32.8,29.2,2586,740,0,80.12,132.97,0,2,0,0,11,5,0,4,3,0,19,5,0,331,0,0,351,51,0,12,1,0,0,0,0,29.25,51,0,6.36,7.28,0,27.5,42,0,0,0,0,0,0,0
CMW Read,ENG,Batter,36,1,15,24,1,23,7,0,4,300,13,360,30*,13,55,17.64,13,18.94,410,11,0,73.17,118.18,0,0,0,0,0,0,1,4,0,5,0,0,0,0,0,0,0,0,0,0,0,0,0,0,0,0,0,0,0,0,0,0,0,0,0,0,0,0,0,0
CR Brathwaite,WI,All-rounder,44,41,3,37,27,5,3,6,1,559,310,181,101,37*,69,16.44,14.76,45.25,614,274,0,91.04,113.13,0,1,0,0,1,0,3,2,3,1,40,39,0,1825,0,0,1766,1013,0,43,31,0,0,0,0,41.06,32.67,0,5.8,8.57,0,42.4,22.8,0,2,0,0,1,0,0
CR Ervine,ZIM,Batter,93,22,15,90,21,30,11,1,2,2571,461,941,130*,68*,160,32.54,23.05,33.6,3406,454,0,75.48,101.54,0,3,0,2,15,3,3,7,1,2,0,0,0,0,0,0,0,0,0,0,0,0,0,0,0,0,0,0,0,0,0,0,0,0,0,0,0,0,0,0
CR Woakes,ENG,All-rounder,99,8,32,68,7,53,20,4,11,1186,91,1145,95*,37,137*,24.7,30.33,27.26,1316,63,0,90.12,144.44,0,0,0,1,4,0,4,6,1,6,95,8,0,4638,0,0,4327,253,0,142,7,0,0,0,0,30.47,36.14,0,5.59,9.37,0,32.6,23.1,0,9,0,0,3,0,0
CS Baugh,WI,Batter,47,3,21,35,3,36,11,0,2,482,10,610,49,7,68,20.08,3.33,17.94,719,12,0,67.03,83.33,0,0,0,0,0,0,3,2,0,1,0,0,0,0,0,0,0,0,0,0,0,0,0,0,0,0,0,0,0,0,0,0,0,0,0,0,0,0,0,0
CS Martin,NZ,Batter,20,6,71,7,1,104,2,1,52,8,5,123,3,5*,12*,1.6,0,2.36,27,6,0,29.62,83.33,0,0,0,0,0,0,0,2,0,36,19,6,0,948,0,0,804,193,0,18,7,0,0,0,0,44.66,27.57,0,5.08,8.39,0,52.6,19.7,0,0,0,0,0,0,0
CT Tremlett,ENG,Batter,15,1,12,11,0,15,4,0,4,50,0,113,19*,-,25*,7.14,0,10.27,89,0,0,56.17,0,0,0,0,0,0,0,0,1,0,3,15,1,0,784,0,0,705,45,0,15,2,0,0,0,0,47,22.5,0,5.39,11.25,0,52.2,12,0,1,0,0,0,0,0
D Bishoo,WI,Batter,42,7,36,25,4,61,10,2,15,164,17,707,29*,8,45,10.93,8.5,15.36,263,29,0,62.35,58.62,0,0,0,0,0,0,0,8,1,10,40,7,0,2022,0,0,1668,137,0,38,7,0,0,0,0,43.89,19.57,0,4.94,6.79,0,53.2,17.2,0,0,1,0,0,0,0
D Ganga,WI,Batter,35,1,48,34,1,86,1,0,2,843,26,2160,71,26,135,25.54,26,25.71,1414,31,0,59.61,83.87,0,0,0,3,9,0,9,5,0,9,1,0,0,1,0,0,4,0,0,0,0,0,0,0,0,0,0,0,24,0,0,0,0,0,0,0,0,0,0,0
D Pretorius,SA,Bowler,22,6,1,10,2,6,1,2,1,135,87,62,50,77*,9,15,0,13.665,145,49,0,93.1,177.55,0,0,0,0,1,1,0,1,0,1,22,6,0,1022,0,0,813,116,0,29,3,0,0,0,0,28.03,38.66,0,4.77,8.28,0,35.2,28,0,0,0,0,0,0,0
D Ramdin,WI,Batter,139,71,74,110,50,126,22,16,14,2200,636,2898,169,55*,166,25,18.7,25.87,2738,551,0,80.35,115.42,0,2,0,4,8,1,15,4,3,9,0,0,0,0,0,0,0,0,0,0,0,0,0,0,0,0,0,0,0,0,0,0,0,0,0,0,0,0,0,0
DA Warner,AUS,Batter,116,76,83,114,76,153,5,8,6,4990,2079,7088,179,100*,335*,45.77,30.57,48.21,5222,1476,0,95.55,140.85,0,17,1,23,20,15,30,2,5,9,1,0,0,6,0,0,8,0,0,0,0,0,0,0,0,0,0,0,8,0,0,0,0,0,0,0,0,0,0,0
DAJ Bracewell,NZ,Batter,19,18,27,12,10,45,2,5,4,158,121,568,57,44,47,15.8,24.2,13.85,214,83,0,73.83,145.78,0,0,0,0,1,0,0,1,2,11,19,16,0,932,0,0,798,437,0,23,20,0,0,0,0,34.69,21.85,0,5.13,9.16,0,40.5,14.3,0,1,0,0,0,0,0
DAS Gunaratne,SL,All-rounder,31,12,6,25,12,10,4,3,2,575,225,455,114*,84*,116,27.38,25,56.87,724,178,0,79.41,126.4,0,1,0,1,1,2,3,0,2,1,25,10,0,834,0,0,723,204,0,22,5,0,0,0,0,32.86,40.8,0,5.2,8.21,0,37.9,29.8,0,0,0,0,0,0,0
DBL Powell,WI,All-rounder,55,5,37,25,1,57,3,1,5,118,1,407,48*,1*,36*,5.36,0,7.82,164,1,0,71.95,100,0,0,0,0,0,0,0,8,0,15,55,5,0,2850,0,0,2239,131,0,71,2,0,0,0,0,31.53,65.5,0,4.71,7.7,0,40.1,51,0,2,0,0,0,0,0
DE Bernard,WI,All-rounder,20,1,3,12,1,6,2,1,1,141,1,202,38,1*,69,14.1,0,40.4,219,1,0,64.38,100,0,0,0,0,0,0,3,1,0,0,17,1,0,624,0,0,526,17,0,14,0,0,0,0,0,37.57,0,0,5.05,4.25,0,44.5,0,0,0,0,0,0,0,0
DE Bollinger,AUS,Bowler,39,9,12,8,2,14,2,2,7,50,1,54,30,1*,21,8.33,0,7.71,54,1,0,92.59,100,0,0,0,0,0,0,0,1,0,3,39,9,0,1942,0,0,1482,249,0,62,9,0,0,0,0,23.9,27.66,0,4.57,7.11,0,31.3,23.3,0,3,0,0,2,0,0
DG Brownlie,NZ,Batter,16,5,14,15,5,25,1,0,1,361,6,711,63,5,109,25.78,1.2,29.62,486,18,0,74.27,33.33,0,0,0,1,1,0,4,0,3,3,0,0,0,0,0,0,0,0,0,0,0,0,0,0,0,0,0,0,0,0,0,0,0,0,0,0,0,0,0,0
DJ Bravo,WI,All-rounder,164,66,40,141,59,71,24,12,1,2968,1142,2200,112*,66*,113,25.36,24.29,31.42,3606,981,0,82.3,116.41,0,2,0,3,10,4,13,11,4,6,150,56,0,6511,0,0,5874,1470,0,199,52,0,0,0,0,29.51,28.26,0,5.41,8.46,0,32.7,20,0,6,2,0,1,0,0
DJ Malan,ENG,Batter,1,9,15,1,9,26,0,1,0,24,458,724,24,103*,140,24,57.25,27.84,30,293,0,80,156.31,0,0,1,1,0,5,6,0,0,1,0,1,0,0,0,0,0,27,0,0,1,0,0,0,0,0,27,0,0,13.5,0,0,12,0,0,0,0,0,0,0
DL Maddy,ENG,Batter,8,4,3,6,4,4,0,0,0,113,113,46,53,50,24,18.83,28.25,11.5,206,80,0,54.85,141.25,0,0,0,0,1,1,0,1,0,0,0,2,0,0,0,0,0,26,0,0,3,0,0,0,0,0,8.66,0,0,8.66,0,0,6,0,0,0,0,0,0,0
DM Bravo,WI,Batter,110,20,54,105,18,98,13,1,5,2839,340,3506,124,43*,218,30.85,20,37.69,4045,317,0,70.18,107.25,0,3,0,8,18,0,17,8,3,5,0,0,0,0,0,0,0,0,0,0,0,0,0,0,0,0,0,0,0,0,0,0,0,0,0,0,0,0,0,0
DM Richards,WI,Batter,8,1,3,7,1,6,0,0,0,179,0,125,59,0,69,25.57,0,20.83,251,1,0,71.31,0,0,0,0,0,2,0,1,0,1,1,0,0,0,0,0,0,0,0,0,0,0,0,0,0,0,0,0,0,0,0,0,0,0,0,0,0,0,0,0,0
DM de Silva,SL,Batter,42,13,29,39,13,55,7,0,4,814,257,1758,84,62,173,25.43,19.76,34.47,1073,252,0,75.86,101.98,0,0,0,6,4,1,5,3,0,6,35,7,0,1028,0,0,899,100,0,22,5,0,0,0,0,40.86,20,0,5.24,6.66,0,46.7,18,0,0,0,0,0,0,0
DR Flynn,NZ,Batter,20,5,24,17,5,45,2,0,5,228,59,1038,35,23,95,15.2,11.8,25.95,360,51,0,63.33,115.68,0,0,0,0,0,0,6,3,0,8,3,1,0,24,0,0,25,7,0,0,0,0,0,0,0,0,0,0,6.25,7,0,0,0,0,0,0,0,0,0,0
DR Martyn,AUS,Batter,208,4,67,182,4,109,51,0,14,5346,120,4406,144*,96,165,40.8,30,46.37,6877,74,0,77.73,162.16,0,5,0,13,37,1,23,10,0,7,31,0,0,794,0,0,704,0,0,12,0,0,0,0,0,58.66,0,0,5.31,0,0,66.1,0,0,0,0,0,0,0,0
DR Smith,WI,Batter,105,33,10,89,32,14,5,0,1,1560,582,320,97,72,105*,18.57,18.18,24.61,1683,474,0,92.69,122.78,0,0,0,1,8,3,0,14,1,4,73,11,0,2726,0,0,2285,212,0,61,7,0,0,0,0,37.45,30.28,0,5.02,8.95,0,44.6,20.2,0,3,0,0,1,0,0
DR Tuffey,NZ,All-rounder,94,3,26,52,2,36,21,1,10,295,5,427,36,5*,80*,9.51,5,16.42,372,5,0,79.3,100,0,0,0,0,0,0,1,7,1,6,92,3,0,4333,0,0,3534,93,0,110,3,0,0,0,0,32.12,31,0,4.89,9.3,0,39.3,20,0,2,0,0,0,0,0
DS Smith,WI,Batter,47,6,43,45,6,76,2,0,2,1059,203,1760,107,61,108,24.62,33.83,23.78,1506,161,0,70.31,126.08,0,1,0,1,5,2,8,4,0,7,2,0,0,17,0,0,17,0,0,0,0,0,0,0,0,0,0,0,6,0,0,0,0,0,0,0,0,0,0,0
DT Tiripano,ZIM,All-rounder,31,10,7,22,6,14,6,2,3,271,29,227,44,14,49*,16.93,7.25,20.63,468,34,0,57.9,85.29,0,0,0,0,0,0,0,1,2,2,29,10,0,1220,0,0,1122,278,0,28,11,0,0,0,0,40.07,25.27,0,5.51,8.05,0,43.5,18.8,0,0,0,0,1,0,0
Elias Sunny,BDESH,All-rounder,4,7,4,4,4,6,2,2,1,2,9,38,1*,5,20*,1,4.5,7.6,11,9,0,18.18,100,0,0,0,0,0,0,0,1,0,2,4,7,0,204,0,0,161,146,0,5,9,0,0,0,0,32.2,16.22,0,4.73,6.34,0,40.8,15.3,0,0,0,0,0,1,0
F Mutizwa,ZIM,Batter,17,3,1,15,3,2,2,0,0,403,38,24,79,22,18,31,12.66,12,502,36,0,80.27,105.55,0,0,0,0,4,0,0,2,1,0,0,0,0,0,0,0,0,0,0,0,0,0,0,0,0,0,0,0,0,0,0,0,0,0,0,0,0,0,0,0
FH Edwards,WI,Batter,50,20,55,22,4,88,14,2,28,73,10,394,13,7*,30,9.12,5,6.56,160,9,0,45.62,111.11,0,0,0,0,0,0,0,2,1,19,49,20,0,2138,0,0,1812,497,0,60,16,0,0,0,0,30.2,31.06,0,5.08,8.28,0,35.6,22.5,0,0,0,0,2,0,0
FL Reifer,WI,Batter,8,1,6,8,1,12,0,0,0,117,22,111,40,22,29,14.62,22,9.25,229,20,0,51.09,110,0,0,0,0,0,0,0,0,0,3,0,0,0,0,0,0,0,0,0,0,0,0,0,0,0,0,0,0,0,0,0,0,0,0,0,0,0,0,0,0
Faheem Ashraf,PAK,All-rounder,23,27,4,15,18,6,2,6,0,162,133,138,28,21,83,12.46,11.08,23,195,110,0,83.07,120.9,0,0,0,0,0,0,1,2,4,2,22,26,0,902,0,0,744,557,0,20,24,0,0,0,0,37.2,23.2,0,4.94,7.47,0,45.1,18.6,0,0,0,0,1,0,0
Fakhar Zaman,PAK,Batter,46,34,3,46,33,6,4,0,0,1958,756,192,210*,91,94,46.61,22.9,32,2056,553,0,95.23,136.7,0,4,0,0,13,4,2,5,2,0,7,1,0,135,0,0,111,12,0,1,0,0,0,0,0,111,0,0,4.93,12,0,135,0,0,0,0,0,0,0,0
Fawad Alam,PAK,Batter,38,24,3,36,17,6,12,6,0,966,194,250,114*,28,168,40.25,17.63,41.66,1297,169,0,74.47,114.79,0,1,0,1,6,0,0,3,1,0,13,6,0,398,0,0,377,95,0,5,8,0,0,0,0,75.4,11.87,0,5.68,6.33,0,79.6,11.2,0,0,0,0,0,0,0
G Gambhir,INDIA,Batter,147,37,58,143,36,104,11,2,5,5238,932,4154,150*,75,206,39.68,27.41,41.95,6144,783,0,85.25,119.02,0,11,0,9,34,7,22,11,2,7,1,0,0,6,0,0,13,0,0,0,0,0,0,0,0,0,0,0,13,0,0,0,0,0,0,0,0,0,0,0
GA Lamb,ZIM,All-rounder,15,5,1,14,4,2,3,2,0,197,32,46,37,14*,39,17.9,16,23,381,54,0,51.7,59.25,0,0,0,0,0,0,0,1,1,0,15,5,0,642,0,0,467,80,0,12,4,0,0,0,0,38.91,20,0,4.36,6.57,0,53.5,18.2,0,0,0,0,0,0,0
GB Brent,ZIM,All-rounder,70,3,4,54,1,6,20,0,0,408,2,35,59*,2,25,12,2,5.83,698,5,0,58.45,40,0,0,0,0,1,0,0,3,0,3,69,3,0,3390,0,0,2776,93,0,75,4,0,0,0,0,37.01,23.25,0,4.91,8.45,0,45.2,16.5,0,3,0,0,0,0,0
GB Hogg,AUS,Bowler,123,15,7,65,4,10,26,0,3,790,55,186,71*,41,79,20.25,13.75,26.57,1004,39,0,78.68,141.02,0,0,0,0,2,0,1,9,0,0,113,15,0,5564,0,0,4188,373,0,156,7,0,0,0,0,26.84,53.28,0,4.51,7.61,0,35.6,42,0,3,0,0,2,0,0
GC Tonge,WI,All-rounder,5,1,1,4,0,2,2,0,1,10,0,25,5,-,23*,5,0,25,16,0,0,62.5,0,0,0,0,0,0,0,0,0,0,0,5,1,0,300,0,0,224,25,0,5,1,0,0,0,0,44.8,25,0,4.48,6.25,0,60,24,0,1,0,0,0,0,0
GC Wilson,IRE,Batter,105,78,2,99,65,4,12,8,1,2072,1239,45,113,65*,33*,23.81,21.73,15,2880,1185,0,71.94,104.55,0,1,0,0,12,3,0,6,4,2,0,0,0,0,0,0,0,0,0,0,0,0,0,0,0,0,0,0,0,0,0,0,0,0,0,0,0,0,0,0
GH Dockrell,IRE,Bowler,87,73,1,57,33,2,22,14,0,579,251,64,62*,34*,39,16.54,13.21,32,835,207,0,69.34,121.25,0,0,0,0,2,0,0,5,4,0,85,69,0,4232,0,0,3327,1539,0,89,75,0,0,0,0,37.38,20.52,0,4.71,6.95,0,47.5,17.7,0,4,1,0,0,0,0
GJ Batty,ENG,Batter,10,1,9,8,1,12,2,0,2,30,4,149,17,4,38,5,4,14.9,73,7,0,41.09,57.14,0,0,0,0,0,0,0,1,0,2,9,1,0,440,0,0,366,17,0,5,0,0,0,0,0,73.2,0,0,4.99,5.66,0,88,0,0,0,0,0,0,0,0
GJ Hopkins,NZ,Batter,25,10,4,17,8,7,1,0,1,236,86,71,45,36,15,14.75,10.75,11.83,311,71,0,75.88,121.12,0,0,0,0,0,0,0,3,0,0,0,0,0,0,0,0,0,0,0,0,0,0,0,0,0,0,0,0,0,0,0,0,0,0,0,0,0,0,0,0
GJ Maxwell,AUS,All-rounder,110,61,7,100,54,14,11,9,1,2877,1576,339,102,145*,104,32.32,35.02,26.07,2332,985,0,123.37,160,0,1,3,1,19,7,0,9,1,0,86,40,0,2698,0,0,2525,704,0,50,26,0,0,0,0,50.5,27.07,0,5.61,7.48,0,53.9,21.6,0,2,0,0,0,0,0
GP Swann,ENG,Bowler,79,39,60,48,16,76,12,11,14,500,104,1370,34,34,85,13.88,20.8,22.09,553,89,0,90.41,116.85,0,0,0,0,0,0,5,3,2,5,76,38,6649,3809,0,936289,2888,859,466162,104,51,15555,0,0,0,27.76,16.84,29.96,4.54,6.36,2.98,36.6,15.8,60.1,3,0,0,1,0,1037
H Klaasen,SA,Batter,14,9,1,13,9,2,2,2,0,251,156,11,59,69,6,22.81,22.28,5.5,291,107,0,86.25,145.79,0,0,0,0,1,1,0,1,0,0,0,0,0,0,0,0,0,0,0,0,0,0,0,0,0,0,0,0,0,0,0,0,0,0,0,0,0,0,0,0
H Masakadza,ZIM,Batter,209,66,38,208,66,76,4,2,2,5658,1662,2223,178*,93*,158,27.73,25.96,30.04,7728,1418,0,73.21,117.2,0,5,0,5,34,11,8,15,1,10,85,9,0,1844,0,0,1636,113,0,39,2,0,0,0,0,41.94,56.5,0,5.32,9.41,0,47.2,36,0,0,0,0,0,0,0
HD Rutherford,NZ,Batter,4,8,16,4,7,29,0,0,1,15,151,755,11,62,171,3.75,21.57,26.96,56,105,0,26.78,143.8,0,0,0,1,0,1,1,0,1,2,0,0,0,0,0,0,0,0,0,0,0,0,0,0,0,0,0,0,0,0,0,0,0,0,0,0,0,0,0,0
HDRL Thirimanne,SL,Batter,127,26,35,106,20,68,14,2,6,3194,291,1404,139*,44,155*,34.71,16.16,22.64,4419,267,0,72.27,108.98,0,4,0,1,21,0,6,7,1,9,4,0,0,104,0,0,94,0,0,3,0,0,0,0,0,31.33,0,0,5.42,0,0,34.6,0,0,0,0,0,0,0,0
HE van der Dussen,SA,Batter,18,9,1,14,8,2,5,0,0,664,254,57,95,64,51,73.77,31.75,28.5,811,192,0,81.87,132.29,0,0,0,0,7,2,1,0,1,0,0,0,0,0,0,0,0,0,0,0,0,0,0,0,0,0,0,0,0,0,0,0,0,0,0,0,0,0,0,0
HH Gibbs,SA,Batter,248,23,90,240,23,154,16,1,7,8094,400,6167,175,90*,228,36.13,18.18,41.95,9721,318,0,83.26,125.78,0,21,0,14,37,3,26,22,4,11,0,0,0,0,0,0,0,0,0,0,0,0,0,0,0,0,0,0,0,0,0,0,0,0,0,0,0,0,0,0
HH Pandya,INDIA,All-rounder,54,40,11,38,25,18,6,6,1,957,310,532,83,33*,108,29.9,16.31,31.29,828,210,0,115.57,147.61,0,0,0,1,4,0,4,3,2,2,53,39,0,2368,0,0,2195,976,0,54,38,0,0,0,0,40.64,25.68,0,5.56,8.35,0,43.8,18.4,0,0,1,0,0,0,0
HJH Marshall,NZ,Batter,66,3,13,62,3,19,9,0,2,1454,12,652,101*,8,160,27.43,4,38.35,1990,14,0,73.06,85.71,0,1,0,2,12,0,2,3,0,1,0,0,0,0,0,0,0,0,0,0,0,0,0,0,0,0,0,0,0,0,0,0,0,0,0,0,0,0,0,0
HM Nicholls,NZ,Batter,45,5,31,43,4,47,10,0,5,1120,19,1711,124*,7,162*,33.93,4.75,40.73,1359,28,0,82.41,67.85,0,1,0,5,9,0,9,5,0,4,0,0,0,0,0,0,0,0,0,0,0,0,0,0,0,0,0,0,0,0,0,0,0,0,0,0,0,0,0,0
HMCM Bandara,SL,All-rounder,31,4,8,17,3,11,4,1,3,160,12,124,31,7,43,12.3,6,15.5,224,15,0,71.42,80,0,0,0,0,0,0,0,3,0,2,28,4,0,1470,0,0,1232,96,0,36,4,0,0,0,0,34.22,24,0,5.02,6.85,0,40.8,21,0,2,0,0,0,0,0
HMRKB Herath,SL,Bowler,71,17,93,30,6,144,15,3,28,140,8,1699,17*,3,80*,9.33,2.66,14.64,217,12,0,64.51,66.66,0,0,0,0,0,0,3,3,0,23,67,17,10370,3242,0,1585573,2362,373,741577,74,18,26413,0,0,0,31.91,20.72,28.07,4.37,6.13,2.8,43.8,20.2,60,1,0,0,0,1,2074
Haris Sohail,PAK,Batter,41,14,13,40,13,22,5,2,1,1614,210,744,130,52,147,46.11,19.09,35.42,1895,204,0,85.17,102.94,0,2,0,2,13,2,2,1,1,1,21,0,0,642,0,0,613,0,0,11,0,0,0,0,0,55.72,0,0,5.72,0,0,58.3,0,0,0,0,0,0,0,0
Hasan Ali,PAK,All-rounder,53,30,9,29,10,15,9,5,5,280,61,155,59,23,29,14,12.2,15.5,247,35,0,113.36,174.28,0,0,0,0,2,0,0,3,2,3,51,30,0,2548,0,0,2381,877,0,82,35,0,0,0,0,29.03,25.05,0,5.6,8.47,0,31,17.7,0,1,0,0,3,0,0
Hashmatullah Shahidi,AFG,Batter,39,1,3,39,1,6,6,1,2,1062,1,138,97*,1*,61,32.18,0,34.5,1667,1,0,63.7,100,0,0,0,0,9,0,1,4,0,0,2,0,0,18,0,0,25,0,0,0,0,0,0,0,0,0,0,0,8.33,0,0,0,0,0,0,0,0,0,0,0
I Sharma,INDIA,Bowler,80,14,96,28,3,127,13,2,43,72,8,703,13,5*,57,4.8,8,8.36,203,9,0,35.46,88.88,0,0,0,0,0,0,1,5,1,31,78,14,10553,3733,0,1098610,3563,400,582184,115,8,17812,0,0,0,30.98,50,32.68,5.72,8.63,3.17,32.4,34.7,61.6,6,0,0,0,0,610
IDR Bradshaw,WI,All-rounder,62,1,5,34,1,8,11,1,1,287,0,96,37,0*,33,12.47,0,13.71,480,0,0,59.79,0,0,0,0,0,0,0,0,6,0,1,62,1,0,3172,0,0,2299,22,0,78,0,0,0,0,0,29.47,0,0,4.34,5.5,0,40.6,0,0,0,0,0,0,0,0
IE O'Brien,NZ,Batter,10,4,22,2,0,34,2,0,5,3,0,219,3*,-,31,0,0,7.55,11,0,0,27.27,0,0,0,0,0,0,0,0,0,0,8,10,4,0,453,0,0,488,116,0,14,6,0,0,0,0,34.85,19.33,0,6.46,8.92,0,32.3,13,0,0,0,0,0,0,0
IG Butler,NZ,All-rounder,26,19,8,13,6,10,5,5,2,84,5,76,25,2*,26,10.5,5,9.5,154,10,0,54.54,50,0,0,0,0,0,0,0,2,0,2,25,18,0,1109,0,0,1038,481,0,28,23,0,0,0,0,37.07,20.91,0,5.61,8.06,0,39.6,15.5,0,1,0,0,0,0,0
IJL Trott,ENG,Batter,68,7,52,65,7,93,10,1,6,2819,138,3835,137,51,226,51.25,23,44.08,3658,144,0,77.06,95.83,0,4,0,9,22,1,19,5,0,8,10,0,0,183,0,0,166,0,0,2,0,0,0,0,0,83,0,0,5.44,0,0,91.5,0,0,0,0,0,0,0,0
IK Pathan,INDIA,All-rounder,120,24,29,87,14,40,21,7,5,1544,172,1105,83,33*,102,23.39,24.57,31.57,1941,144,0,79.54,119.44,0,0,0,1,5,0,6,7,0,5,118,23,0,5855,0,0,5142,618,0,173,28,0,0,0,0,29.72,22.07,0,5.26,8.02,0,33.8,16.5,0,5,0,0,2,0,0
IR Bell,ENG,Batter,161,8,118,157,8,205,14,1,24,5416,188,7727,141,60*,235,37.87,26.85,42.69,7019,163,0,77.16,115.33,0,4,0,22,35,1,46,6,0,14,6,0,0,88,0,0,88,0,0,6,0,0,0,0,0,14.66,0,0,6,0,0,14.6,0,0,0,0,0,0,0,0
IS Sodhi,NZ,Bowler,31,40,17,13,7,25,2,3,4,67,59,448,24,15,63,6.09,14.75,21.33,88,56,0,76.13,105.35,0,0,0,0,0,0,3,4,1,4,30,39,0,1548,0,0,1430,1131,0,39,47,0,0,0,0,36.66,24.06,0,5.54,8.16,0,39.6,17.6,0,1,0,0,0,0,0
Ibrahim Zadran,AFG,Batter,1,3,2,1,3,4,0,0,0,2,14,148,2,11,87,2,4.66,37,9,26,0,22.22,53.84,0,0,0,0,0,0,1,0,0,0,0,0,0,0,0,0,0,0,0,0,0,0,0,0,0,0,0,0,0,0,0,0,0,0,0,0,0,0,0,0
Iftikhar Ahmed,PAK,Batter,4,6,3,4,6,5,2,4,0,68,150,48,32*,62*,27,34,75,9.6,73,104,0,93.15,144.23,0,0,0,0,0,1,0,0,0,1,4,1,0,138,0,0,101,7,0,1,0,0,0,0,0,101,0,0,4.39,7,0,138,0,0,0,0,0,0,0,0
Iftikhar Anjum,PAK,Bowler,62,2,1,34,0,1,19,0,1,234,0,9,32,-,9*,15.6,0,0,378,0,0,61.9,0,0,0,0,0,0,0,0,4,0,0,60,2,0,2960,0,0,2430,67,0,77,1,0,0,0,0,31.55,67,0,4.92,8.37,0,38.4,48,0,2,0,0,1,0,0
Imam-ul-Haq,PAK,Batter,37,2,11,37,2,21,5,0,2,1723,21,485,151,14,76,53.84,10.5,25.52,2141,25,0,80.47,84,0,7,0,0,6,0,3,2,0,3,0,0,0,0,0,0,0,0,0,0,0,0,0,0,0,0,0,0,0,0,0,0,0,0,0,0,0,0,0,0
Imran Farhat,PAK,Batter,58,7,40,58,7,77,2,0,2,1719,76,2400,107,19,128,30.69,10.85,32,2489,70,0,69.06,108.57,0,1,0,3,13,0,14,3,1,3,8,0,0,116,0,0,110,0,0,6,0,0,0,0,0,18.33,0,0,5.68,0,0,19.3,0,0,0,0,0,0,0,0
Imran Nazir,PAK,Batter,79,25,8,79,24,13,2,1,0,1895,500,427,160,72,131,24.61,21.73,32.84,2339,370,0,81.01,135.13,0,2,0,2,9,3,1,10,2,3,4,0,0,49,0,0,48,0,0,1,0,0,0,0,0,48,0,0,5.87,0,0,49,0,0,0,0,0,0,0,0
Imrul Kayes,BDESH,Batter,78,14,39,78,13,76,2,0,2,2434,119,1797,144,36,150,32.02,9.15,24.28,3423,134,0,71.1,88.8,0,4,0,3,16,0,4,2,4,4,0,0,0,0,0,0,0,0,0,0,0,0,0,0,0,0,0,0,0,0,0,0,0,0,0,0,0,0,0,0
J Lewis,ENG,All-rounder,13,2,1,8,2,2,2,1,0,50,1,27,17,1,20,8.33,1,13.5,63,4,0,79.36,25,0,0,0,0,0,0,0,0,0,0,13,2,0,716,0,0,500,55,0,18,4,0,0,0,0,27.77,13.75,0,4.18,7.85,0,39.7,10.5,0,1,1,0,0,0,0
J Mubarak,SL,Batter,40,16,13,37,15,23,6,4,1,704,238,385,72,46*,49,22.7,21.63,17.5,1115,188,0,63.13,126.59,0,0,0,0,4,0,0,1,2,5,8,2,0,129,0,0,95,17,0,2,1,0,0,0,0,47.5,17,0,4.41,12.75,0,64.5,8,0,0,0,0,0,0,0
J Nyumbu,ZIM,All-rounder,19,2,3,14,2,6,4,2,1,46,7,38,18,6*,14,4.6,0,7.6,89,11,0,51.68,63.63,0,0,0,0,0,0,0,3,0,0,18,2,0,844,0,0,738,76,0,17,0,0,0,0,0,43.41,0,0,5.24,12.66,0,49.6,0,0,0,0,0,0,0,0
JA Richardson,AUS,Bowler,12,9,2,7,3,1,2,2,0,68,13,1,29,7*,1,13.6,13,1,84,6,0,80.95,216.66,0,0,0,0,0,0,0,0,1,0,12,9,0,648,0,0,632,287,0,24,9,0,0,0,0,26.33,31.88,0,5.85,8.44,0,27,22.6,0,1,0,0,0,0,0
JAH Marshall,NZ,Batter,10,3,7,10,2,11,0,0,0,250,14,218,161,13,52,25,7,19.81,313,15,0,79.87,93.33,0,1,0,0,1,0,1,2,0,2,0,0,0,0,0,0,0,0,0,0,0,0,0,0,0,0,0,0,0,0,0,0,0,0,0,0,0,0,0,0
JC Archer,ENG,All-rounder,14,1,7,7,0,12,3,0,0,13,0,97,7*,-,30,3.25,0,8.08,22,0,0,59.09,0,0,0,0,0,0,0,0,1,0,0,14,1,0,737,0,0,569,29,0,23,2,0,0,0,0,24.73,14.5,0,4.63,7.25,0,32,12,0,0,0,0,0,0,0
JC Buttler,ENG,Batter,142,66,38,117,58,68,23,11,6,3843,1260,2046,150,73*,106,40.88,26.8,33,3207,912,0,119.83,138.15,0,9,0,1,20,7,15,12,3,5,0,0,0,0,0,0,0,0,0,0,0,0,0,0,0,0,0,0,0,0,0,0,0,0,0,0,0,0,0,0
JC Tredwell,ENG,Bowler,45,17,2,25,6,2,11,3,0,163,32,45,30,22,37,11.64,10.66,22.5,242,20,0,67.35,160,0,0,0,0,0,0,0,3,1,0,44,15,0,2104,0,0,1666,416,0,60,7,0,0,0,0,27.76,59.42,0,4.75,7.87,0,35,45.2,0,3,0,0,0,0,0
JD Campbell,WI,Batter,6,2,6,5,2,12,0,0,2,248,11,298,179,11,55,49.6,5.5,29.8,214,16,0,115.88,68.75,0,1,0,0,0,0,1,0,1,1,1,1,0,6,0,0,13,1,0,0,0,0,0,0,0,0,0,0,13,1,0,0,0,0,0,0,0,0,0,0
JD Ryder,NZ,Batter,48,22,18,42,21,33,1,1,2,1362,457,1269,107,62,201,33.21,22.85,40.93,1429,358,0,95.31,127.65,0,3,0,3,6,3,6,5,2,4,19,5,0,407,0,0,412,68,0,12,2,0,0,0,0,34.33,34,0,6.07,6.8,0,33.9,30,0,0,0,0,0,0,0
JD Unadkat,INDIA,Bowler,7,10,1,0,0,2,0,0,1,0,0,2,0,-,1*,0,0,2,0,0,0,0,0,0,0,0,0,0,0,0,0,0,0,7,10,0,312,0,0,209,301,0,8,14,0,0,0,0,26.12,21.5,0,4.01,8.68,0,39,14.8,0,1,0,0,0,0,0
JDP Oram,NZ,All-rounder,160,36,33,116,30,59,15,7,10,2434,474,1780,101*,66*,133,24.09,20.6,36.32,2810,339,0,86.61,139.82,0,1,0,5,13,2,6,8,3,4,154,32,0,6911,0,0,5047,793,0,173,19,0,0,0,0,29.17,41.73,0,4.38,8.71,0,39.9,28.7,0,3,0,0,2,0,0
JDS Neesham,NZ,All-rounder,59,18,12,50,15,22,10,4,1,1247,185,709,97*,42,137*,31.17,16.81,33.76,1260,131,0,98.96,141.22,0,0,0,2,6,0,4,2,1,2,55,16,0,1772,0,0,1814,323,0,59,13,0,0,0,0,30.74,24.84,0,6.14,8.57,0,30,17.3,0,2,0,0,1,0,0
JE Root,ENG,Batter,143,32,89,135,30,164,21,5,12,5856,893,7359,133*,90*,254,51.36,35.72,48.41,6702,707,0,87.37,126.3,0,16,0,17,33,5,45,4,2,8,64,9,0,1414,0,0,1364,139,0,22,6,0,0,0,0,62,23.16,0,5.78,9.92,0,64.2,14,0,0,0,0,0,0,0
JE Taylor,WI,All-rounder,90,30,46,42,15,73,9,6,7,278,118,856,43*,21,106,8.42,13.11,12.96,323,92,0,86.06,128.26,0,0,0,1,0,0,1,7,1,12,88,30,0,4341,0,0,3780,863,0,128,33,0,0,0,0,29.53,26.15,0,5.22,8.63,0,33.9,18.1,0,3,0,0,1,0,0
JEC Franklin,NZ,All-rounder,110,38,31,80,31,46,27,8,7,1270,463,808,98*,60,122*,23.96,20.13,20.71,1651,391,0,76.92,118.41,0,0,0,1,4,2,2,5,2,6,97,26,0,3848,0,0,3354,417,0,81,20,0,0,0,0,41.4,20.85,0,5.22,7.65,0,47.5,16.3,0,0,1,0,1,0,0
JJ Bumrah,INDIA,Bowler,58,42,12,13,6,17,8,4,8,19,8,18,10*,7,6,3.8,4,2,43,13,0,44.18,61.53,0,0,0,0,0,0,0,4,1,5,58,42,0,3009,0,0,2254,1029,0,103,51,0,0,0,0,21.88,20.17,0,4.49,6.71,0,29.2,18,0,5,0,0,1,0,0
JJ Roy,ENG,Batter,84,32,5,81,32,10,2,0,0,3381,743,187,180,78,72,42.79,23.21,18.7,3148,512,0,107.4,145.11,0,9,0,0,18,4,1,7,4,1,0,0,0,0,0,0,0,0,0,0,0,0,0,0,0,0,0,0,0,0,0,0,0,0,0,0,0,0,0,0
JL Denly,ENG,Batter,13,10,11,11,9,21,0,1,0,293,92,651,67,30,94,26.63,11.5,31,447,93,0,65.54,98.92,0,0,0,0,2,0,6,0,2,0,3,5,0,66,0,0,60,85,0,1,7,0,0,0,0,60,12.14,0,5.45,7.72,0,66,9.4,0,0,1,0,0,0,0
JL Pattinson,AUS,Batter,15,4,20,8,2,24,4,2,9,42,5,415,13,5*,47*,10.5,0,27.66,80,3,0,52.5,166.66,0,0,0,0,0,0,0,0,0,2,15,4,0,727,0,0,681,104,0,16,3,0,0,0,0,42.56,34.66,0,5.62,8,0,45.4,26,0,1,0,0,0,0,0
JM Anderson,ENG,Bowler,194,19,150,79,4,211,43,3,89,273,1,1181,28,1*,81,7.58,1,9.68,561,2,0,48.66,50,0,0,0,0,0,0,1,10,1,26,191,19,17080,9584,0,1985977,7861,552,952027,269,18,35197,0,0,0,29.22,30.66,27.04,4.92,7.84,2.87,35.6,23.4,56.4,11,0,0,2,0,1647
JM Bairstow,ENG,Batter,74,34,70,68,29,123,8,6,7,2861,603,4030,141*,68,167*,47.68,26.21,34.74,2749,450,0,104.07,134,0,9,0,6,11,3,21,5,2,10,0,0,0,0,0,0,0,0,0,0,0,0,0,0,0,0,0,0,0,0,0,0,0,0,0,0,0,0,0,0
JM How,NZ,Batter,41,5,19,37,5,35,1,0,1,1046,56,772,139,31,92,29.05,11.2,22.7,1572,67,0,66.53,83.58,0,1,0,0,7,0,4,3,0,4,0,0,0,0,0,0,0,0,0,0,0,0,0,0,0,0,0,0,0,0,0,0,0,0,0,0,0,0,0,0
JM Vince,ENG,Batter,13,12,13,11,12,22,0,0,0,265,340,548,51,59,83,24.09,28.33,24.9,299,275,0,88.62,123.63,0,0,0,0,1,1,3,1,0,2,0,0,0,0,0,0,0,0,0,0,0,0,0,0,0,0,0,0,0,0,0,0,0,0,0,0,0,0,0,0
JN Gillespie,AUS,Bowler,97,1,71,39,1,93,16,0,28,289,24,1218,44*,24,201*,12.56,24,18.73,368,18,0,78.53,133.33,0,0,0,1,0,0,2,8,0,13,96,1,8357,5144,0,868274,3611,49,412970,142,1,15799,0,0,0,25.42,49,26.13,4.21,12.25,2.85,36.2,24,54.9,3,0,0,3,0,488
JO Holder,WI,All-rounder,112,17,40,89,11,69,19,2,11,1798,111,1898,99*,26*,202*,25.68,12.33,32.72,1907,84,0,94.28,132.14,0,0,0,3,9,0,8,9,2,3,108,17,0,5179,0,0,4777,524,0,133,13,0,0,0,0,35.91,40.3,0,5.53,8.42,0,38.9,28.6,0,4,0,0,2,0,0
JP Duminy,SA,Batter,199,81,46,179,75,80,40,25,10,5117,1934,2133,150*,96*,166,36.81,38.68,18.925,6052,1532,0,84.55,126.24,0,4,0,6,27,11,8,7,6,10,135,41,0,3513,0,0,3143,599,0,69,21,0,0,0,0,45.55,28.52,0,5.36,7.76,0,50.9,22,0,1,0,0,0,0,0
JP Faulkner,AUS,All-rounder,69,24,1,52,18,2,22,7,0,1032,159,45,116,41*,23,34.4,14.45,22.5,990,138,0,104.24,115.21,0,1,0,0,4,0,0,4,0,0,67,24,0,3211,0,0,2962,684,0,96,36,0,0,0,0,30.85,19,0,5.53,7.96,0,33.4,14.3,0,4,0,0,0,1,0
JR Hazlewood,AUS,All-rounder,44,7,51,13,0,62,11,0,29,37,0,402,11*,-,39,18.5,0,12.18,57,0,0,64.91,0,0,0,0,0,0,0,0,1,0,10,43,7,0,2294,0,0,1811,269,0,72,8,0,0,0,0,25.15,33.62,0,4.73,9.6,0,31.8,21,0,1,1,0,3,0,0
JS Foster,ENG,Batter,11,5,7,6,5,12,3,2,3,41,37,226,13,14*,48,13.66,12.33,25.11,71,32,0,57.74,115.62,0,0,0,0,0,0,0,0,0,1,0,0,0,0,0,0,0,0,0,0,0,0,0,0,0,0,0,0,0,0,0,0,0,0,0,0,0,0,0,0
JS Patel,NZ,All-rounder,43,11,24,15,4,38,8,1,8,95,9,381,34,5,47,13.57,3,12.7,162,14,0,58.64,64.28,0,0,0,0,0,0,0,1,1,7,42,10,0,2014,0,0,1691,269,0,49,16,0,0,0,0,34.51,16.81,0,5.03,8.11,0,41.1,12.4,0,0,0,0,0,0,0
JT Ball,ENG,All-rounder,18,2,4,6,0,8,2,0,0,38,0,67,28,-,31,9.5,0,8.37,49,0,0,77.55,0,0,0,0,0,0,0,0,2,0,1,18,2,0,947,0,0,980,83,0,21,2,0,0,0,0,46.66,41.5,0,6.2,11.85,0,45,21,0,0,0,0,1,0,0
JW Hastings,AUS,All-rounder,29,9,1,21,6,2,11,2,0,271,46,52,51,15,32,27.1,11.5,26,273,37,0,99.26,124.32,0,0,0,0,1,0,0,1,0,0,29,9,0,1486,0,0,1256,247,0,42,7,0,0,0,0,29.9,35.28,0,5.07,7.96,0,35.3,26.5,0,1,0,0,1,0,0
Jahurul Islam,BDESH,Batter,14,3,7,13,3,14,1,0,1,270,31,347,53,18,48,22.5,10.33,26.69,371,23,0,72.77,134.78,0,0,0,0,1,0,0,2,0,2,0,0,0,0,0,0,0,0,0,0,0,0,0,0,0,0,0,0,0,0,0,0,0,0,0,0,0,0,0,0
Javed Ahmadi,AFG,Batter,44,3,2,41,2,4,0,0,0,976,6,105,81,6,62,23.8,3,26.25,1291,7,0,75.6,85.71,0,0,0,0,7,0,1,2,1,0,17,0,0,398,0,0,319,0,0,9,0,0,0,0,0,35.44,0,0,4.8,0,0,44.2,0,0,1,0,0,0,0,0
Jubair Hossain,BDESH,All-rounder,3,1,6,1,0,5,0,0,2,5,0,13,5,-,7*,5,0,4.33,9,0,0,55.55,0,0,0,0,0,0,0,0,0,0,1,3,1,0,114,0,0,114,20,0,4,2,0,0,0,0,28.5,10,0,6,10,0,28.5,6,0,0,0,0,0,0,0
Junaid Khan,PAK,All-rounder,76,9,22,31,2,28,17,2,11,68,3,122,25,3*,17,4.85,0,7.17,127,4,0,53.54,75,0,0,0,0,0,0,0,6,0,5,76,9,0,3601,0,0,3216,236,0,110,8,0,0,0,0,29.23,29.5,0,5.35,8.74,0,32.7,20.2,0,4,0,0,0,0,0
Junaid Siddique,BDESH,Batter,54,7,19,53,7,37,1,0,0,1196,159,969,100,71,106,23,22.71,26.18,1753,108,0,68.22,147.22,0,1,0,1,6,1,7,6,1,2,2,0,0,12,0,0,13,0,0,0,0,0,0,0,0,0,0,0,6.5,0,0,0,0,0,0,0,0,0,0,0
K Rabada,SA,All-rounder,75,21,41,28,4,60,12,2,10,259,5,586,31*,5*,34,16.18,2.5,11.72,333,12,0,77.77,41.66,0,0,0,0,0,0,0,2,2,11,73,21,0,3842,0,0,3199,648,0,117,28,0,0,0,0,27.34,23.14,0,4.99,8.37,0,32.8,16.5,0,6,0,0,1,0,0
KAJ Roach,WI,All-rounder,92,11,56,57,1,90,34,1,17,308,3,890,34,3*,41,13.39,0,12.19,576,2,0,53.47,150,0,0,0,0,0,0,0,8,0,13,90,11,0,4459,0,0,3763,284,0,124,10,0,0,0,0,30.34,28.4,0,5.06,7.28,0,35.9,23.4,0,3,0,0,3,0,0
KD Mills,NZ,All-rounder,170,42,19,101,19,30,34,7,5,1047,137,289,54,33*,57,15.62,11.41,11.56,1282,123,0,81.66,111.38,0,0,0,0,2,0,1,8,4,5,169,42,0,8230,0,0,6485,1228,0,240,43,0,0,0,0,27.02,28.55,0,4.72,8.21,0,34.2,20.8,0,8,0,0,1,0,0
KDK Vithanage,SL,Batter,6,3,10,6,3,16,1,0,2,75,40,370,27,38,103*,15,13.33,26.42,90,34,0,83.33,117.64,0,0,0,1,0,0,1,0,0,1,2,0,0,12,0,0,17,0,0,0,0,0,0,0,0,0,0,0,8.5,0,0,0,0,0,0,0,0,0,0,0
KJ Abbott,SA,All-rounder,28,21,11,13,6,14,4,4,0,76,23,95,23,9*,17,8.44,11.5,6.78,126,20,0,60.31,115,0,0,0,0,0,0,0,1,0,4,27,21,0,1303,0,0,1051,579,0,34,26,0,0,0,0,30.91,22.26,0,4.83,7.96,0,38.3,16.7,0,2,0,0,0,0,0
KJ O'Brien,IRE,All-rounder,142,90,3,130,83,6,17,10,1,3490,1504,258,142,124,118,30.88,20.6,51.6,3922,1124,0,88.98,133.8,0,2,1,1,18,3,1,5,10,0,113,51,0,4224,0,0,3672,1134,0,113,58,0,0,0,0,32.49,19.55,0,5.21,7.53,0,37.3,15.5,0,5,1,0,0,0,0
KL Rahul,INDIA,Batter,26,34,36,25,31,60,4,5,2,889,1138,2006,111,110*,199,42.33,43.76,34.58,1098,777,0,80.96,146.46,0,3,2,5,5,8,11,2,1,6,0,0,0,0,0,0,0,0,0,0,0,0,0,0,0,0,0,0,0,0,0,0,0,0,0,0,0,0,0,0
KM Dabengwa,ZIM,All-rounder,37,8,3,34,7,6,7,3,0,514,46,90,45,16*,35,19.03,11.5,15,851,40,0,60.39,115,0,0,0,0,0,0,0,4,0,1,35,7,0,1109,0,0,936,106,0,23,2,0,0,0,0,40.69,53,0,5.06,9.63,0,48.2,33,0,0,0,0,0,0,0
KM Jarvis,ZIM,All-rounder,49,22,12,33,12,22,10,5,10,222,55,126,37,27,25*,9.65,7.85,10.5,337,64,0,65.87,85.93,0,0,0,0,0,0,0,4,4,4,49,22,0,2362,0,0,2088,665,0,58,28,0,0,0,0,36,23.75,0,5.3,8.9,0,40.7,16,0,2,0,0,0,0,0
KMA Paul,WI,All-rounder,16,18,3,11,12,6,3,5,0,161,142,96,46,29,47,20.12,20.28,16,194,123,0,82.98,115.44,0,0,0,0,0,0,0,1,0,1,16,18,0,740,0,0,737,540,0,20,24,0,0,0,0,36.85,22.5,0,5.97,8.3,0,37,16.2,0,0,0,0,0,1,0
KMDN Kulasekara,SL,All-rounder,184,58,21,123,30,28,37,9,1,1327,215,391,73,31,64,15.43,10.23,14.48,1629,184,0,81.46,116.84,0,0,0,0,4,0,1,13,4,4,181,58,0,8263,0,0,6751,1530,0,199,66,0,0,0,0,33.92,23.18,0,4.9,7.45,0,41.5,18.6,0,4,2,0,1,0,0
KO Meth,ZIM,All-rounder,11,2,2,8,1,4,0,1,1,106,6,72,53,6*,31*,13.25,0,24,183,6,0,57.92,100,0,0,0,0,1,0,0,2,0,0,9,2,0,406,0,0,419,64,0,6,0,0,0,0,0,69.83,0,0,6.19,9.14,0,67.6,0,0,0,0,0,0,0,0
KOA Powell,WI,Batter,46,1,40,44,1,76,0,0,1,1005,12,2011,83,12,134,22.84,12,26.81,1278,14,0,78.63,85.71,0,0,0,3,9,0,6,4,0,7,0,0,0,0,0,0,0,0,0,0,0,0,0,0,0,0,0,0,0,0,0,0,0,0,0,0,0,0,0,0
KS Lokuarachchi,SL,All-rounder,21,2,4,18,2,5,3,0,1,210,11,94,69,11,28*,14,5.5,23.5,262,13,0,80.15,84.61,0,0,0,0,1,0,0,2,1,0,21,2,0,1011,0,0,725,48,0,31,2,0,0,0,0,23.38,24,0,4.3,8,0,32.6,18,0,1,0,0,0,0,0
KS Williamson,NZ,Batter,149,57,78,142,55,137,14,7,13,6132,1505,6379,148,73*,242*,47.9,31.35,51.44,7494,1236,0,81.82,121.76,0,13,0,21,39,9,31,5,2,9,65,12,0,1467,0,0,1310,164,0,37,6,0,0,0,0,35.4,27.33,0,5.35,8.33,0,39.6,19.6,0,1,0,0,0,0,0
KTGD Prasad,SL,Batter,24,1,25,12,0,39,6,0,2,129,0,476,31*,-,47,21.5,0,12.86,146,0,0,88.35,0,0,0,0,0,0,0,0,1,0,8,24,1,0,1015,0,0,976,37,0,32,0,0,0,0,0,30.5,0,0,5.76,12.33,0,31.7,0,0,0,0,0,0,0,0
KV Sharma,INDIA,All-rounder,2,1,1,0,0,2,0,0,1,0,0,8,0,-,4*,0,0,8,0,0,0,0,0,0,0,0,0,0,0,0,0,0,0,2,1,0,114,0,0,125,28,0,0,1,0,0,0,0,0,28,0,6.57,7,0,0,24,0,0,0,0,0,0,0
Kamran Akmal,PAK,Batter,157,58,53,138,53,92,14,6,6,3236,987,2648,124,73,158*,26.09,21,30.79,3855,825,0,83.94,119.63,0,5,0,6,10,5,12,10,7,14,0,0,0,0,0,0,0,0,0,0,0,0,0,0,0,0,0,0,0,0,0,0,0,0,0,0,0,0,0,0
Khurram Manzoor,PAK,Batter,7,3,16,7,3,30,0,0,1,236,11,817,83,10,146,33.71,3.66,28.17,375,27,0,62.93,40.74,0,0,0,1,3,0,7,1,1,3,0,0,0,0,0,0,0,0,0,0,0,0,0,0,0,0,0,0,0,0,0,0,0,0,0,0,0,0,0,0
Kuldeep Yadav,INDIA,Bowler,56,19,6,20,2,6,12,1,0,101,20,51,19,16,26,12.62,20,8.5,173,20,0,58.38,100,0,0,0,0,0,0,0,1,0,2,54,19,0,2952,0,0,2455,499,0,99,37,0,0,0,0,24.79,13.48,0,4.98,6.97,0,29.8,11.5,0,4,1,0,1,1,0
L Balaji,INDIA,All-rounder,30,5,8,16,0,9,6,0,0,120,0,51,21*,-,31,12,0,5.66,152,0,0,78.94,0,0,0,0,0,0,0,0,2,0,4,30,5,0,1447,0,0,1344,121,0,34,10,0,0,0,0,39.52,12.1,0,5.57,7.56,0,42.5,9.6,0,1,0,0,0,0,0
L Ngidi,SA,All-rounder,22,7,5,9,2,9,6,1,4,47,6,15,19*,4,5,15.66,6,3,66,9,0,71.21,66.66,0,0,0,0,0,0,0,0,0,2,22,7,0,1026,0,0,947,128,0,41,11,0,0,0,0,23.09,11.63,0,5.53,6.4,0,25,10.9,0,2,1,0,0,0,0
L Vincent,NZ,Batter,102,9,23,99,9,40,10,0,1,2413,174,1332,172,42,224,27.11,19.33,34.15,3453,174,0,69.88,100,0,3,0,3,11,0,9,8,1,4,3,0,0,20,0,0,25,0,0,1,0,0,0,0,0,25,0,0,7.5,0,0,20,0,0,0,0,0,0,0,0
LA Dawson,ENG,All-rounder,3,6,3,2,2,6,0,1,2,14,17,84,10,10,66*,7,17,21,17,8,0,82.35,212.5,0,0,0,0,0,0,1,0,0,3,2,6,0,84,0,0,96,152,0,3,5,0,0,0,0,32,30.4,0,6.85,7.6,0,28,24,0,0,0,0,0,0,0
LD Chandimal,SL,Batter,146,54,55,132,47,100,21,4,7,3599,800,3846,111,58,164,32.42,18.6,41.35,4855,766,0,74.12,104.43,0,4,0,11,22,4,18,11,0,4,0,0,0,0,0,0,0,0,0,0,0,0,0,0,0,0,0,0,0,0,0,0,0,0,0,0,0,0,0,0
LE Plunkett,ENG,All-rounder,89,22,13,50,11,20,19,4,5,646,42,238,56,18,55*,20.83,6,15.86,629,34,0,102.7,123.52,0,0,0,0,1,0,1,3,3,7,87,22,0,4137,0,0,4010,627,0,135,25,0,0,0,0,29.7,25.08,0,5.81,7.9,0,30.6,19,0,6,0,0,1,0,0
LH Ferguson,NZ,Bowler,36,8,1,15,1,2,7,0,2,62,1,1,19,1,1*,7.75,1,0,125,3,0,49.6,33.33,0,0,0,0,0,0,0,4,0,0,36,8,0,1902,0,0,1719,222,0,67,14,0,0,0,0,25.65,15.85,0,5.42,7.16,0,28.3,13.2,0,2,0,0,1,0,0
LL Tsotsobe,SA,Bowler,61,23,5,21,3,5,13,2,2,56,2,19,16*,1*,8*,7,2,6.33,109,10,0,51.37,20,0,0,0,0,0,0,0,3,0,2,60,23,0,2964,0,0,2347,541,0,94,18,0,0,0,0,24.96,30.05,0,4.75,6.93,0,31.5,26,0,7,0,0,0,0,0
LMP Simmons,WI,Batter,68,49,8,65,48,16,3,7,0,1958,990,278,122,82*,49,31.58,24.14,17.37,2680,848,0,73.05,116.74,0,2,0,0,16,6,0,9,6,1,12,3,0,156,0,0,172,55,0,1,6,0,0,0,0,172,9.16,0,6.61,9.16,0,156,6,0,0,1,0,0,0,0
LPC Silva,SL,Batter,75,16,11,62,15,17,7,2,1,1587,175,537,107*,38,152*,28.85,13.46,33.56,2254,177,0,70.4,98.87,0,1,0,1,13,0,2,6,0,3,2,2,0,42,0,0,33,15,0,1,1,0,0,0,0,33,15,0,4.71,5,0,42,18,0,0,0,0,0,0,0
LRPL Taylor,NZ,Batter,228,95,98,212,87,173,37,19,20,8376,1743,7130,181*,63,290,47.86,25.63,46.6,10091,1430,0,83,121.88,0,20,0,19,50,5,33,9,5,14,4,0,0,42,0,0,35,0,0,0,0,0,0,0,0,0,0,0,5,0,0,0,0,0,0,0,0,0,0,0
LS Baker,WI,All-rounder,10,3,4,4,0,6,2,0,4,13,0,23,11*,-,17,6.5,0,11.5,23,0,0,56.52,0,0,0,0,0,0,0,0,1,0,1,9,3,0,426,0,0,355,58,0,11,2,0,0,0,0,32.27,29,0,5,7.25,0,38.7,24,0,0,0,0,0,0,0
Liton Das,BDESH,Batter,33,25,18,33,25,31,2,0,1,768,497,744,121,61,94,24.77,19.88,24.8,871,360,0,88.17,138.05,0,1,0,0,3,2,4,4,2,1,0,0,0,0,0,0,0,0,0,0,0,0,0,0,0,0,0,0,0,0,0,0,0,0,0,0,0,0,0,0
M Kartik,INDIA,Bowler,37,1,8,14,0,10,5,0,1,126,0,88,32*,-,43,14,0,9.77,178,0,0,70.78,0,0,0,0,0,0,0,0,1,0,2,36,1,0,1907,0,0,1612,27,0,37,0,0,0,0,0,43.56,0,0,5.07,6.75,0,51.5,0,0,0,0,0,1,0,0
M Vijay,INDIA,Batter,17,9,61,16,9,105,0,0,1,339,169,3982,72,48,167,21.18,18.77,38.28,506,154,0,66.99,109.74,0,0,0,12,1,0,15,0,1,8,2,1,0,36,0,0,37,9,0,1,0,0,0,0,0,37,0,0,6.16,4.5,0,36,0,0,0,0,0,0,0,0
M de Lange,SA,Bowler,4,6,2,0,0,2,0,0,0,0,0,9,0,-,9,0,0,4.5,0,0,0,0,0,0,0,0,0,0,0,0,0,0,1,4,6,0,209,0,0,198,228,0,10,7,0,0,0,0,19.8,32.57,0,5.68,9.77,0,20.9,20,0,1,0,0,0,0,0
MA Carberry,ENG,Batter,6,1,6,6,1,12,0,0,0,114,7,345,63,7,60,19,7,28.75,180,7,0,63.33,100,0,0,0,0,1,0,1,0,0,2,1,0,0,6,0,0,12,0,0,0,0,0,0,0,0,0,0,0,12,0,0,0,0,0,0,0,0,0,0,0
MA Starc,AUS,All-rounder,85,28,56,46,6,84,18,2,17,348,12,1493,52*,4,99,12.42,3,22.28,389,18,0,89.46,66.66,0,0,0,0,1,0,10,7,0,11,85,28,0,4315,0,0,3611,718,0,172,39,0,0,0,0,20.99,18.41,0,5.02,6.74,0,25,16.3,0,11,0,0,7,0,0
MA Wood,ENG,All-rounder,51,5,13,17,2,23,10,2,5,56,10,297,13,5*,52,8,0,16.5,63,12,0,88.88,83.33,0,0,0,0,0,0,1,3,0,2,50,5,0,2585,0,0,2385,148,0,61,11,0,0,0,0,39.09,13.45,0,5.53,8.45,0,42.3,9.5,0,2,0,0,0,0,0
MC Henriques,AUS,Batter,11,11,4,10,8,8,1,3,1,81,159,164,18,62*,81*,9,31.8,23.42,119,122,0,68.06,130.32,0,0,0,0,0,2,2,0,0,2,10,7,0,354,0,0,306,158,0,7,4,0,0,0,0,43.71,39.5,0,5.18,9.29,0,50.5,25.5,0,0,0,0,0,0,0
MD Gunathilaka,SL,Batter,38,21,8,37,21,16,1,0,0,1249,452,299,133,57,61,34.69,21.52,18.68,1454,365,0,85.9,123.83,0,2,0,0,8,2,2,1,0,0,18,9,0,306,0,0,296,128,0,6,5,0,0,0,0,49.33,25.6,0,5.8,8.17,0,51,18.8,0,0,0,0,0,0,0
MD Shanaka,SL,Batter,22,35,3,19,35,6,1,7,1,468,434,29,68,54,17,26,15.5,5.8,404,386,0,115.84,112.43,0,0,0,0,3,1,0,1,7,2,12,14,0,282,0,0,274,182,0,10,10,0,0,0,0,27.4,18.2,0,5.82,7.53,0,28.2,14.5,0,0,0,0,1,0,0
MDK Perera,SL,Batter,13,3,41,12,2,73,0,0,8,152,1,1208,30,1,95,12.66,0.5,18.58,199,6,0,76.38,16.66,0,0,0,0,0,0,6,0,1,13,10,3,0,456,0,0,409,72,0,13,3,0,0,0,0,31.46,24,0,5.38,7.2,0,35,20,0,0,0,0,0,0,0
MDKJ Perera,SL,Batter,98,42,18,93,42,33,5,0,3,2739,1171,934,135,84,153*,31.12,27.88,31.13,2945,867,0,93,135.06,0,5,0,2,14,11,4,8,0,5,0,0,0,0,0,0,0,0,0,0,0,0,0,0,0,0,0,0,0,0,0,0,0,0,0,0,0,0,0,0
ME Trescothick,ENG,Batter,123,3,76,122,3,143,6,0,10,4335,166,5825,137,72,219,37.37,55.33,43.79,5087,131,0,85.21,126.71,0,12,0,14,21,2,29,13,0,12,13,0,0,232,0,0,219,0,0,4,0,0,0,0,0,54.75,0,0,5.66,0,0,58,0,0,0,0,0,0,0,0
MEK Hussey,AUS,Batter,185,38,79,157,30,137,44,11,16,5442,721,6235,109*,60*,195,48.15,37.94,51.52,6243,529,0,87.16,136.29,0,3,0,19,39,4,29,3,1,12,13,1,0,240,0,0,235,5,0,2,0,0,0,0,0,117.5,0,0,5.87,5,0,120,0,0,0,0,0,0,0,0
MF Maharoof,SL,All-rounder,109,8,22,75,5,34,18,1,4,1113,33,556,69*,13*,72,19.52,8.25,18.53,1294,43,0,86.01,76.74,0,0,0,0,2,0,3,3,1,1,105,8,0,4640,0,0,3789,199,0,135,7,0,0,0,0,28.06,28.42,0,4.89,7.37,0,34.3,23.1,0,4,0,0,2,0,0
MG Johnson,AUS,Bowler,153,30,73,91,17,109,32,7,16,951,109,2065,73*,28*,123*,16.11,10.9,22.2,987,95,0,96.35,114.73,0,0,0,1,2,0,11,6,2,19,150,30,8540,7489,0,976061,6038,797,542351,239,38,19093,0,0,0,25.26,20.97,28.4,4.83,7.28,3.33,31.3,17.2,51.1,9,0,0,3,0,732
MJ Clarke,AUS,Batter,245,34,115,223,28,198,44,5,22,7981,488,8643,130,67,329*,44.58,21.21,49.1,10104,473,0,78.98,103.17,0,8,0,28,58,1,27,10,2,9,106,15,0,2585,0,0,2146,225,0,57,6,0,0,0,0,37.64,37.5,0,4.98,8.65,0,45.3,26,0,1,0,0,1,0,0
MJ Guptill,NZ,Batter,179,83,47,176,80,89,19,7,1,6626,2436,2586,237*,105,189,42.2,33.36,29.38,7586,1810,0,87.34,134.58,0,16,2,3,35,15,17,15,2,10,11,1,0,109,0,0,98,11,0,4,0,0,0,0,0,24.5,0,0,5.39,11,0,27.2,0,0,0,0,0,0,0,0
MJ Henry,NZ,All-rounder,52,6,11,21,2,15,7,1,4,211,10,221,48*,10,66,15.07,10,20.09,211,5,0,100,200,0,0,0,0,0,0,1,3,0,2,50,6,0,2703,0,0,2437,191,0,92,7,0,0,0,0,26.48,27.28,0,5.4,8.68,0,29.3,18.8,0,7,0,0,2,0,0
MJ Mason,NZ,Bowler,26,3,1,7,1,2,4,0,0,24,2,3,13*,2,3,8,2,1.5,45,2,0,53.33,100,0,0,0,0,0,0,0,1,0,1,25,3,0,1179,0,0,1024,65,0,31,2,0,0,0,0,33.03,32.5,0,5.21,7.22,0,38,27,0,1,0,0,0,0,0
MJ North,AUS,Batter,2,1,21,2,1,35,0,0,2,6,20,1171,5,20,128,3,20,35.48,19,21,0,31.57,95.23,0,0,0,5,0,0,4,0,0,5,1,0,0,18,0,0,16,0,0,0,0,0,0,0,0,0,0,0,5.33,0,0,0,0,0,0,0,0,0,0,0
MJ Prior,ENG,Batter,68,10,79,62,8,123,9,2,21,1282,127,4099,87,32,131*,24.18,21.16,40.18,1670,100,0,76.76,127,0,0,0,7,3,0,28,5,1,13,0,0,0,0,0,0,0,0,0,0,0,0,0,0,0,0,0,0,0,0,0,0,0,0,0,0,0,0,0,0
MJ Santner,NZ,All-rounder,69,39,22,54,27,29,21,10,0,898,263,741,67,37,126,27.21,15.47,25.55,1021,205,0,87.95,128.29,0,0,0,1,2,0,2,3,3,2,64,38,0,3079,0,0,2510,928,0,69,49,0,0,0,0,36.37,18.93,0,4.89,7.2,0,44.6,15.7,0,0,1,0,1,0,0
ML Nkala,ZIM,All-rounder,50,1,10,35,1,15,5,0,2,324,1,187,47,1,47,10.8,1,14.38,526,3,0,61.59,33.33,0,0,0,0,0,0,0,5,0,4,46,0,0,1582,0,0,1570,0,0,22,0,0,0,0,0,71.36,0,0,5.95,0,0,71.9,0,0,0,0,0,0,0,0
ML Udawatte,SL,Batter,9,8,2,9,8,4,0,0,0,257,96,23,73,25,19,28.55,12,5.75,383,87,0,67.1,110.34,0,0,0,0,2,0,0,1,2,2,0,0,0,0,0,0,0,0,0,0,0,0,0,0,0,0,0,0,0,0,0,0,0,0,0,0,0,0,0,0
MM Ali,ENG,Batter,101,25,60,82,22,104,13,6,8,1766,235,2782,128,72*,155*,25.59,14.68,28.97,1697,198,0,104.06,118.68,0,3,0,5,5,1,14,5,6,14,95,22,0,4654,0,0,4089,519,0,84,15,0,0,0,0,48.67,34.6,0,5.27,8.6,0,55.4,24.1,0,1,0,0,0,0,0
MM Patel,INDIA,Bowler,70,3,13,27,1,14,16,0,6,74,0,60,15,0,15*,6.72,0,7.5,112,1,0,66.07,0,0,0,0,0,0,0,0,4,1,4,67,3,0,3154,0,0,2603,86,0,86,4,0,0,0,0,30.26,21.5,0,4.95,8.6,0,36.6,15,0,3,0,0,0,0,0
MN Samuels,WI,Batter,207,67,71,196,65,127,26,10,7,5606,1611,3917,133*,89*,260,32.97,29.29,32.64,7463,1386,0,75.11,116.23,0,10,0,7,30,10,24,11,0,14,134,30,0,5091,0,0,4127,622,0,89,22,0,0,0,0,46.37,28.27,0,4.86,7.79,0,57.2,21.7,0,0,0,0,0,0,0
MN Waller,ZIM,Batter,79,32,14,72,31,28,6,8,1,1259,613,577,99*,68,72*,19.07,26.65,21.37,1639,443,0,76.81,138.37,0,0,0,0,5,1,4,10,2,4,30,3,0,666,0,0,566,42,0,10,0,0,0,0,0,56.6,0,0,5.09,8.4,0,66.6,0,0,0,0,0,0,0,0
MP Vaughan,ENG,Batter,86,2,82,83,2,147,10,0,9,1982,27,5719,90*,27,197,27.15,13.5,41.44,2898,22,0,68.39,122.72,0,0,0,18,16,0,18,9,1,9,28,0,0,796,0,0,649,0,0,16,0,0,0,0,0,40.56,0,0,4.89,0,0,49.7,0,0,1,0,0,0,0,0
MR Adair,IRE,All-rounder,9,17,1,8,14,2,2,4,0,117,152,11,32,38,8,19.5,15.2,5.5,101,118,0,115.84,128.81,0,0,0,0,0,0,0,0,1,0,9,17,0,484,0,0,509,413,0,15,27,0,0,0,0,33.93,15.29,0,6.3,6.57,0,32.2,13.9,0,2,1,0,0,0,0
MR Gillespie,NZ,All-rounder,32,11,5,14,6,8,8,4,1,93,21,76,28,7,27,15.5,10.5,10.85,118,29,0,78.81,72.41,0,0,0,0,0,0,0,1,0,3,31,10,0,1521,0,0,1369,255,0,37,10,0,0,0,0,37,25.5,0,5.4,7.28,0,41.1,21,0,1,1,0,0,0,0
MR Marsh,AUS,Batter,53,11,32,49,11,55,9,3,5,1428,175,1260,102*,36,181,35.7,21.87,25.2,1534,151,0,93.08,115.89,0,1,0,2,11,0,3,4,0,6,50,9,0,1700,0,0,1564,156,0,44,6,0,0,0,0,35.54,26,0,5.52,8.21,0,38.6,19,0,1,0,0,1,0,0
MS Atapattu,SL,Batter,268,2,90,259,1,156,32,0,15,8529,5,5502,132*,5,249,37.57,5,39.02,12594,8,0,67.72,62.5,0,11,0,16,59,0,17,13,0,22,2,0,0,51,0,0,41,0,0,0,0,0,0,0,0,0,0,0,4.82,0,0,0,0,0,0,0,0,0,0,0
MS Kasprowicz,AUS,Batter,43,2,38,13,1,54,9,1,12,74,3,445,28*,3*,25,18.5,0,10.59,89,5,0,83.14,60,0,0,0,0,0,0,0,2,0,7,42,2,0,2225,0,0,1674,57,0,67,5,0,0,0,0,24.98,11.4,0,4.51,8.14,0,33.2,8.4,0,1,1,0,2,0,0
MS Panesar,ENG,Batter,26,1,50,8,1,68,3,0,23,26,1,220,13,1,26,5.2,1,4.88,91,2,0,28.57,50,0,0,0,0,0,0,0,0,0,20,26,1,0,1308,0,0,980,40,0,24,2,0,0,0,0,40.83,20,0,4.49,10,0,54.5,12,0,0,0,0,0,0,0
MS Sinclair,NZ,Batter,54,2,33,50,2,56,4,0,5,1304,0,1635,118*,0,214,28.34,0,32.05,2086,5,0,62.51,0,0,2,0,3,8,0,4,8,2,4,0,0,0,0,0,0,0,0,0,0,0,0,0,0,0,0,0,0,0,0,0,0,0,0,0,0,0,0,0,0
MS Wade,AUS,Batter,94,26,31,80,17,54,11,5,9,1777,239,1418,100*,72,117,25.75,19.91,31.51,2164,218,0,82.11,109.63,0,1,0,4,10,1,5,5,0,2,0,0,0,0,0,0,0,0,0,0,0,0,0,0,0,0,0,0,0,0,0,0,0,0,0,0,0,0,0,0
MVT Fernando,SL,Batter,8,1,7,8,1,11,6,0,6,30,2,16,7*,2,6*,15,2,3.2,61,2,0,49.18,100,0,0,0,0,0,0,0,1,0,5,8,1,0,297,0,0,337,16,0,5,0,0,0,0,0,67.4,0,0,6.8,8,0,59.4,0,0,0,0,0,0,0,0
Mahmudullah,BDESH,Batter,185,83,48,160,76,91,42,16,6,3994,1430,2739,128*,64*,146,33.84,23.83,32.22,5222,1166,0,76.48,122.64,0,3,0,4,21,4,16,8,2,10,134,54,0,4090,0,0,3527,861,0,76,31,0,0,0,0,46.4,27.77,0,5.17,7.3,0,53.8,22.8,0,0,0,0,0,0,0
Mehidy Hasan Miraz,BDESH,Batter,38,13,22,24,11,42,4,2,6,381,94,638,51,19*,68*,19.05,10.44,17.72,498,80,0,76.5,117.5,0,0,0,0,1,0,2,0,2,2,37,13,0,1957,0,0,1520,330,0,37,4,0,0,0,0,41.08,82.5,0,4.66,9.16,0,52.8,54,0,1,0,0,0,0,0
Mehrab Hossain jnr,BDESH,Batter,18,2,7,16,2,13,0,1,1,276,16,243,54,10,83,17.25,16,20.25,642,25,0,42.99,64,0,0,0,0,1,0,1,1,0,1,10,1,0,253,0,0,214,20,0,4,0,0,0,0,0,53.5,0,0,5.07,7.05,0,63.2,0,0,0,0,0,0,0,0
Misbah-ul-Haq,PAK,Batter,162,39,75,149,34,132,31,13,20,5122,788,5222,96*,87*,161*,43.4,37.52,46.62,6945,715,0,73.75,110.2,0,0,0,10,42,3,39,6,2,9,1,0,0,24,0,0,30,0,0,0,0,0,0,0,0,0,0,0,7.5,0,0,0,0,0,0,0,0,0,0,0
Mohammad Amir,PAK,All-rounder,61,48,36,30,14,67,10,6,11,363,59,751,73*,21*,48,18.15,7.37,13.41,444,72,0,81.75,81.94,0,0,0,0,2,0,0,5,2,7,60,48,0,3013,0,0,2400,1224,0,81,59,0,0,0,0,29.62,20.74,0,4.77,6.96,0,37.1,17.8,0,1,1,0,1,0,0
Mohammad Hafeez,PAK,Batter,218,89,55,216,86,105,15,8,8,6614,1908,3652,140*,86,224,32.9,24.46,37.64,8633,1643,0,76.61,116.12,0,11,0,10,38,10,12,19,6,8,177,67,0,7733,0,0,5400,1226,0,139,54,0,0,0,0,38.84,22.7,0,4.18,6.58,0,55.6,20.6,0,1,1,0,0,0,0
Mohammad Irfan,PAK,Bowler,60,22,4,33,4,7,21,4,2,48,4,28,12,2*,14,4,0,5.6,149,8,0,32.21,50,0,0,0,0,0,0,0,8,0,2,60,22,0,3109,0,0,2549,562,0,83,16,0,0,0,0,30.71,35.12,0,4.91,7.44,0,37.4,28.3,0,2,0,0,0,0,0
Mohammad Mithun,BDESH,Batter,24,14,7,21,10,13,2,0,0,493,117,228,63,47,67,25.94,11.7,17.53,659,125,0,74.81,93.6,0,0,0,0,4,0,1,1,2,3,0,0,0,0,0,0,0,0,0,0,0,0,0,0,0,0,0,0,0,0,0,0,0,0,0,0,0,0,0,0
Mohammad Nabi,AFG,All-rounder,124,75,3,112,70,6,12,11,0,2782,1316,33,116,89,24,27.82,22.3,5.5,3252,902,0,85.54,145.89,0,1,0,0,15,4,0,6,4,3,120,75,0,5919,0,0,4231,1839,0,130,69,0,0,0,0,32.54,26.65,0,4.28,7.16,0,45.5,22.3,0,3,3,0,0,0,0
Mohammad Nawaz,PAK,Bowler,15,16,3,12,2,4,3,0,0,199,13,50,53,7,25,22.11,6.5,12.5,213,20,0,93.42,65,0,0,0,0,1,0,0,0,0,1,15,16,0,699,0,0,607,340,0,17,12,0,0,0,0,35.7,28.33,0,5.21,6.8,0,41.1,25,0,1,0,0,0,0,0
Mohammad Rizwan,PAK,Batter,32,16,5,28,13,8,7,2,2,705,180,215,115,33*,95,33.57,16.36,35.83,787,184,0,89.58,97.82,0,2,0,0,3,0,1,1,1,2,0,0,0,0,0,0,0,0,0,0,0,0,0,0,0,0,0,0,0,0,0,0,0,0,0,0,0,0,0,0
Mohammad Salman,PAK,Batter,7,1,2,3,1,4,1,0,0,22,5,25,19*,5,13,11,5,6.25,39,6,0,56.41,83.33,0,0,0,0,0,0,0,1,0,1,0,0,0,0,0,0,0,0,0,0,0,0,0,0,0,0,0,0,0,0,0,0,0,0,0,0,0,0,0,0
Mohammad Sami,PAK,All-rounder,87,13,36,46,4,56,19,3,14,314,21,487,46,8,49,11.62,21,11.59,490,30,0,64.08,70,0,0,0,0,0,0,0,5,0,8,85,13,0,4284,0,0,3567,387,0,121,21,0,0,0,0,29.47,18.42,0,4.99,8.41,0,35.4,13.1,0,3,0,0,1,0,0
Mohammad Shahzad,AFG,Batter,84,65,2,84,65,4,3,3,0,2727,1936,69,131*,118*,40,33.66,31.22,17.25,3082,1436,0,88.48,134.81,0,6,1,0,14,12,0,4,3,0,0,0,0,0,0,0,0,0,0,0,0,0,0,0,0,0,0,0,0,0,0,0,0,0,0,0,0,0,0,0
Mohammed Shami,INDIA,All-rounder,73,8,47,34,0,60,16,0,19,136,0,453,25,-,51*,7.55,0,11.04,164,0,0,82.92,0,0,0,0,0,0,0,1,5,0,13,72,8,0,3709,0,0,3400,275,0,136,10,0,0,0,0,25,27.5,0,5.5,9.93,0,27.2,16.6,0,8,0,0,1,0,0
Mominul Haque,BDESH,Batter,28,6,38,26,4,71,1,1,4,557,60,2657,60,26*,181,22.28,20,39.65,749,50,0,74.36,120,0,0,0,8,3,0,13,1,0,8,12,2,0,234,0,0,190,32,0,7,0,0,0,0,0,27.14,0,0,4.87,10.66,0,33.4,0,0,0,0,0,0,0,0
Mosaddek Hossain,BDESH,All-rounder,35,14,3,30,13,6,10,4,2,549,183,164,52*,34*,75,27.45,20.33,41,633,173,0,86.72,105.78,0,0,0,0,2,0,1,1,1,0,33,12,0,902,0,0,787,160,0,14,5,0,0,0,0,56.21,32,0,5.23,7.38,0,64.4,26,0,0,0,0,0,0,0
Mujeeb Ur Rahman,AFG,Bowler,40,16,1,21,3,2,10,3,0,69,8,18,15,8*,15,6.27,0,9,79,8,0,87.34,100,0,0,0,0,0,0,0,7,0,0,39,16,0,2153,0,0,1414,324,0,63,20,0,0,0,0,22.44,16.2,0,3.94,5.4,0,34.1,18,0,2,1,0,1,0,0
Mushfiqur Rahim,BDESH,Batter,216,84,69,202,76,129,34,13,9,6100,1265,4210,144,72*,219*,36.3,20.07,35.08,7718,1060,0,79.03,119.33,0,7,0,6,37,5,21,10,5,11,0,0,0,0,0,0,0,0,0,0,0,0,0,0,0,0,0,0,0,0,0,0,0,0,0,0,0,0,0,0
Mustafizur Rahman,BDESH,Bowler,56,37,13,27,15,19,17,5,6,78,43,56,18*,15,16,7.8,4.3,4.3,136,55,0,57.35,78.18,0,0,0,0,0,0,0,4,4,7,55,37,0,2813,0,0,2458,1065,0,107,52,0,0,0,0,22.97,20.48,0,5.24,7.87,0,26.2,15.5,0,3,1,0,5,1,0
N Deonarine,WI,Batter,31,8,18,29,7,30,3,2,2,682,55,725,65*,36*,82,26.23,11,25.89,989,53,0,68.95,103.77,0,0,0,0,4,0,5,0,3,3,20,4,0,501,0,0,475,87,0,6,0,0,0,0,0,79.16,0,0,5.68,9.66,0,83.5,0,0,0,0,0,0,0,0
N Dickwella,SL,Batter,52,23,35,49,22,64,1,0,4,1571,429,1857,116,68,83,32.72,19.5,30.95,1679,309,0,93.56,138.83,0,2,0,0,9,1,14,1,2,3,0,0,0,0,0,0,0,0,0,0,0,0,0,0,0,0,0,0,0,0,0,0,0,0,0,0,0,0,0,0
N M'shangwe,ZIM,All-rounder,6,5,2,6,2,4,1,1,0,38,5,8,16,5*,8,7.6,5,2,45,4,0,84.44,125,0,0,0,0,0,0,0,1,1,3,6,5,0,336,0,0,260,142,0,3,4,0,0,0,0,86.66,35.5,0,4.64,8.87,0,112,24,0,0,0,0,0,0,0
N Pradeep,SL,All-rounder,42,14,28,21,6,50,14,5,17,29,10,132,7,8*,17*,4.14,10,4,77,15,0,37.66,66.66,0,0,0,0,0,0,0,4,1,18,40,14,0,1996,0,0,1998,407,0,54,15,0,0,0,0,37,27.13,0,6,9.21,0,36.9,17.6,0,2,1,0,0,0,0
ND McKenzie,SA,Batter,64,2,58,55,1,94,10,1,7,1688,7,3253,131*,7*,226,37.51,0,37.39,2432,8,0,69.4,87.5,0,2,0,5,10,0,16,2,0,9,5,0,0,46,0,0,27,0,0,0,0,0,0,0,0,0,0,0,3.52,0,0,0,0,0,0,0,0,0,0,0
NJ Astle,NZ,Batter,223,4,81,217,4,137,14,1,10,7090,74,4702,145*,40*,222,34.92,24.66,37.02,9760,67,0,72.64,110.44,0,16,0,11,41,0,24,19,0,11,159,2,0,4850,0,0,3809,50,0,99,4,0,0,0,0,38.47,12.5,0,4.71,7.31,0,48.9,10.2,0,1,0,0,0,0,0
NJ O'Brien,IRE,Batter,103,30,1,101,28,2,9,2,0,2581,466,18,109,50,18,28.05,17.92,9,3638,475,0,70.94,98.1,0,1,0,0,18,1,0,3,0,1,0,0,0,0,0,0,0,0,0,0,0,0,0,0,0,0,0,0,0,0,0,0,0,0,0,0,0,0,0,0
NM Hauritz,AUS,All-rounder,58,3,17,32,2,24,17,0,7,336,6,426,53*,4,75,22.4,3,25.05,349,10,0,96.27,60,0,0,0,0,1,0,2,0,0,1,56,2,0,2724,0,0,2152,47,0,63,2,0,0,0,0,34.15,23.5,0,4.74,6.4,0,43.2,22,0,2,0,0,0,0,0
NM Lyon,AUS,Bowler,29,2,95,14,1,122,10,1,38,77,4,1025,30,4*,47,19.25,0,12.2,83,4,0,92.77,100,0,0,0,0,0,0,0,1,0,15,29,2,11102,1626,0,1481263,1334,48,744322,29,1,23180,0,0,0,46,48,32.11,4.92,9.6,3.01,56,30,63.9,1,0,0,0,0,976
NO Miller,WI,Bowler,50,9,1,27,5,2,13,4,0,284,43,5,51,15*,5,20.28,43,2.5,359,47,0,79.1,91.48,0,0,0,0,1,0,0,4,0,1,46,9,0,2125,0,0,1660,224,0,45,11,0,0,0,0,36.88,20.36,0,4.68,7.07,0,47.2,17.2,0,2,0,0,0,0,0
NT Broom,NZ,Batter,39,11,2,39,7,3,4,1,0,943,73,32,109*,36,20,26.94,12.16,10.66,1161,68,0,81.22,107.35,0,1,0,0,5,0,0,7,0,1,0,0,0,0,0,0,0,0,0,0,0,0,0,0,0,0,0,0,0,0,0,0,0,0,0,0,0,0,0,0
NV Ojha,INDIA,Batter,1,2,1,1,2,2,0,0,0,1,12,56,1,10,35,1,6,28,7,27,0,14.28,44.44,0,0,0,0,0,0,0,0,0,0,0,0,0,0,0,0,0,0,0,0,0,0,0,0,0,0,0,0,0,0,0,0,0,0,0,0,0,0,0,0
NW Bracken,AUS,Bowler,116,19,5,35,6,6,18,3,2,199,15,70,21*,4*,37,11.7,5,17.5,282,22,0,70.56,68.18,0,0,0,0,0,0,0,5,1,0,116,19,0,5759,0,0,4240,438,0,174,19,0,0,0,0,24.36,23.05,0,4.41,6.97,0,33,19.8,0,5,0,0,2,0,0
Naeem Islam,BDESH,All-rounder,59,10,8,51,10,15,15,1,2,975,130,416,84,28,108,27.08,14.44,32,1473,114,0,66.19,114.03,0,0,0,1,5,0,1,5,0,0,48,6,0,1743,0,0,1407,122,0,35,3,0,0,0,0,40.2,40.66,0,4.84,8.13,0,49.8,30,0,0,0,0,0,0,0
Najmul Hossain Shanto,BDESH,Batter,3,2,2,3,2,4,0,0,0,20,16,48,7,11,18,6.66,8,12,45,17,0,44.44,94.11,0,0,0,0,0,0,0,0,0,0,0,0,0,0,0,0,0,0,0,0,0,0,0,0,0,0,0,0,0,0,0,0,0,0,0,0,0,0,0,0
Nasir Hossain,BDESH,Batter,65,31,19,52,24,32,8,4,2,1281,370,1044,100,50*,100,29.11,18.5,34.8,1605,326,0,79.81,113.49,0,1,0,1,6,2,6,4,2,2,43,11,0,1256,0,0,988,262,0,24,7,0,0,0,0,41.16,37.42,0,4.71,8.78,0,52.3,25.5,0,0,0,0,0,0,0
Nasir Jamshed,PAK,Batter,48,18,2,48,18,4,3,1,0,1418,363,51,112,56,46,31.51,21.35,12.75,1881,320,0,75.38,113.43,0,3,0,0,8,2,0,5,1,1,0,0,0,0,0,0,0,0,0,0,0,0,0,0,0,0,0,0,0,0,0,0,0,0,0,0,0,0,0,0
Naved-ul-Hasan,PAK,All-rounder,74,4,9,51,2,15,18,1,3,524,18,239,33,17*,42*,15.87,18,19.91,620,16,0,84.51,112.5,0,0,0,0,0,0,0,4,0,2,72,4,0,3466,0,0,3221,101,0,110,5,0,0,0,0,29.28,20.2,0,5.57,7.12,0,31.5,17,0,6,0,0,1,0,0
Nazimuddin,BDESH,Batter,11,7,3,11,7,6,0,0,0,147,178,125,47,81,78,13.36,25.42,20.83,237,158,0,62.02,112.65,0,0,0,0,0,1,1,0,2,2,0,0,0,0,0,0,0,0,0,0,0,0,0,0,0,0,0,0,0,0,0,0,0,0,0,0,0,0,0,0
Nazmul Hossain,BDESH,Bowler,38,4,2,21,2,4,13,2,2,35,3,16,6*,3*,8*,4.37,0,8,128,15,0,27.34,20,0,0,0,0,0,0,0,4,0,2,37,4,0,1649,0,0,1386,67,0,44,1,0,0,0,0,31.5,67,0,5.04,9.57,0,37.4,42,0,1,0,0,0,0,0
Nazmul Islam,BDESH,Bowler,5,13,1,1,4,2,0,3,0,7,18,4,7,7,4,7,18,2,13,17,0,53.84,105.88,0,0,0,0,0,0,0,0,0,1,5,12,0,264,0,0,224,265,0,5,8,0,0,0,0,44.8,33.12,0,5.09,6.88,0,52.8,28.8,0,0,0,0,0,0,0
Nurul Hasan,BDESH,Batter,2,9,3,2,8,6,0,4,0,68,78,115,44,30*,64,34,19.5,19.16,70,63,0,97.14,123.8,0,0,0,0,0,0,1,0,1,3,0,0,0,0,0,0,0,0,0,0,0,0,0,0,0,0,0,0,0,0,0,0,0,0,0,0,0,0,0,0
OA Shah,ENG,Batter,71,17,6,66,15,10,6,1,0,1834,347,269,107*,55*,88,30.56,24.78,26.9,2331,284,0,78.67,122.18,0,1,0,0,12,1,2,6,0,0,10,0,0,193,0,0,184,0,0,7,0,0,0,0,0,26.28,0,0,5.72,0,0,27.5,0,0,0,0,0,0,0,0
P Kumar,INDIA,Bowler,68,10,6,33,3,10,12,0,0,292,7,149,54*,6,40,13.9,2.33,14.9,331,16,0,88.21,43.75,0,0,0,0,1,0,0,2,1,2,67,10,0,3242,0,0,2774,193,0,77,8,0,0,0,0,36.02,24.12,0,5.13,7.42,0,42.1,19.5,0,3,0,0,0,0,0
P Utseya,ZIM,All-rounder,164,35,4,132,21,8,48,9,1,1406,94,107,68*,13*,45,16.73,7.83,15.28,2410,115,0,58.34,81.73,0,0,0,0,4,0,0,16,3,2,160,35,0,8571,0,0,6239,858,0,133,26,0,0,0,0,46.9,33,0,4.36,6.87,0,64.4,28.8,0,2,0,0,1,0,0
PA Patel,INDIA,Batter,38,2,25,34,2,38,3,0,8,736,36,934,95,26,71,23.74,18,31.13,962,32,0,76.5,112.5,0,0,0,0,4,0,6,2,0,4,0,0,0,0,0,0,0,0,0,0,0,0,0,0,0,0,0,0,0,0,0,0,0,0,0,0,0,0,0,0
PADLR Sandakan,SL,All-rounder,21,14,11,12,4,17,4,2,6,31,18,117,6,10,25,3.87,9,10.63,88,24,0,35.22,75,0,0,0,0,0,0,0,2,0,0,20,14,0,961,0,0,1031,400,0,17,13,0,0,0,0,60.64,30.76,0,6.43,7.27,0,56.5,25.3,0,1,1,0,0,0,0
PDRL Perera,SL,All-rounder,19,2,8,7,2,9,2,2,6,8,0,33,4*,0*,11*,1.6,0,11,18,0,0,44.44,0,0,0,0,0,0,0,0,4,0,1,19,2,0,888,0,0,820,77,0,19,0,0,0,0,0,43.15,0,0,5.54,11,0,46.7,0,0,0,0,0,0,0,0
PG Fulton,NZ,Batter,49,12,23,46,12,39,5,1,1,1334,127,967,112,25,136,32.53,11.54,25.44,1833,140,0,72.77,90.71,0,1,0,2,8,0,5,2,2,3,0,0,0,0,0,0,0,0,0,0,0,0,0,0,0,0,0,0,0,0,0,0,0,0,0,0,0,0,0,0
PJ Cummins,AUS,All-rounder,58,25,29,35,11,43,12,4,6,234,35,639,36,13,63,10.17,5,17.27,328,37,0,71.34,94.59,0,0,0,0,0,0,2,5,2,7,58,25,0,3033,0,0,2603,644,0,96,32,0,0,0,0,27.11,20.12,0,5.14,6.77,0,31.5,17.8,0,5,0,0,1,0,0
PJ Hughes,AUS,Batter,25,1,26,24,1,49,1,0,2,826,6,1535,138*,6,160,35.91,6,32.65,1100,8,0,75.09,75,0,2,0,3,4,0,7,1,0,6,0,0,0,0,0,0,0,0,0,0,0,0,0,0,0,0,0,0,0,0,0,0,0,0,0,0,0,0,0,0
PJ Ingram,NZ,Batter,8,3,2,7,3,4,0,1,0,193,22,61,69,20*,42,27.57,11,15.25,238,35,0,81.09,62.85,0,0,0,0,1,0,0,0,1,0,0,0,0,0,0,0,0,0,0,0,0,0,0,0,0,0,0,0,0,0,0,0,0,0,0,0,0,0,0,0
PJ Moor,ZIM,Batter,49,21,8,45,19,16,5,4,1,827,364,533,58*,92*,83,20.67,24.26,35.53,1225,286,0,67.51,127.27,0,0,0,0,4,1,5,3,0,1,0,0,0,0,0,0,0,0,0,0,0,0,0,0,0,0,0,0,0,0,0,0,0,0,0,0,0,0,0,0
PM Siddle,AUS,Batter,20,2,67,6,1,94,3,1,15,31,1,1164,10*,1*,51,10.33,0,14.73,30,1,0,103.33,100,0,0,0,0,0,0,2,1,0,17,19,2,0,901,0,0,743,58,0,17,3,0,0,0,0,43.7,19.33,0,4.94,7.25,0,53,16,0,0,0,0,0,0,0
PP Chawla,INDIA,Bowler,25,7,3,12,1,3,5,0,0,38,0,6,13*,0,4,5.42,0,2,58,1,0,65.51,0,0,0,0,0,0,0,0,1,1,0,25,7,0,1312,0,0,1117,151,0,32,4,0,0,0,0,34.9,37.75,0,5.1,6.56,0,41,34.5,0,2,0,0,0,0,0
PP Ojha,INDIA,Batter,18,6,24,10,1,27,8,1,17,46,10,89,16*,10*,18*,23,0,8.9,112,6,0,41.07,166.66,0,0,0,0,0,0,0,0,0,4,17,6,0,876,0,0,652,132,0,21,10,0,0,0,0,31.04,13.2,0,4.46,6.28,0,41.7,12.6,0,1,1,0,0,0,0
PR Stirling,IRE,Batter,114,72,3,111,71,6,2,6,0,4038,1929,104,177,91,36,37.04,29.67,17.33,4627,1401,0,87.27,137.68,0,8,0,0,23,16,0,10,8,1,73,33,0,2392,0,0,1902,600,0,43,16,0,0,0,0,44.23,37.5,0,4.77,7.69,0,55.6,29.2,0,1,0,0,1,0,0
PSP Handscomb,AUS,Batter,22,2,16,20,2,29,1,1,5,632,33,934,117,20*,110,33.26,33,38.91,649,33,0,97.38,100,0,1,0,2,4,0,4,2,0,1,0,0,0,0,0,0,0,0,0,0,0,0,0,0,0,0,0,0,0,0,0,0,0,0,0,0,0,0,0,0
PVD Chameera,SL,All-rounder,23,19,8,14,10,15,7,6,2,93,31,69,19*,12,19,13.28,7.75,5.3,150,40,0,62,77.5,0,0,0,0,0,0,0,1,2,4,23,19,0,895,0,0,796,574,0,19,16,0,0,0,0,41.89,35.87,0,5.33,8.54,0,47.1,25.1,0,0,0,0,0,0,0
Q de Kock,SA,Batter,115,38,44,115,38,74,6,5,5,4907,1018,2683,178,79*,129*,45.01,30.84,38.88,5154,787,0,95.2,129.35,0,14,0,5,24,4,18,3,3,5,0,0,0,0,0,0,0,0,0,0,0,0,0,0,0,0,0,0,0,0,0,0,0,0,0,0,0,0,0,0
R Ashwin,INDIA,Bowler,111,46,70,61,11,96,19,7,13,675,123,2385,65,31*,124,16.07,30.75,28.73,776,115,0,86.98,106.95,0,0,0,4,1,0,11,6,0,3,109,46,7991,6021,0,1184132,4937,1193,560163,150,52,22082,0,0,0,32.91,22.94,25.36,4.91,6.97,2.83,40.1,19.7,53.6,1,2,0,0,0,1647
R McLaren,SA,All-rounder,54,12,2,41,4,3,15,3,1,485,9,47,71*,6*,33*,18.65,9,23.5,680,13,0,71.32,69.23,0,0,0,0,1,0,0,3,0,0,51,12,0,2403,0,0,2102,332,0,77,17,0,0,0,0,27.29,19.52,0,5.24,7.57,0,31.2,15.4,0,5,0,0,0,1,0
R Mutumbami,ZIM,Batter,33,22,6,31,19,12,2,4,1,582,294,217,74,54,43,20.06,19.6,19.72,814,251,0,71.49,117.13,0,0,0,0,3,1,0,3,1,1,0,0,0,0,0,0,0,0,0,0,0,0,0,0,0,0,0,0,0,0,0,0,0,0,0,0,0,0,0,0
R Rampaul,WI,All-rounder,92,23,18,40,6,31,11,5,8,362,12,335,86*,8,40*,12.48,12,14.56,472,21,0,76.69,57.14,0,0,0,0,1,0,0,3,0,6,88,23,0,4033,0,0,3434,705,0,117,29,0,0,0,0,29.35,24.31,0,5.1,8.51,0,34.4,17.1,0,8,0,0,2,0,0
R Vinay Kumar,INDIA,Bowler,31,9,1,13,1,2,4,1,0,86,2,11,27*,2*,6,9.55,0,5.5,146,4,0,58.9,50,0,0,0,0,0,0,0,2,0,0,31,9,0,1436,0,0,1423,247,0,38,10,0,0,0,0,37.44,24.7,0,5.94,7.84,0,37.7,18.9,0,1,0,0,0,0,0
RA Jadeja,INDIA,All-rounder,159,46,48,106,22,69,36,8,17,2188,163,1844,87,25,100*,31.25,11.64,35.46,2543,165,0,86.04,98.78,0,0,0,1,11,0,14,6,2,4,155,46,0,8029,0,0,6552,1093,0,181,35,0,0,0,0,36.19,31.22,0,4.89,7.18,0,44.3,26,0,7,0,0,1,0,0
RAS Lakmal,SL,Batter,85,11,59,48,6,93,22,3,23,244,7,804,26,5*,42,9.38,2.33,11.48,404,11,0,60.39,63.63,0,0,0,0,0,0,0,9,2,18,83,11,0,3824,0,0,3478,330,0,107,8,0,0,0,0,32.5,41.25,0,5.45,9.51,0,35.7,26,0,3,0,0,0,0,0
RG Sharma,INDIA,Batter,221,104,32,214,96,53,32,14,7,8944,2633,2141,264,118,212,49.14,32.1,46.54,10063,1905,0,88.88,138.21,0,28,4,6,43,19,10,13,6,4,38,9,0,593,0,0,515,113,0,8,1,0,0,0,0,64.37,113,0,5.21,9.97,0,74.1,68,0,0,0,0,0,0,0
RJ Harris,AUS,Batter,21,3,27,13,1,39,7,1,11,48,2,603,21,2*,74,8,0,21.53,48,1,0,100,200,0,0,0,0,0,0,3,0,0,2,20,3,0,1031,0,0,832,95,0,44,4,0,0,0,0,18.9,23.75,0,4.84,8.14,0,23.4,17.5,0,0,0,0,3,0,0
RJ Kirtley,ENG,All-rounder,11,1,4,2,1,7,0,1,1,2,2,32,1,2*,12,1,0,5.33,11,4,0,18.18,50,0,0,0,0,0,0,0,0,0,0,11,1,0,549,0,0,481,17,0,9,0,0,0,0,0,53.44,0,0,5.25,17,0,61,0,0,0,0,0,0,0,0
RJ Nicol,NZ,All-rounder,22,21,2,21,19,4,2,0,0,586,327,28,146,58,19,30.84,17.21,7,776,296,0,75.51,110.47,0,2,0,0,2,2,0,2,2,0,17,13,0,339,0,0,329,167,0,10,5,0,0,0,0,32.9,33.4,0,5.82,8.14,0,33.9,24.6,0,1,0,0,0,0,0
RJ Peterson,SA,All-rounder,79,21,15,41,12,20,14,4,3,556,124,464,68,34,84,20.59,15.5,27.29,688,113,0,80.81,109.73,0,0,0,0,1,0,3,4,1,2,74,19,0,3278,0,0,2680,451,0,75,24,0,0,0,0,35.73,18.79,0,4.9,7.53,0,43.7,14.9,0,3,0,0,0,0,0
RJ Sidebottom,ENG,All-rounder,25,18,22,18,1,31,8,1,11,133,5,313,24,5*,31,13.3,0,15.65,194,4,0,68.55,125,0,0,0,0,0,0,0,2,0,3,25,18,0,1277,0,0,1039,437,0,29,23,0,0,0,0,35.82,19,0,4.88,7.14,0,44,15.9,0,0,0,0,0,0,0
RK Kleinveldt,SA,All-rounder,10,6,4,7,3,5,0,2,2,105,25,27,43,22,17*,15,25,9,124,10,0,84.67,250,0,0,0,0,0,0,0,1,0,2,10,6,0,513,0,0,448,173,0,12,9,0,0,0,0,37.33,19.22,0,5.23,8.5,0,42.7,13.5,0,1,0,0,0,0,0
RMS Eranga,SL,Batter,19,3,19,11,1,26,8,0,11,34,6,193,12*,6,45*,11.33,6,12.86,64,7,0,53.12,85.71,0,0,0,0,0,0,0,1,0,4,17,3,0,716,0,0,686,90,0,21,3,0,0,0,0,32.66,30,0,5.74,8.18,0,34,22,0,0,0,0,0,0,0
RN Lewis,WI,All-rounder,28,1,5,21,1,10,5,0,0,291,0,89,49,0,40,18.18,0,8.9,367,4,0,79.29,0,0,0,0,0,0,0,0,1,1,4,25,1,0,1150,0,0,983,9,0,22,0,0,0,0,0,44.68,0,0,5.12,9,0,52.2,0,0,0,0,0,0,0,0
RP Arnold,SL,Batter,180,1,44,155,1,69,43,0,4,3950,7,1821,103,7,123,35.26,7,28.01,5443,7,0,72.57,100,0,1,0,3,28,0,10,7,0,7,84,0,0,2157,0,0,1739,0,0,40,0,0,0,0,0,43.47,0,0,4.83,0,0,53.9,0,0,0,0,0,0,0,0
RP Burl,ZIM,All-rounder,18,16,1,15,13,2,3,3,0,243,254,16,53,57*,16,20.25,25.4,8,357,221,0,68.06,114.93,0,0,0,0,1,1,0,1,0,1,10,15,0,210,0,0,207,279,0,7,11,0,0,0,0,29.57,25.36,0,5.91,8.45,0,30,18,0,1,0,0,0,0,0
RP Singh,INDIA,Bowler,58,10,14,20,2,19,10,2,3,104,3,116,23,2*,30,10.4,0,7.25,242,3,0,42.97,100,0,0,0,0,0,0,0,3,0,7,59,9,0,2647,0,0,2420,225,0,70,15,0,0,0,0,55.475,15,0,5.555,6.81,0,59.55,13.2,0,2,1,0,0,0,0
RR Pant,INDIA,Batter,15,26,11,13,24,18,0,4,1,346,409,754,71,65*,159*,26.61,20.45,44.35,328,336,0,105.48,121.72,0,0,0,2,1,2,2,1,3,1,0,0,0,0,0,0,0,0,0,0,0,0,0,0,0,0,0,0,0,0,0,0,0,0,0,0,0,0,0,0
RR Sarwan,WI,Batter,181,18,87,169,16,154,33,3,8,5804,298,5842,120*,59,291,42.67,22.92,40.01,7663,286,0,75.74,104.19,0,5,0,15,38,2,31,8,1,12,25,1,0,581,0,0,586,10,0,16,2,0,0,0,0,36.62,5,0,6.05,5,0,36.3,6,0,0,0,0,0,0,0
RS Bopara,ENG,Batter,120,38,13,109,35,19,21,10,1,2695,711,575,101*,65*,143,30.62,28.44,31.94,3462,599,0,77.84,118.69,0,1,0,3,14,3,0,4,0,5,74,21,0,1860,0,0,1523,387,0,40,16,0,0,0,0,38.07,24.18,0,4.91,7.21,0,46.5,20.1,0,1,1,0,0,0,0
RS Morton,WI,Batter,56,7,15,51,7,27,6,1,1,1519,96,573,110*,40,70*,33.75,16,22.03,2289,103,0,66.36,93.2,0,2,0,0,10,0,4,7,1,1,1,0,0,6,0,0,2,0,0,0,0,0,0,0,0,0,0,0,2,0,0,0,0,0,0,0,0,0,0,0
RW Chakabva,ZIM,Batter,38,12,14,35,12,28,2,1,2,599,159,678,78*,48,101,18.15,14.45,26.07,1017,134,0,58.89,118.65,0,0,0,1,1,0,4,2,4,2,0,0,0,0,0,0,0,0,0,0,0,0,0,0,0,0,0,0,0,0,0,0,0,0,0,0,0,0,0,0
RW Price,ZIM,All-rounder,102,16,22,59,9,38,17,4,8,406,15,261,46,7*,36,9.66,3,8.7,701,28,0,57.91,53.57,0,0,0,0,0,0,0,10,1,6,99,16,0,5374,0,0,3575,378,0,100,13,0,0,0,0,35.75,29.07,0,3.99,6.14,0,53.7,28.3,0,1,0,0,0,0,0
RWT Key,ENG,Batter,5,1,15,5,1,26,0,1,1,54,10,775,19,10*,221,10.8,0,31,135,8,0,40,125,0,0,0,1,0,0,3,1,0,2,0,0,0,0,0,0,0,0,0,0,0,0,0,0,0,0,0,0,0,0,0,0,0,0,0,0,0,0,0,0
Raqibul Hasan,BDESH,Batter,2,5,9,56,5,18,7,0,1,1325,51,336,89,18,65,18.16,10.2,19.76,2198,62,0,43.735,82.25,0,0,0,0,8,0,1,6,0,2,1,0,0,1,0,0,4,0,0,0,0,0,0,0,0,0,0,0,24,0,0,0,0,0,0,0,0,0,0,0
Robiul Islam,BDESH,Batter,3,1,9,1,0,17,1,0,6,0,0,99,0*,-,33,0,0,9,1,0,0,0,0,0,0,0,0,0,0,0,0,0,6,3,1,0,133,0,0,117,13,0,2,0,0,0,0,0,58.5,0,0,5.27,13,0,66.5,0,0,0,0,0,0,0,0
Rubel Hossain,BDESH,All-rounder,101,27,26,52,14,45,24,9,19,140,17,259,17,8*,45*,5,3.4,9.96,249,30,0,56.22,56.66,0,0,0,0,0,0,0,11,4,7,99,26,0,4540,0,0,4300,879,0,126,28,0,0,0,0,34.12,31.39,0,5.68,9.3,0,36,20.2,0,7,0,0,1,0,0
S Badrinath,INDIA,Batter,7,1,2,6,1,3,1,0,0,79,43,63,27*,43,56,15.8,43,21,172,37,0,45.93,116.21,0,0,0,0,0,0,1,0,0,0,0,0,0,0,0,0,0,0,0,0,0,0,0,0,0,0,0,0,0,0,0,0,0,0,0,0,0,0,0,0
S Chanderpaul,WI,Batter,268,22,164,251,22,280,40,5,49,8778,343,11867,150,41,203*,41.6,20.17,51.37,12408,347,0,70.74,98.84,0,11,0,30,59,0,66,6,0,15,28,0,0,740,0,0,636,0,0,14,0,0,0,0,0,45.42,0,0,5.15,0,0,52.8,0,0,0,0,0,0,0,0
S Dhawan,INDIA,Batter,133,58,34,131,57,58,7,3,1,5518,1504,2315,143,92,190,44.5,27.85,40.61,5869,1173,0,94.01,128.21,0,17,0,7,27,9,5,5,1,4,0,0,0,0,0,0,0,0,0,0,0,0,0,0,0,0,0,0,0,0,0,0,0,0,0,0,0,0,0,0
S Matsikenyeri,ZIM,Batter,113,10,8,110,10,16,9,0,1,2224,76,351,90,32,57,22.01,7.6,23.4,3072,82,0,72.39,92.68,0,0,0,0,13,0,2,8,2,0,38,3,0,920,0,0,778,23,0,16,0,0,0,0,0,48.62,0,0,5.07,8.62,0,57.5,0,0,0,0,0,0,0,0
S Prasanna,SL,All-rounder,40,20,1,37,20,1,3,6,0,421,214,5,95,37*,5,12.38,15.28,5,445,161,0,94.6,132.91,0,0,0,0,2,0,0,7,0,0,39,18,0,1945,0,0,1767,359,0,32,10,0,0,0,0,55.21,35.9,0,5.45,7.18,0,60.7,30,0,0,0,0,0,0,0
S Randiv,SL,All-rounder,31,7,12,18,2,17,2,0,1,280,8,147,56,6,39,17.5,4,9.18,382,6,0,73.29,133.33,0,0,0,0,1,0,0,2,0,3,29,7,0,1437,0,0,1214,139,0,36,7,0,0,0,0,33.72,19.85,0,5.06,6.61,0,39.9,18,0,0,0,0,1,0,0
S Samarawickrama,SL,Batter,7,7,4,7,7,8,0,0,0,138,97,125,54,32,38,19.71,13.85,15.62,165,93,0,83.63,104.3,0,0,0,0,1,0,0,2,1,2,0,0,0,0,0,0,0,0,0,0,0,0,0,0,0,0,0,0,0,0,0,0,0,0,0,0,0,0,0,0
S Sreesanth,INDIA,All-rounder,53,10,27,21,3,40,10,2,13,44,20,281,10*,19*,35,4,20,10.4,121,14,0,36.36,142.85,0,0,0,0,0,0,0,3,1,10,52,9,0,2476,0,0,2508,288,0,75,7,0,0,0,0,33.44,41.14,0,6.07,8.47,0,33,29.1,0,2,0,0,1,0,0
SB Styris,NZ,All-rounder,188,31,29,161,29,48,23,2,4,4483,578,1586,141,66,170,32.48,21.4,36.04,5645,483,0,79.41,119.66,0,4,0,5,28,1,6,9,0,5,161,21,0,6114,0,0,4839,349,0,137,18,0,0,0,0,35.32,19.38,0,4.74,6.77,0,44.6,17.1,0,4,0,0,1,0,0
SC Williams,ZIM,All-rounder,131,38,10,127,38,20,18,5,0,3717,821,553,129*,66,119,34.1,24.87,27.65,4546,630,0,81.76,130.31,0,3,0,1,31,6,2,7,4,0,107,37,0,4080,0,0,3300,890,0,71,32,0,0,0,0,46.47,27.81,0,4.85,7.23,0,57.4,23,0,1,0,0,0,0,0
SCJ Broad,ENG,Bowler,121,56,135,68,26,199,25,10,29,529,118,3158,45*,18*,169,12.3,7.37,18.57,709,118,0,74.61,100,0,0,0,1,0,0,12,8,2,35,121,55,15128,6109,0,1680367,5364,1491,832955,178,65,29036,0,0,0,30.13,22.93,28.68,5.26,7.62,2.97,34.3,18,57.8,9,1,0,1,0,1037
SD Hope,WI,Batter,72,13,31,67,11,58,10,0,3,3007,238,1498,170,55,147,52.75,21.63,27.23,4046,175,0,74.32,136,0,8,0,2,15,2,5,4,1,2,0,0,0,0,0,0,0,0,0,0,0,0,0,0,0,0,0,0,0,0,0,0,0,0,0,0,0,0,0,0
SE Bond,NZ,All-rounder,82,20,18,40,8,20,22,3,7,292,21,168,31*,8*,41*,16.22,4.2,12.92,384,21,0,76.04,100,0,0,0,0,0,0,0,2,2,1,80,20,0,4295,0,0,3070,543,0,147,25,0,0,0,0,20.88,21.72,0,4.28,7,0,29.2,18.6,0,7,0,0,4,0,0
SE Marsh,AUS,Batter,73,15,38,72,15,68,4,1,2,2773,255,2265,151,47*,182,40.77,18.21,34.31,3406,248,0,81.41,102.82,0,7,0,6,15,0,10,3,2,10,0,0,0,0,0,0,0,0,0,0,0,0,0,0,0,0,0,0,0,0,0,0,0,0,0,0,0,0,0,0
SF Mire,ZIM,Batter,47,9,2,47,8,4,0,0,0,955,253,78,112,94,47,20.31,31.62,19.5,1190,196,0,80.25,129.08,0,1,0,0,3,2,0,4,0,1,19,5,0,507,0,0,515,115,0,12,1,0,0,0,0,42.91,115,0,6.09,9.58,0,42.2,72,0,1,0,0,0,0,0
SG Borthwick,ENG,Batter,2,1,1,2,1,2,0,0,0,18,14,5,15,14,4,9,14,2.5,16,16,0,112.5,87.5,0,0,0,0,0,0,0,0,0,0,2,1,0,54,0,0,72,15,0,0,1,0,0,0,0,0,15,0,8,3.75,0,0,24,0,0,0,0,0,0,0
SI Mahmood,ENG,All-rounder,26,4,8,15,2,11,4,2,1,85,1,81,22*,1*,34,7.72,0,8.1,101,2,0,84.15,50,0,0,0,0,0,0,0,3,0,3,25,4,0,1197,0,0,1169,155,0,30,3,0,0,0,0,38.96,51.66,0,5.85,11.07,0,39.9,28,0,1,0,0,0,0,0
SI de Saram,SL,Batter,15,1,4,13,0,5,2,0,0,183,0,117,38,-,39,16.63,0,23.4,270,0,0,67.77,0,0,0,0,0,0,0,0,0,0,0,0,0,0,0,0,0,0,0,0,0,0,0,0,0,0,0,0,0,0,0,0,0,0,0,0,0,0,0,0,0
SJ Benn,WI,All-rounder,47,24,26,30,7,39,7,4,5,182,37,486,31,13*,42,7.91,12.33,14.29,240,42,0,75.83,88.09,0,0,0,0,0,0,0,5,1,7,46,24,0,2387,0,0,1913,606,0,39,18,0,0,0,0,49.05,33.66,0,4.8,7.21,0,61.2,28,0,3,1,0,0,0,0
SK Raina,INDIA,Batter,226,78,18,194,66,31,35,11,2,5615,1605,768,116*,101,120,35.31,29.18,26.48,6005,1190,0,93.5,134.87,0,5,1,1,36,5,7,14,3,8,101,27,0,2126,0,0,1811,442,0,36,13,0,0,0,0,50.3,34,0,5.11,7.59,0,59,26.8,0,0,0,0,0,0,0
SL Malinga,SL,Bowler,226,79,30,119,30,37,36,12,13,567,128,275,56,27,64,6.83,7.11,11.45,761,153,0,74.5,83.66,0,0,0,0,1,0,1,26,6,9,220,79,0,10936,0,0,9760,2061,0,338,106,0,0,0,0,28.87,19.44,0,5.35,7.23,0,32.3,16.1,0,11,1,0,8,2,0
SM Curran,ENG,Batter,2,5,14,2,3,25,0,0,4,17,35,610,15,24,78,8.5,11.66,29.04,29,23,0,58.62,152.17,0,0,0,0,0,0,3,0,0,3,2,5,0,72,0,0,90,153,0,2,6,0,0,0,0,45,25.5,0,7.5,8.5,0,36,18,0,0,0,0,0,0,0
SM Katich,AUS,Batter,45,3,56,42,2,99,5,0,6,1324,69,4188,107*,39,157,35.78,34.5,45.03,1926,47,0,68.74,146.8,0,1,0,10,9,0,25,3,0,4,0,0,0,0,0,0,0,0,0,0,0,0,0,0,0,0,0,0,0,0,0,0,0,0,0,0,0,0,0,0
SMSM Senanayake,SL,Bowler,49,24,1,33,12,1,11,6,0,290,56,5,42,17,5,13.18,9.33,5,311,66,0,93.24,84.84,0,0,0,0,0,0,0,6,2,0,47,23,0,2358,0,0,1874,549,0,53,25,0,0,0,0,35.35,21.96,0,4.76,6.77,0,44.4,19.4,0,1,1,0,0,0,0
SN Thakur,INDIA,Bowler,7,7,1,3,0,1,2,0,1,39,0,4,22*,-,4*,39,0,0,22,0,0,177.27,0,0,0,0,0,0,0,0,1,0,0,7,7,0,323,0,0,339,242,0,8,8,0,0,0,0,42.37,30.25,0,6.29,8.8,0,40.3,20.6,0,1,1,0,0,0,0
SO Hetmyer,WI,Batter,43,20,16,40,18,30,3,1,0,1416,279,838,139,56,93,38.27,16.41,27.93,1323,223,0,107.02,125.11,0,5,0,0,4,1,5,2,2,0,0,0,0,0,0,0,0,0,0,0,0,0,0,0,0,0,0,0,0,0,0,0,0,0,0,0,0,0,0,0
SP Narine,WI,Bowler,65,51,6,45,23,7,12,8,2,363,155,40,36,30,22*,11,10.33,8,441,138,0,82.31,112.31,0,0,0,0,0,0,0,8,2,1,65,49,0,3540,0,0,2435,1105,0,92,52,0,0,0,0,26.46,21.25,0,4.12,6.01,0,38.4,21.1,0,4,1,0,2,0,0
SPD Smith,AUS,Batter,118,36,72,104,28,130,12,7,16,3810,577,7164,164,90,239,41.41,27.47,62.84,4414,448,0,86.31,128.79,0,8,0,26,23,4,28,5,1,4,39,17,0,1070,0,0,963,377,0,28,17,0,0,0,0,34.39,22.17,0,5.4,7.77,0,38.2,17.1,0,0,0,0,0,0,0
SR Clark,AUS,All-rounder,39,9,24,12,0,26,7,0,7,69,0,248,16*,-,39,13.8,0,13.05,88,0,0,78.4,0,0,0,0,0,0,0,0,1,0,5,38,9,0,1829,0,0,1477,237,0,53,13,0,0,0,0,27.86,18.23,0,4.84,6.58,0,34.5,16.6,0,2,1,0,0,0,0
SR Patel,ENG,All-rounder,36,18,6,22,14,9,7,2,0,482,189,151,70*,67,42,32.13,15.75,16.77,517,173,0,93.23,109.24,0,0,0,0,1,1,0,1,2,2,32,15,0,1187,0,0,1091,321,0,24,7,0,0,0,0,45.45,45.85,0,5.51,7.64,0,49.4,36,0,0,0,0,1,0,0
SR Tendulkar,INDIA,Batter,463,1,200,452,1,329,41,0,33,18426,10,15921,200*,10,248*,44.83,10,53.78,21367,12,0,86.23,83.33,0,49,0,51,96,0,68,20,0,14,270,1,0,8054,0,0,6850,12,0,154,1,0,0,0,0,44.48,12,0,5.1,4.8,0,52.2,15,0,4,0,0,2,0,0
SR Thompson,IRE,All-rounder,20,41,3,15,30,6,1,8,0,228,328,64,39,56,53,16.28,14.9,10.66,251,254,0,90.83,129.13,0,0,0,0,0,1,1,0,1,1,16,30,0,559,0,0,490,670,0,12,18,0,0,0,0,40.83,37.22,0,5.25,8.48,0,46.5,26.3,0,0,1,0,0,0,0
SR Watson,AUS,Batter,190,58,59,169,56,109,27,6,3,5757,1462,3731,185*,124*,176,40.54,29.24,35.19,6365,1006,0,90.44,145.32,0,9,1,4,33,10,24,12,3,6,163,49,0,6466,0,0,5342,1187,0,168,48,0,0,0,0,31.79,24.72,0,4.95,7.65,0,38.4,19.3,0,3,1,0,0,0,0
SS Cottrell,WI,Bowler,30,22,2,14,7,4,7,4,0,76,15,11,17,4*,5,10.85,5,2.75,103,22,0,73.78,68.18,0,0,0,0,0,0,0,1,1,1,28,22,0,1314,0,0,1293,615,0,39,30,0,0,0,0,33.15,20.5,0,5.9,8.09,0,33.6,15.2,0,1,1,0,1,0,0
ST Finn,ENG,All-rounder,69,21,36,30,3,47,13,3,22,136,14,279,35,8*,56,8,0,11.16,223,19,0,60.98,73.68,0,0,0,0,0,0,1,7,0,9,67,21,0,3550,0,0,2996,583,0,102,27,0,0,0,0,29.37,21.59,0,5.06,7.28,0,34.8,17.7,0,4,0,0,2,0,0
ST Gabriel,WI,Batter,25,2,45,16,0,66,9,0,24,24,0,200,12*,-,20*,3.42,0,4.76,63,0,0,38.09,0,0,0,0,0,0,0,0,4,0,17,25,2,0,1148,0,0,1134,56,0,33,3,0,0,0,0,34.36,18.66,0,5.92,8,0,34.7,14,0,0,0,0,0,0,0
STR Binny,INDIA,Batter,14,3,6,11,2,10,3,0,1,230,35,194,77,24,78,28.75,17.5,21.55,246,29,0,93.49,120.68,0,0,0,0,1,0,1,1,0,2,12,3,0,490,0,0,439,54,0,20,1,0,0,0,0,21.95,54,0,5.37,10.8,0,24.5,30,0,0,0,0,1,0,0
SW Masakadza,ZIM,All-rounder,16,7,5,11,5,9,3,1,1,170,18,88,45*,9,24,21.25,4.5,11,177,24,0,96.04,75,0,0,0,0,0,0,0,1,1,3,16,7,0,791,0,0,891,211,0,25,4,0,0,0,0,35.64,52.75,0,6.75,10.82,0,31.6,29.2,0,3,0,0,0,0,0
SW Poynter,IRE,Batter,21,25,1,19,21,2,5,6,0,185,240,1,36,39,1,13.21,16,0.5,278,213,0,66.54,112.67,0,0,0,0,0,0,0,2,0,1,0,0,0,0,0,0,0,0,0,0,0,0,0,0,0,0,0,0,0,0,0,0,0,0,0,0,0,0,0,0
SW Tait,AUS,Bowler,35,21,3,7,6,5,5,2,2,25,11,20,11,6,8,12.5,2.75,6.66,29,15,0,86.2,73.33,0,0,0,0,0,0,0,1,1,0,34,21,0,1688,0,0,1461,589,0,62,28,0,0,0,0,23.56,21.03,0,5.19,7.39,0,27.2,17,0,2,0,0,0,0,0
Sabbir Rahman,BDESH,Batter,66,44,11,59,43,22,7,5,2,1333,946,481,102,80,66,25.63,24.89,24.05,1461,783,0,91.23,120.81,0,1,0,0,6,4,4,5,2,5,21,8,0,306,0,0,345,70,0,3,6,0,0,0,0,115,11.66,0,6.76,6.26,0,102,11.1,0,0,0,0,0,0,0
Saeed Ajmal,PAK,All-rounder,113,64,35,70,23,53,24,12,12,324,91,451,33,21*,50,7.04,8.27,11,535,86,0,60.56,105.81,0,0,0,0,0,0,1,11,3,9,112,63,0,6000,0,0,4182,1516,0,184,85,0,0,0,0,22.72,17.83,0,4.18,6.36,0,32.6,16.8,0,6,4,0,2,0,0
Salman Butt,PAK,Batter,78,24,33,78,23,62,4,2,0,2725,595,1889,136,74,122,36.82,28.33,30.46,3572,551,0,76.28,107.98,0,8,0,3,14,3,10,15,1,6,6,0,0,69,0,0,90,0,0,0,0,0,0,0,0,0,0,0,7.82,0,0,0,0,0,0,0,0,0,0,0
Sarfaraz Ahmed,PAK,Batter,116,58,49,90,41,86,22,12,13,2302,812,2657,105,89*,112,33.85,28,36.39,2622,641,0,87.79,126.67,0,2,0,3,11,3,18,1,2,4,1,0,0,12,0,0,15,0,0,0,0,0,0,0,0,0,0,0,7.5,0,0,0,0,0,0,0,0,0,0,0
Shabbir Ahmed,PAK,All-rounder,32,1,10,11,0,15,5,0,5,10,0,88,2,-,24*,1.66,0,8.8,29,0,0,34.48,0,0,0,0,0,0,0,0,0,0,4,32,1,0,1642,0,0,1192,19,0,33,0,0,0,0,0,36.12,0,0,4.35,9.5,0,49.7,0,0,0,0,0,0,0,0
Shadab Khan,PAK,Bowler,43,38,5,22,14,9,9,5,2,337,122,240,54,29,56,25.92,13.55,34.28,491,96,0,68.63,127.08,0,0,0,0,3,0,3,2,2,0,41,36,0,2088,0,0,1750,948,0,59,46,0,0,0,0,29.66,20.6,0,5.02,6.99,0,35.3,17.6,0,3,1,0,0,0,0
Shafiul Islam,BDESH,All-rounder,59,17,11,33,6,21,11,1,1,129,23,211,24*,16,53,5.86,4.6,10.55,235,33,0,54.89,69.69,0,0,0,0,0,0,1,9,1,2,59,17,0,2486,0,0,2453,459,0,69,16,0,0,0,0,35.55,28.68,0,5.92,8.1,0,36,21.2,0,4,0,0,0,0,0
Shahadat Hossain,BDESH,Batter,51,6,38,27,5,69,17,3,17,79,8,521,16*,4*,40,7.9,4,10.01,151,12,0,52.31,66.66,0,0,0,0,0,0,0,3,1,10,50,6,0,2198,0,0,2143,198,0,47,4,0,0,0,0,45.59,49.5,0,5.84,9.9,0,46.7,30,0,0,0,0,0,0,0
Shaheen Shah Afridi,PAK,All-rounder,19,10,7,8,1,11,6,1,2,42,0,39,19*,0*,14,21,0,4.33,64,2,0,65.62,0,0,0,0,0,0,0,0,1,0,3,18,10,0,924,0,0,847,288,0,40,14,0,0,0,0,21.17,20.57,0,5.5,7.57,0,23.1,16.2,0,4,0,0,1,0,0
Shahriar Nafees,BDESH,Batter,75,1,24,75,1,48,5,0,0,2201,25,1267,123*,25,138,31.44,25,26.39,3167,17,0,69.49,147.05,0,4,0,1,13,0,7,11,0,4,0,0,0,0,0,0,0,0,0,0,0,0,0,0,0,0,0,0,0,0,0,0,0,0,0,0,0,0,0,0
Shakib Al Hasan,BDESH,All-rounder,206,76,56,194,76,105,27,10,7,6323,1567,3862,134*,84,217,37.86,23.74,39.4,7641,1266,0,82.75,123.77,0,9,0,5,47,9,24,10,5,4,203,75,0,10517,0,0,7857,1894,0,260,92,0,0,0,0,30.21,20.58,0,4.48,6.81,0,40.4,18.1,0,8,3,0,2,1,0
Shamsur Rahman,BDESH,Batter,10,9,6,10,8,12,0,0,0,266,86,305,96,53,106,26.6,10.75,25.41,350,85,0,76,101.17,0,0,0,1,2,1,0,2,2,1,1,0,0,6,0,0,13,0,0,0,0,0,0,0,0,0,0,0,13,0,0,0,0,0,0,0,0,0,0,0
Sharjeel Khan,PAK,Batter,25,15,1,25,15,2,0,0,0,812,360,44,152,59,40,32.48,24,22,716,262,0,113.4,137.4,0,1,0,0,6,2,0,2,0,0,0,0,0,0,0,0,0,0,0,0,0,0,0,0,0,0,0,0,0,0,0,0,0,0,0,0,0,0,0,0
Shuvagata Hom,BDESH,Batter,4,5,8,3,4,15,1,2,4,70,35,244,35*,16*,50,35,17.5,22.18,86,35,0,81.39,100,0,0,0,0,0,0,1,0,0,3,1,4,0,12,0,0,9,71,0,0,2,0,0,0,0,0,35.5,0,4.5,6.45,0,0,33,0,0,0,0,0,0,0
Sikandar Raza,ZIM,Batter,97,32,12,93,30,24,15,0,0,2656,406,818,141,59,127,34.05,13.53,34.08,3249,384,0,81.74,105.72,0,3,0,1,14,1,6,1,0,3,71,22,0,2846,0,0,2269,376,0,59,11,0,0,0,0,38.45,34.18,0,4.78,8.17,0,48.2,25,0,0,0,0,0,0,0
Sohag Gazi,BDESH,All-rounder,20,10,10,16,7,16,4,3,1,184,57,325,30,24,101*,15.33,14.25,21.66,213,59,0,86.38,96.61,0,0,0,1,0,0,0,0,0,3,19,10,0,919,0,0,722,299,0,22,4,0,0,0,0,32.81,74.75,0,4.71,8.54,0,41.7,52.5,0,1,0,0,0,0,0
Sohail Khan,PAK,All-rounder,13,5,9,6,1,12,1,1,2,25,1,252,7,1*,65,5,0,25.2,51,1,0,49.01,100,0,0,0,0,0,0,1,0,0,0,13,5,0,666,0,0,597,123,0,19,5,0,0,0,0,31.42,24.6,0,5.37,8.2,0,35,18,0,0,0,0,1,0,0
Sohail Tanvir,PAK,Bowler,62,57,2,40,25,3,11,8,0,399,196,17,59,41,13,13.75,11.52,5.66,458,164,0,87.11,119.51,0,0,0,0,1,0,0,3,2,1,60,57,0,2949,0,0,2566,1454,0,71,54,0,0,0,0,36.14,26.92,0,5.22,7.18,0,41.5,22.4,0,3,0,0,1,0,0
Sohrawordi Shuvo,BDESH,All-rounder,17,1,1,10,1,2,3,1,0,98,1,15,20*,1*,15,14,0,7.5,135,3,0,72.59,33.33,0,0,0,0,0,0,0,0,0,1,17,1,0,762,0,0,572,12,0,14,0,0,0,0,0,40.85,0,0,4.5,12,0,54.4,0,0,0,0,0,0,0,0
Soumya Sarkar,BDESH,Batter,55,46,15,54,46,28,3,0,0,1728,791,818,127*,51,149,33.88,17.19,29.21,1753,648,0,98.57,122.06,0,2,0,1,11,1,4,5,8,1,14,13,0,324,0,0,318,249,0,9,6,0,0,0,0,35.33,41.5,0,5.88,10.59,0,36,23.5,0,0,0,0,0,0,0
Syed Rasel,BDESH,All-rounder,52,8,6,27,3,12,11,1,4,81,7,37,15,6,19,5.06,3.5,4.62,185,9,0,43.78,77.77,0,0,0,0,0,0,0,5,0,2,52,8,0,2657,0,0,2051,202,0,61,4,0,0,0,0,33.62,50.5,0,4.63,6.96,0,43.5,43.5,0,1,0,0,0,0,0
T Bavuma,SA,Batter,2,2,39,2,2,65,0,1,7,161,76,1812,113,49,102*,80.5,76,31.24,170,66,0,94.7,115.15,0,1,0,1,0,0,13,0,0,7,0,0,0,0,0,0,0,0,0,0,0,0,0,0,0,0,0,0,0,0,0,0,0,0,0,0,0,0,0,0
T Maruma,ZIM,Batter,21,13,1,18,13,2,1,4,0,196,100,20,35,23*,10,11.52,11.11,10,330,109,0,59.39,91.74,0,0,0,0,0,0,0,1,1,0,9,2,0,225,0,0,230,20,0,4,1,0,0,0,0,57.5,20,0,6.13,6.66,0,56.2,18,0,0,0,0,0,0,0
T Mupariwa,ZIM,All-rounder,40,4,1,32,2,2,10,2,1,185,5,15,33,3*,14,8.4,0,15,325,3,0,56.92,166.66,0,0,0,0,0,0,0,9,0,0,40,4,0,2019,0,0,1690,94,0,57,1,0,0,0,0,29.64,94,0,5.02,7.23,0,35.4,78,0,3,0,0,0,0,0
T Panyangara,ZIM,All-rounder,65,14,9,49,5,18,13,4,6,239,23,201,33,17*,40*,6.63,23,16.75,463,17,0,51.61,135.29,0,0,0,0,0,0,0,9,0,2,65,14,0,3242,0,0,3024,398,0,65,20,0,0,0,0,46.52,19.9,0,5.59,7.88,0,49.8,15.1,0,0,1,0,0,0,0
T Shamsi,SA,Bowler,17,16,2,3,3,4,2,2,3,0,0,20,0*,0*,18*,0,0,20,2,5,0,0,0,0,0,0,0,0,0,0,1,1,0,17,16,0,879,0,0,798,429,0,19,12,0,0,0,0,42,35.75,0,5.44,7.52,0,46.2,28.5,0,1,0,0,0,0,0
T Thushara,SL,All-rounder,38,6,10,27,2,14,6,0,3,392,4,94,54*,3,15*,18.66,2,8.54,424,8,0,92.45,50,0,0,0,0,1,0,0,4,0,3,38,6,0,1676,0,0,1393,179,0,50,7,0,0,0,0,27.86,25.57,0,4.98,8.13,0,33.5,18.8,0,0,0,0,1,0,0
TA Boult,NZ,Bowler,89,27,65,39,8,80,23,3,38,154,22,615,21*,8,52*,9.62,4.4,14.64,209,32,0,73.68,68.75,0,0,0,0,0,0,1,1,1,13,89,27,7503,4884,0,881328,4111,854,437431,164,39,15616,0,0,0,25.06,21.89,28.01,5.05,8.64,2.97,29.7,15.2,56.4,7,1,0,5,0,488
TAM Siriwardana,SL,Batter,27,22,5,24,19,9,1,3,0,516,275,298,66,42,68,22.43,17.18,33.11,525,208,0,98.28,132.21,0,0,0,0,3,0,2,1,4,1,21,13,0,601,0,0,547,206,0,9,8,0,0,0,0,60.77,25.75,0,5.46,8.95,0,66.7,17.2,0,0,0,0,0,0,0
TD Astle,NZ,All-rounder,9,3,4,5,2,4,2,0,0,79,4,56,49,3,35,26.33,2,14,77,10,0,102.59,40,0,0,0,0,0,0,0,0,0,1,8,3,0,270,0,0,246,69,0,10,3,0,0,0,0,24.6,23,0,5.46,8.62,0,27,16,0,0,0,0,0,0,0
TG Southee,NZ,Bowler,140,66,71,85,30,104,32,12,10,676,220,1662,55,39,77*,12.75,12.22,17.68,686,150,0,98.54,146.66,0,0,0,0,1,0,5,12,4,9,138,64,8052,7021,0,976122,6373,1954,491233,186,75,16470,0,0,0,34.26,26.05,29.82,5.44,8.36,3.01,37.7,18.6,59.2,4,0,0,3,1,549
TJ Murtagh,IRE,Bowler,58,14,3,36,5,6,12,3,2,188,26,109,23*,12*,54*,7.83,13,27.25,298,25,0,63.08,104,0,0,0,0,0,0,1,7,0,0,57,14,0,3020,0,0,2290,324,0,74,13,0,0,0,0,30.94,24.92,0,4.54,7.25,0,40.8,20.6,0,4,0,0,1,0,0
TK Curran,ENG,Bowler,17,15,2,11,6,3,7,4,1,178,36,66,47*,14*,39,44.5,18,33,166,27,0,107.22,133.33,0,0,0,0,0,0,0,2,0,0,17,15,0,762,0,0,805,418,0,27,16,0,0,0,0,29.81,26.12,0,6.33,8.7,0,28.2,18,0,1,1,0,1,0,0
TK Musakanda,ZIM,Batter,15,6,1,15,6,2,1,0,0,304,98,6,60,43,6,21.71,16.33,3,382,80,0,79.58,122.5,0,0,0,0,1,0,0,1,2,1,1,0,0,12,0,0,11,0,0,0,0,0,0,0,0,0,0,0,5.5,0,0,0,0,0,0,0,0,0,0,0
TL Best,WI,Batter,26,6,25,16,1,38,8,1,6,76,17,401,24,17*,95,9.5,0,12.53,125,9,0,60.8,188.88,0,0,0,0,0,0,1,1,0,9,26,6,0,1300,0,0,1157,154,0,34,6,0,0,0,0,34.02,25.66,0,5.34,7.7,0,38.2,20,0,2,0,0,0,0,0
TL Chatara,ZIM,All-rounder,70,21,9,45,3,16,20,0,2,165,15,90,23,8,22,6.6,5,6.42,336,18,0,49.1,83.33,0,0,0,0,0,0,0,8,1,5,70,21,0,3431,0,0,2905,591,0,95,25,0,0,0,0,30.57,23.64,0,5.08,7.88,0,36.1,18,0,1,0,0,0,0,0
TM Dilshan,SL,Batter,330,80,87,303,79,145,41,12,11,10290,1889,5492,161*,104*,193,39.27,28.19,40.98,11933,1567,0,86.23,120.54,0,22,1,16,47,13,23,11,10,14,204,25,0,5880,0,0,4778,313,0,106,9,0,0,0,0,45.07,34.77,0,4.87,7.27,0,55.4,28.6,0,3,0,0,0,0,0
TM Dowlin,WI,Batter,11,2,6,11,2,11,2,1,0,228,68,343,100*,37*,95,25.33,68,31.18,348,69,0,65.51,98.55,0,1,0,0,1,0,3,2,0,0,0,0,0,0,0,0,0,0,0,0,0,0,0,0,0,0,0,0,0,0,0,0,0,0,0,0,0,0,0,0
TM Head,AUS,Batter,42,16,16,39,15,27,2,3,2,1273,319,1081,128,48*,161,34.4,26.58,43.24,1414,245,0,90.02,130.2,0,1,0,2,10,0,7,1,0,2,26,3,0,765,0,0,737,39,0,12,1,0,0,0,0,61.41,39,0,5.78,9.75,0,63.7,24,0,0,0,0,0,0,0
TP Kamungozi,ZIM,All-rounder,14,1,1,11,0,2,6,0,0,27,0,5,12*,-,5,5.4,0,2.5,55,0,0,49.09,0,0,0,0,0,0,0,0,2,0,1,13,1,0,636,0,0,548,17,0,12,0,0,0,0,0,45.66,0,0,5.16,8.5,0,53,0,0,0,0,0,0,0,0
TR Ambrose,ENG,Batter,5,1,11,5,0,16,1,0,1,10,0,447,6,-,102,2.5,0,29.8,34,0,0,29.41,0,0,0,0,1,0,0,3,1,0,2,0,0,0,0,0,0,0,0,0,0,0,0,0,0,0,0,0,0,0,0,0,0,0,0,0,0,0,0,0,0
TS Chisoro,ZIM,All-rounder,18,12,1,15,6,1,6,2,0,134,40,9,42*,14*,9,14.88,10,9,218,42,0,61.46,95.23,0,0,0,0,0,0,0,2,0,0,16,12,0,768,0,0,556,316,0,20,12,0,0,0,0,27.8,26.33,0,4.34,6.86,0,38.4,23,0,0,0,0,0,0,0
TT Bresnan,ENG,All-rounder,85,34,23,64,22,26,20,9,4,871,216,575,80,47*,91,19.79,16.61,26.13,965,170,0,90.25,127.05,0,0,0,0,1,0,3,6,3,3,84,34,0,4221,0,0,3813,887,0,109,24,0,0,0,0,34.98,36.95,0,5.42,8.02,0,38.7,27.6,0,3,0,0,1,0,0
TWM Latham,NZ,Batter,95,13,49,88,10,86,9,0,3,2550,163,3554,137,39,264*,32.27,16.3,42.81,3096,157,0,82.36,103.82,0,4,0,11,15,0,16,7,0,8,0,0,0,0,0,0,0,0,0,0,0,0,0,0,0,0,0,0,0,0,0,0,0,0,0,0,0,0,0,0
Taijul Islam,BDESH,Batter,6,2,27,4,1,45,1,1,6,63,0,374,39*,0*,39*,21,0,9.58,77,1,0,81.81,0,0,0,0,0,0,0,0,0,0,5,6,2,0,342,0,0,220,58,0,6,1,0,0,0,0,36.66,58,0,3.85,8.28,0,57,42,0,1,0,0,0,0,0
Tanvir Ahmed,PAK,Batter,2,1,5,1,0,7,0,0,2,18,0,170,18,-,57,18,0,34,12,0,0,150,0,0,0,0,0,0,0,1,0,0,0,2,1,0,60,0,0,83,13,0,2,1,0,0,0,0,41.5,13,0,8.3,4.33,0,30,18,0,0,0,0,0,0,0
Taskin Ahmed,BDESH,All-rounder,32,19,5,16,6,10,6,3,0,41,29,68,14,15*,33,4.1,9.66,6.8,99,31,0,41.41,93.54,0,0,0,0,0,0,0,3,1,1,31,17,0,1413,0,0,1401,438,0,45,12,0,0,0,0,31.13,36.5,0,5.94,7.84,0,31.4,27.9,0,2,0,0,1,0,0
UT Khawaja,AUS,Batter,40,9,44,39,9,77,2,0,6,1554,241,2887,104,58,174,42,26.77,40.66,1848,182,0,84.09,132.41,0,2,0,8,12,1,14,2,0,4,0,0,0,0,0,0,0,0,0,0,0,0,0,0,0,0,0,0,0,0,0,0,0,0,0,0,0,0,0,0
UT Yadav,INDIA,All-rounder,75,7,45,24,1,50,14,0,22,79,2,339,18*,2,31,7.9,2,12.1,134,4,0,58.95,50,0,0,0,0,0,0,0,4,0,5,73,7,0,3558,0,0,3565,219,0,106,9,0,0,0,0,33.63,24.33,0,6.01,8.76,0,33.5,16.6,0,4,0,0,0,0,0
UWMBCA Welegedara,SL,Batter,10,2,21,3,1,30,2,1,6,4,2,218,2*,2*,48,4,0,9.08,9,3,0,44.44,66.66,0,0,0,0,0,0,0,0,0,4,9,2,0,457,0,0,433,61,0,15,1,0,0,0,0,28.86,61,0,5.68,10.16,0,30.4,36,0,0,0,0,1,0,0
Umar Akmal,PAK,Batter,121,84,16,110,79,30,17,14,2,3194,1690,1003,102*,94,129,34.34,26,35.82,3712,1377,0,86.04,122.73,0,2,0,1,20,8,6,8,10,1,0,0,0,0,0,0,0,0,0,0,0,0,0,0,0,0,0,0,0,0,0,0,0,0,0,0,0,0,0,0
Umar Amin,PAK,Batter,16,14,4,16,9,8,1,0,0,271,142,99,59,47,33,18.06,15.77,12.37,392,123,0,69.13,115.44,0,0,0,0,1,0,0,0,3,1,3,0,0,42,0,0,24,0,0,0,0,0,0,0,0,0,0,0,3.42,0,0,0,0,0,0,0,0,0,0,0
Umar Gul,PAK,All-rounder,130,60,47,65,27,67,18,9,9,457,165,577,39,32,65*,9.72,9.16,9.94,642,156,0,71.18,105.76,0,0,0,0,0,0,1,10,6,15,128,60,0,6064,0,0,5253,1443,0,179,85,0,0,0,0,29.34,16.97,0,5.19,7.19,0,33.8,14.1,0,4,4,0,2,2,0
Usman Shinwari,PAK,Bowler,17,16,1,4,3,0,1,3,0,6,2,0,6,2*,-,2,0,0,7,3,0,85.71,66.66,0,0,0,0,0,0,0,2,0,0,17,16,0,768,0,0,633,424,0,34,13,0,0,0,0,18.61,32.61,0,4.94,8.31,0,22.5,23.5,0,3,0,0,2,0,0
V Kohli,INDIA,Batter,242,75,84,233,70,141,39,20,10,11609,2633,7202,183,94*,254*,59.84,52.66,54.97,12445,1907,0,93.28,138.07,0,43,0,27,55,24,22,13,2,10,48,12,0,641,0,0,665,198,0,4,4,0,0,0,0,166.25,49.5,0,6.22,8.13,0,160.2,36.5,0,0,0,0,0,0,0
V Permaul,WI,Batter,7,1,6,4,0,9,1,0,1,19,0,98,10,-,23*,6.33,0,12.25,26,0,0,73.07,0,0,0,0,0,0,0,0,0,0,3,7,1,0,331,0,0,271,8,0,8,0,0,0,0,0,33.87,0,0,4.91,16,0,41.3,0,0,0,0,0,0,0,0
VD Philander,SA,Batter,30,7,61,19,4,88,7,0,19,151,14,1700,30*,6,74,12.58,3.5,24.63,213,28,0,70.89,50,0,0,0,0,0,0,8,3,0,8,28,6,0,1279,0,0,986,114,0,41,4,0,0,0,0,24.04,28.5,0,4.62,8.24,0,31.1,20.7,0,2,0,0,0,0,0
WB Rankin,IRE,Bowler,73,48,3,32,15,6,19,8,1,86,64,43,18*,16*,17,6.61,9.14,8.6,198,74,0,43.43,86.48,0,0,0,0,0,0,0,4,2,1,71,47,0,3600,0,0,2893,1138,0,104,53,0,0,0,0,27.81,21.47,0,4.82,6.69,0,34.6,19.2,0,4,0,0,0,0,0
WD Parnell,SA,Bowler,65,40,6,38,13,4,14,9,0,508,114,67,56,29*,23,21.16,28.5,16.75,648,96,0,78.39,118.75,0,0,0,0,1,0,0,3,0,0,61,39,0,2911,0,0,2738,1038,0,94,41,0,0,0,0,29.12,25.31,0,5.64,8.31,0,30.9,18.2,0,3,1,0,2,0,0
WP Masakadza,ZIM,Bowler,17,12,1,10,6,2,1,3,0,53,25,21,15,6*,17,5.88,8.33,10.5,125,30,0,42.4,83.33,0,0,0,0,0,0,0,3,0,0,16,12,0,859,0,0,734,312,0,21,12,0,0,0,0,34.95,26,0,5.12,7.8,0,40.9,20,0,1,1,0,0,0,0
WTS Porterfield,IRE,Batter,136,61,3,133,59,6,3,6,0,4037,1079,58,139,72,32,31.05,20.35,9.66,5818,971,0,69.38,111.12,0,11,0,0,17,3,0,9,5,1,0,0,0,0,0,0,0,0,0,0,0,0,0,0,0,0,0,0,0,0,0,0,0,0,0,0,0,0,0,0
WW Hinds,WI,Batter,119,5,45,111,5,80,10,1,1,2880,30,2608,127*,14,213,28.51,7.5,33.01,4393,41,0,65.55,73.17,0,5,0,5,14,0,14,8,1,6,34,0,0,945,0,0,837,0,0,28,0,0,0,0,0,29.89,0,0,5.31,0,0,33.7,0,0,0,0,0,0,0,0
Wahab Riaz,PAK,All-rounder,89,31,27,64,17,41,15,6,5,680,145,306,54*,30*,39,13.87,13.18,8.5,787,118,0,86.4,122.88,0,0,0,0,2,0,0,12,2,9,88,30,0,4209,0,0,4011,813,0,115,30,0,0,0,0,34.87,27.1,0,5.71,8,0,36.6,20.3,0,4,0,0,1,0,0
XJ Doherty,AUS,Bowler,60,11,4,23,4,7,16,3,3,101,18,51,15*,9*,18*,14.42,18,12.75,184,17,0,54.89,105.88,0,0,0,0,0,0,0,2,0,0,56,11,0,2792,0,0,2224,300,0,55,10,0,0,0,0,40.43,30,0,4.77,7.89,0,50.7,22.8,0,3,0,0,0,0,0
Yamin Ahmadzai,AFG,Batter,4,2,4,2,1,7,1,1,0,3,1,31,3*,1*,18,3,0,4.42,19,1,0,15.78,100,0,0,0,0,0,0,0,1,0,2,4,2,0,160,0,0,139,65,0,2,5,0,0,0,0,69.5,13,0,5.21,9.06,0,80,8.6,0,0,0,0,0,0,0
Yasir Arafat,PAK,All-rounder,11,13,3,8,11,3,3,4,1,74,92,94,27,17,50*,14.8,13.14,47,110,79,0,67.27,116.45,0,0,0,0,0,0,1,0,0,1,10,13,0,414,0,0,373,316,0,4,16,0,0,0,0,93.25,19.75,0,5.4,8.03,0,103.5,14.7,0,0,0,0,0,0,0
Yasir Shah,PAK,Batter,25,2,38,13,1,57,6,1,6,127,11,702,32*,11*,113,18.14,0,13.76,149,7,0,85.23,157.14,0,0,0,1,0,0,0,2,0,9,24,2,0,1293,0,0,1150,39,0,24,0,0,0,0,0,47.91,0,0,5.33,9.75,0,53.8,0,0,1,0,0,1,0,0
Younis Khan,PAK,Batter,265,25,118,255,23,213,23,3,19,7249,442,10099,144,51,313,31.24,22.1,52.05,9628,364,0,75.29,121.42,0,7,0,34,48,2,33,22,2,19,20,1,0,284,0,0,288,18,0,3,3,0,0,0,0,96,6,0,6.08,4.9,0,94.6,7.3,0,0,0,0,0,0,0
Ziaur Rahman,BDESH,All-rounder,13,14,1,11,12,2,0,3,0,124,117,14,41,40*,14,11.27,13,7,110,91,0,112.72,128.57,0,0,0,0,0,0,0,3,3,1,11,7,0,390,0,0,301,127,0,10,3,0,0,0,0,30.1,42.33,0,4.63,10.16,0,39,25,0,0,0,0,1,0,0
Zulfiqar Babar,PAK,Batter,5,7,15,5,3,18,3,3,9,35,27,144,14*,13*,56,17.5,0,16,40,27,0,87.5,100,0,0,0,0,0,0,1,0,0,2,5,7,0,294,0,0,246,185,0,4,12,0,0,0,0,61.5,15.41,0,5.02,7.11,0,73.5,13,0,0,0,0,0,0,0
Zulqarnain Haider,PAK,Batter,4,3,1,4,3,2,2,0,0,48,23,88,19*,17,88,24,7.66,44,68,30,0,70.58,76.66,0,0,0,0,0,0,1,0,0,1,0,0,0,0,0,0,0,0,0,0,0,0,0,0,0,0,0,0,0,0,0,0,0,0,0,0,0,0,0,0
